col_1,col_2,col_3,col_4,col_5,col_6,col_7,col_8,col_9,col_10,col_11,col_12,col_13,col_14,col_15,cluster,class
2,117,5,3,3,6,2,14,0,0,0,0,0,165,36,100,0
2,138,179,2,1,6,8,60,1,1,5,1,0,-11,129,101,0
1,280,86,2,1,7,4,36,1,0,0,0,2,6,0,102,0
2,111,19,3,3,5,3,82,0,0,0,0,0,4,-3,100,1
2,89,33,2,1,6,7,5,1,1,17,0,0,-6,127,101,0
2,145,106,0,1,5,8,26,1,0,0,0,2,119,-2,102,0
2,354,28,2,1,3,4,4,1,1,9,0,0,-14,125,101,0
1,227,155,2,1,5,8,29,1,1,9,1,0,-1,129,103,0
1,261,54,2,1,7,1,5,0,0,0,0,0,53,-2,2,1
1,274,34,2,2,8,7,116,0,0,0,0,2,101,0,102,1
2,258,234,2,1,11,3,1,1,0,0,0,0,-12,-6,2,0
2,74,100,2,1,2,5,52,1,1,1,1,0,115,-20,103,0
2,268,180,2,1,11,4,52,1,1,7,0,0,-8,1,0,0
1,103,15,3,3,6,8,31,0,0,0,0,0,-2,15,100,1
1,47,135,3,3,3,0,78,0,0,0,0,0,12,23,100,1
1,380,222,2,1,14,4,35,1,1,14,0,0,-22,52,101,0
2,348,126,2,1,9,6,74,1,1,1,0,0,92,155,101,0
2,376,158,2,1,10,4,81,1,1,1,1,0,138,-12,0,0
2,120,54,2,1,7,8,22,0,0,0,1,2,73,-2,102,1
2,238,52,2,1,7,1,38,0,1,6,0,0,51,131,2,1
1,251,194,2,1,11,4,76,1,1,12,1,0,-9,113,0,0
2,78,16,3,3,8,8,37,1,0,0,1,0,8,-1,100,1
1,261,35,2,1,7,4,72,1,1,4,1,0,111,75,0,0
2,300,153,2,3,12,5,67,1,1,3,1,0,1,143,101,0
2,284,125,3,3,7,6,10,1,1,1,1,0,58,-3,103,0
2,215,17,2,1,4,8,83,1,1,17,0,0,112,116,0,0
2,135,137,3,3,5,5,1,1,1,14,1,0,140,38,101,0
2,99,160,3,1,11,4,92,1,1,2,1,0,128,7,103,0
2,287,13,3,3,5,6,3,1,1,1,1,0,158,43,101,0
2,110,11,2,1,3,8,25,1,1,17,1,0,-2,-8,101,0
2,294,234,2,1,7,4,22,1,1,12,1,0,-23,-4,101,0
2,148,35,3,3,14,8,-6,0,1,1,1,0,91,20,100,0
1,141,47,3,1,8,4,16,1,1,17,1,0,124,-4,103,0
1,275,147,2,1,7,1,104,1,1,6,1,0,-3,-2,0,0
0,300,23,2,1,14,4,44,1,1,4,1,0,87,-3,100,0
1,56,91,2,1,14,7,79,1,1,12,0,0,-6,19,101,0
2,31,1,3,3,3,5,87,1,1,8,1,0,26,2,103,0
2,31,182,2,1,4,4,47,1,1,9,1,0,99,91,101,0
2,72,140,3,3,1,8,3,1,1,1,1,0,151,-22,103,0
2,300,26,2,1,4,8,84,1,0,5,1,2,63,134,102,0
2,214,148,2,1,11,3,90,1,1,2,0,0,173,75,101,0
2,66,168,3,1,3,4,68,1,1,12,1,0,-11,14,101,0
2,316,167,2,1,7,8,4,1,1,5,0,0,-4,2,0,0
1,37,22,3,3,13,8,23,1,1,1,1,0,27,7,103,0
1,397,21,0,0,0,2,6,0,0,0,0,2,21,-1,102,0
2,333,141,2,1,11,8,90,1,1,17,1,0,-7,28,0,0
2,241,158,2,3,5,8,36,0,0,0,0,0,3,0,2,1
1,57,132,2,3,5,3,21,1,1,1,0,0,-17,-31,2,1
2,104,150,3,3,8,8,21,1,1,1,1,0,141,10,103,0
2,47,34,2,1,2,3,40,0,0,0,1,0,35,-3,2,1
2,224,61,2,1,14,1,39,0,1,1,1,0,9,75,2,1
2,252,130,2,1,14,5,108,1,1,8,0,0,7,157,101,0
1,296,135,2,1,8,4,103,1,1,10,1,0,55,145,101,0
1,261,33,2,3,7,7,4,0,0,0,0,0,6,18,100,1
2,273,174,2,1,7,4,41,0,0,0,1,0,52,-3,102,0
2,219,104,2,1,7,1,36,0,0,0,0,0,9,1,2,1
2,157,161,2,1,2,6,21,1,1,17,1,0,-7,69,101,0
2,348,179,0,0,0,0,6,0,0,0,0,1,145,0,102,1
2,218,77,3,3,7,3,0,0,0,0,1,0,49,35,100,1
2,189,34,2,1,7,8,1,0,1,4,1,0,40,4,2,1
2,112,34,2,1,7,6,88,0,0,0,0,1,20,0,102,1
2,50,63,3,3,7,3,-2,0,1,1,1,0,38,16,100,1
2,291,57,2,1,5,1,29,1,1,9,1,0,79,54,0,0
1,331,29,3,1,10,4,71,1,0,0,0,0,151,1,100,0
2,71,165,3,3,14,2,29,0,0,0,1,0,0,6,100,1
2,91,72,3,3,4,8,-1,0,1,1,1,0,39,9,100,1
2,312,142,3,1,1,1,30,1,1,4,0,0,83,14,103,0
2,398,21,2,1,8,6,4,0,0,0,0,0,73,64,2,1
2,82,55,3,3,13,8,-6,1,0,1,1,0,75,-12,100,1
1,121,40,2,1,7,1,40,1,1,6,0,0,-2,75,2,1
1,357,180,2,1,14,6,112,1,1,22,0,0,100,135,101,0
2,281,115,2,1,11,4,61,1,1,5,0,0,36,127,101,0
2,93,69,3,3,2,2,0,1,1,12,1,0,177,-19,103,0
2,176,115,2,1,14,4,30,1,0,0,1,2,85,-2,102,0
2,185,63,3,3,5,7,13,1,1,1,1,0,174,-23,103,0
2,294,137,2,1,5,6,36,1,1,1,1,0,141,18,101,0
2,82,67,3,3,8,1,48,0,1,0,1,0,25,23,100,1
2,103,53,2,1,7,3,6,0,0,5,0,0,13,80,2,1
2,127,67,3,3,5,8,9,1,1,1,1,0,81,0,103,0
2,246,17,2,1,11,4,94,1,1,1,1,0,60,-3,0,0
1,326,135,2,1,8,4,36,1,0,0,1,2,-1,-5,102,0
1,43,27,3,3,7,8,61,1,1,1,1,0,137,10,103,0
2,135,51,2,1,7,8,28,1,0,0,1,2,-1,0,102,1
2,286,53,2,1,7,6,30,0,0,0,0,0,25,0,102,1
1,189,118,2,1,6,8,43,1,1,4,1,0,138,106,0,0
1,267,196,2,1,11,4,57,1,1,6,1,2,-8,-3,0,0
1,75,17,0,0,0,7,32,0,0,0,0,2,10,1,102,0
2,199,158,2,1,1,3,28,0,0,0,0,0,36,1,102,1
2,85,104,3,3,3,6,33,0,0,0,0,0,-6,28,100,1
2,220,161,3,3,8,8,59,1,1,1,1,0,174,117,103,0
2,275,81,3,3,2,3,36,1,1,1,1,0,52,-18,103,0
2,21,39,2,1,13,8,2,0,0,0,0,0,61,82,2,1
2,182,52,2,1,8,6,15,0,0,0,0,2,155,0,102,0
1,78,153,2,1,7,4,88,1,1,4,1,0,-2,9,0,0
2,74,170,2,1,7,1,35,1,1,19,0,0,4,163,101,0
2,198,165,2,1,7,1,53,0,0,0,0,0,45,47,2,1
2,47,93,2,3,2,4,39,1,1,1,1,0,3,-7,0,0
1,255,162,2,2,14,6,85,1,1,13,1,0,76,10,101,0
2,6,145,3,3,8,6,7,1,1,1,1,0,6,-11,103,0
2,122,163,2,1,5,5,5,1,1,1,0,0,84,75,101,0
2,368,149,2,1,3,5,61,1,1,10,0,0,87,44,101,0
1,149,163,2,1,11,8,61,1,1,4,0,0,-10,151,101,0
1,61,133,3,3,2,4,79,1,1,1,1,0,41,-15,100,0
2,375,101,2,1,5,6,53,1,1,9,0,0,-13,61,101,0
2,178,78,2,1,7,1,4,0,0,0,0,2,10,-1,102,1
2,159,48,3,3,6,8,6,1,1,12,1,0,105,-21,103,0
2,80,51,3,3,1,3,1,0,0,0,0,0,3,28,100,0
1,61,42,3,3,13,8,0,0,0,0,1,0,22,1,100,1
1,327,171,2,1,14,5,93,1,1,12,0,0,-11,57,101,0
1,292,151,2,1,7,1,53,1,1,4,0,0,69,63,0,0
1,201,146,2,1,7,1,97,1,1,2,1,0,50,-2,2,0
1,4,228,2,1,2,4,50,1,1,4,1,0,-10,-1,0,0
2,268,135,2,1,11,4,52,1,1,4,0,0,-8,1,0,0
2,152,138,2,1,3,5,69,1,1,9,0,0,-18,80,101,0
2,71,66,3,3,7,6,89,1,1,1,1,0,3,2,100,1
2,196,193,2,1,7,1,34,0,1,1,1,0,57,0,2,0
2,299,51,2,1,9,7,74,0,0,0,1,2,18,0,102,1
2,90,178,3,3,8,3,16,0,0,0,1,0,50,25,100,1
2,140,155,2,3,14,4,39,1,0,0,0,0,74,20,0,0
1,41,138,2,1,7,6,38,0,0,0,0,0,-3,19,100,1
2,126,45,3,3,1,6,4,1,1,1,1,0,92,6,103,0
2,356,54,3,3,14,3,23,0,1,2,1,0,55,-3,100,1
2,196,93,2,1,6,8,7,1,1,17,1,0,59,11,101,0
2,70,143,3,3,5,6,6,1,0,0,1,0,95,-6,103,0
1,145,111,2,1,14,8,78,1,1,5,0,0,-15,108,101,0
2,290,19,2,3,5,4,4,1,1,5,0,0,22,23,101,0
1,91,29,2,1,7,1,86,0,1,1,1,0,41,77,2,1
1,196,91,3,3,4,5,7,1,1,12,1,0,117,12,103,0
2,313,144,2,0,9,0,26,1,0,0,1,2,174,0,102,0
1,166,18,3,3,5,8,4,0,0,0,1,0,-2,22,100,1
2,250,49,2,1,9,1,10,0,0,0,0,2,11,0,102,1
2,72,72,2,1,13,4,92,0,1,1,1,0,16,12,2,1
1,315,171,2,1,10,3,42,1,1,10,1,0,19,158,101,0
2,147,186,2,1,7,4,96,1,1,3,0,0,2,178,101,0
1,323,149,2,1,7,4,-3,1,1,11,0,0,41,213,101,0
2,109,58,3,3,10,8,24,1,0,0,0,0,-5,29,100,1
2,192,22,2,1,8,1,95,0,0,0,0,0,15,0,102,1
2,86,135,3,3,2,6,73,1,0,0,0,0,16,0,100,0
2,266,39,2,1,12,1,36,0,0,0,1,2,50,-1,102,1
1,285,47,2,1,14,1,89,1,1,1,1,0,137,35,0,0
2,66,144,3,3,5,8,1,0,0,0,0,0,41,22,100,1
2,268,57,3,1,8,7,6,1,0,0,1,0,3,23,100,0
2,338,155,2,1,6,4,96,1,1,11,0,0,123,136,101,0
1,226,164,3,1,6,5,9,1,1,3,1,0,71,78,103,0
2,84,31,2,1,9,8,33,1,0,4,1,0,136,2,0,0
1,37,216,2,1,11,4,13,1,1,4,1,0,3,-8,0,0
1,403,139,2,1,14,4,21,1,1,10,0,0,-4,189,101,0
1,207,172,2,1,7,1,26,0,0,0,0,2,-2,-2,102,1
1,271,198,2,1,7,1,25,1,1,6,0,0,6,3,0,1
2,258,179,3,1,14,4,51,1,1,5,1,0,117,-12,103,0
2,216,202,2,1,7,3,23,0,0,0,0,0,-5,66,2,1
1,156,226,2,1,11,1,59,0,1,12,0,0,9,69,2,1
2,288,21,2,1,14,3,7,1,1,1,1,0,62,33,2,0
2,143,134,2,1,2,8,1,0,0,0,0,0,1,75,2,1
1,214,177,2,1,8,4,2,1,1,13,1,0,118,-29,101,0
2,42,89,3,3,7,8,6,0,0,0,1,0,20,1,100,1
1,359,143,2,1,2,4,100,1,1,4,0,0,50,79,101,0
1,327,206,2,1,11,4,69,1,1,4,1,0,-15,127,0,0
1,46,96,2,1,4,3,7,0,1,1,1,0,0,29,2,1
1,27,73,2,1,11,4,84,1,1,4,1,2,-12,-2,0,0
1,51,112,2,1,10,1,41,0,1,2,1,0,19,-5,2,1
2,263,191,2,1,11,4,71,1,1,4,0,0,-11,-2,0,0
2,69,12,3,3,2,6,4,0,0,0,0,0,2,-1,100,1
2,132,11,3,3,1,8,-5,1,1,1,1,0,149,-23,103,0
2,61,53,2,1,7,1,106,0,1,4,1,0,23,74,2,1
2,265,145,2,1,11,4,79,1,1,5,1,0,4,149,0,0
2,348,68,3,3,9,6,36,1,1,4,1,0,53,-5,103,0
2,70,10,3,3,2,3,-2,0,0,0,0,0,39,20,100,1
1,130,142,3,3,6,6,2,1,1,9,1,0,136,-6,103,0
2,333,84,2,1,7,1,65,1,1,4,1,0,91,41,101,0
2,147,1,3,3,14,3,75,0,1,1,0,0,16,31,103,1
2,85,91,3,3,2,8,2,1,1,1,1,0,146,4,0,0
2,138,24,0,1,8,8,21,0,0,0,0,1,2,-1,102,1
2,327,122,2,1,4,6,4,1,1,4,0,0,54,181,101,0
2,245,170,2,1,8,9,79,1,1,17,1,0,125,142,101,0
1,139,176,2,1,2,4,102,1,1,17,0,0,6,15,101,0
2,84,144,3,3,5,6,30,0,0,0,0,0,38,1,100,1
2,88,67,2,1,4,4,62,1,1,1,1,0,19,93,101,0
2,118,12,3,3,5,8,12,1,1,1,1,0,113,-27,103,0
2,328,188,2,1,2,4,72,1,1,14,1,0,1,136,101,0
1,288,152,3,1,1,4,22,1,0,0,1,0,43,24,100,0
1,74,180,2,1,7,1,-1,0,1,6,1,0,3,31,2,1
2,305,138,2,1,6,6,94,1,1,5,1,0,56,53,0,0
2,287,110,2,1,14,8,12,1,1,4,1,0,133,-7,0,0
2,241,221,2,1,7,4,93,1,1,2,1,0,10,83,101,0
2,168,14,3,3,5,6,-5,0,0,0,0,2,153,-2,102,0
2,303,129,3,3,9,6,5,0,0,0,0,0,34,17,100,1
2,356,139,2,1,6,9,85,1,1,11,0,0,110,90,101,0
2,343,42,2,1,14,7,74,1,0,0,0,2,79,-2,102,0
1,271,38,3,3,2,8,33,1,1,1,1,0,3,-5,103,0
2,74,164,3,3,10,0,-3,0,0,0,0,0,-9,-2,100,1
2,103,-6,3,3,8,8,3,0,0,0,0,1,168,36,102,0
2,216,147,2,1,7,1,37,1,1,1,0,0,42,32,101,0
2,339,90,2,1,7,7,37,0,0,0,0,2,145,-4,102,0
1,291,98,2,1,11,3,68,1,1,4,1,0,-12,35,0,0
2,359,123,3,3,12,6,4,1,0,0,0,0,171,27,103,0
2,94,190,2,1,6,8,65,1,1,1,1,0,14,18,0,1
2,246,47,2,1,7,1,2,0,0,2,0,0,58,81,2,1
1,310,12,0,0,0,6,5,0,0,0,0,2,182,-1,102,0
2,100,144,3,3,5,8,9,1,0,1,1,0,33,0,100,0
2,67,31,2,1,7,1,72,0,1,4,1,0,66,65,2,1
2,374,24,3,1,3,4,40,1,1,1,1,0,87,3,103,0
2,204,38,2,1,14,8,42,1,1,17,1,0,83,0,0,0
2,303,214,2,1,11,4,39,1,1,13,0,0,-10,134,101,0
1,64,53,2,1,7,4,2,1,0,2,0,0,1,-2,102,0
2,249,66,2,1,7,1,21,0,0,0,1,0,36,-1,2,1
1,268,204,2,1,4,8,37,0,0,0,1,0,0,-1,2,1
1,157,187,2,1,11,4,64,1,1,10,1,0,-11,48,0,0
2,71,11,3,3,1,3,-1,1,1,1,1,0,34,1,103,0
2,247,148,2,1,7,1,46,1,1,7,1,0,50,74,2,1
1,120,26,2,1,2,1,9,0,0,0,0,0,6,112,2,1
2,134,66,3,3,1,8,112,1,0,0,1,2,83,0,102,1
1,80,32,2,1,2,8,37,1,1,5,1,0,-10,-6,0,0
1,169,70,3,3,2,8,55,1,1,12,1,0,11,5,100,0
2,163,17,3,1,8,8,15,1,1,1,1,0,66,26,101,0
2,141,28,2,1,1,8,-3,0,1,1,0,0,35,-7,100,1
2,91,203,2,1,2,4,48,1,1,1,0,0,153,45,101,0
1,93,144,3,3,6,0,0,0,0,0,0,1,1,1,102,1
2,90,86,2,1,11,4,69,1,1,6,1,0,-16,0,0,0
1,296,76,3,1,6,6,26,1,1,11,1,0,11,-2,101,0
2,45,105,2,1,7,4,93,0,1,0,1,2,9,-2,2,0
2,350,18,2,1,11,3,90,1,0,4,0,0,20,27,0,0
2,59,9,3,3,7,1,9,1,1,1,1,0,66,51,100,0
2,184,161,2,3,5,5,-5,1,1,17,0,0,4,82,101,0
2,63,44,3,3,7,8,4,1,1,1,1,0,171,-7,103,1
2,79,144,2,1,14,7,23,1,1,12,0,0,121,-7,101,0
1,310,75,2,1,7,1,58,0,0,0,1,2,11,-2,102,1
1,374,160,2,1,3,4,59,1,1,14,0,0,-19,115,101,0
2,286,158,2,1,12,4,81,1,1,4,1,0,97,9,0,0
2,108,95,2,1,11,1,38,1,0,0,1,0,83,0,0,0
1,276,16,2,3,3,6,40,1,1,4,1,0,16,-3,0,0
2,270,144,3,3,2,3,2,0,0,0,0,0,43,-5,100,1
2,308,92,2,1,13,6,8,1,1,1,1,0,89,-1,0,0
2,226,30,2,1,8,1,34,0,0,0,1,2,4,0,102,0
2,311,159,2,1,3,5,66,1,1,10,0,0,-12,85,101,0
2,128,93,3,3,4,8,9,0,0,0,0,0,34,0,100,1
2,105,174,2,1,5,4,31,0,0,0,0,2,-5,0,102,1
2,268,50,2,1,11,4,74,1,1,1,1,0,11,0,0,0
2,372,184,2,1,3,4,43,1,1,11,0,0,-9,141,101,0
2,167,150,2,1,11,8,79,1,1,7,0,0,43,-1,0,0
2,104,145,2,1,9,6,8,1,0,6,0,0,14,21,103,1
1,237,163,2,1,8,4,29,1,0,0,1,0,-10,-1,103,0
2,97,80,2,1,7,6,95,1,1,4,1,0,6,22,2,0
2,83,164,2,1,5,4,22,1,1,16,1,0,-1,62,0,0
2,123,61,3,1,5,8,-1,1,1,1,1,0,135,-26,103,0
2,123,35,2,1,7,1,-2,0,1,0,0,0,19,74,2,1
1,273,18,2,3,7,6,23,0,0,0,1,0,-6,23,102,1
2,245,183,3,3,12,8,13,1,1,2,1,0,113,-5,103,0
2,273,143,3,3,1,8,18,0,0,0,1,0,54,28,100,1
2,95,30,3,3,5,8,-3,1,0,1,1,0,109,-34,103,0
2,102,174,2,1,8,6,0,1,1,18,1,0,4,9,101,0
2,281,122,2,1,7,1,40,1,0,0,1,2,7,-2,102,1
2,71,139,3,3,13,8,-3,0,0,0,1,0,5,14,100,1
2,295,180,3,1,7,4,76,0,0,0,1,0,9,-3,100,1
2,20,45,2,1,7,1,7,0,0,0,0,0,32,1,2,1
2,311,208,2,1,7,1,35,1,1,4,0,0,0,-2,101,0
2,217,8,3,1,10,8,93,0,0,0,1,2,73,-2,102,0
1,318,198,2,1,8,4,28,1,0,4,0,2,96,-1,102,0
2,202,210,2,1,7,1,48,1,1,0,1,2,4,0,102,0
1,258,216,2,1,8,7,67,1,1,11,0,0,124,44,101,0
2,318,141,2,1,3,5,58,1,1,16,0,0,-16,114,101,0
1,230,32,2,1,7,1,32,0,0,0,1,0,15,-1,102,1
1,138,151,2,1,14,4,13,1,1,1,1,0,-1,55,2,1
2,124,59,3,3,2,2,13,1,0,0,1,0,121,20,100,0
1,208,214,2,1,11,4,58,1,1,5,0,0,-5,63,0,0
1,365,15,3,1,5,8,88,0,0,0,0,0,24,0,100,1
0,106,25,3,3,5,6,10,1,0,0,0,0,2,20,103,0
2,265,149,2,1,7,1,95,1,0,4,1,0,7,-3,102,0
2,257,172,2,1,7,1,92,1,1,4,1,0,-4,51,0,0
1,207,38,2,1,7,1,10,1,1,4,1,0,83,79,0,0
2,121,72,3,3,5,8,0,0,0,0,0,0,18,36,100,1
2,242,151,3,3,5,6,88,0,1,1,1,0,4,22,103,1
1,120,25,2,1,11,8,72,1,1,5,0,0,117,119,0,0
2,101,49,3,3,8,8,5,1,1,1,1,0,113,-28,103,0
1,25,34,3,3,7,5,20,0,0,0,1,0,34,14,100,1
2,85,81,3,3,4,8,30,1,1,10,1,0,5,12,103,0
2,124,9,0,0,5,6,3,0,0,0,0,1,170,0,102,0
2,222,186,2,1,7,1,61,0,0,0,1,0,-5,-2,2,1
2,277,142,2,1,1,5,53,1,1,12,1,0,-11,78,101,0
1,127,23,2,1,11,1,99,1,1,12,1,0,0,55,0,0
2,147,13,3,3,3,8,3,1,0,0,1,0,-6,-25,103,0
2,167,54,2,1,10,8,15,1,1,16,1,0,120,51,0,0
2,309,208,2,1,11,4,90,1,1,4,1,0,84,-2,0,0
1,259,198,2,1,7,1,65,1,1,6,1,0,25,5,101,0
1,225,172,2,1,7,4,26,1,0,0,0,0,2,0,0,0
2,85,149,3,3,5,6,23,1,1,1,1,0,-1,59,103,0
2,385,-6,3,0,0,0,-6,0,0,0,0,1,157,1,100,0
1,170,173,3,1,8,6,16,1,1,5,1,0,135,0,103,0
1,298,29,0,1,2,3,7,0,0,0,0,0,50,74,102,1
1,307,192,2,1,14,4,31,1,1,19,1,0,127,20,0,0
2,308,69,2,1,7,1,26,0,0,0,1,2,-9,1,102,1
2,118,165,2,1,5,8,55,1,1,5,1,0,148,-22,101,0
2,158,63,3,3,5,8,-3,1,1,1,0,0,9,96,103,1
1,330,77,2,1,7,1,32,0,0,0,0,2,15,1,102,1
2,111,32,2,1,2,8,45,1,1,22,1,0,-2,-1,0,1
2,92,182,2,1,14,1,31,1,1,14,1,0,-7,23,101,0
2,85,60,2,1,11,1,67,1,1,12,1,0,44,-2,101,0
1,317,158,2,1,2,1,73,1,1,9,1,0,-10,66,101,0
1,8,38,2,1,0,1,42,0,0,0,0,2,14,0,102,1
2,63,35,3,3,5,6,-3,1,1,1,1,0,137,16,103,0
2,50,39,2,1,2,3,5,0,0,0,1,0,3,-1,2,1
2,93,121,2,1,10,6,34,1,1,16,0,0,59,157,101,0
1,50,198,2,1,2,4,71,1,1,1,1,0,30,25,101,0
2,277,143,3,3,14,2,16,0,0,0,0,0,-2,27,100,1
2,353,191,2,1,8,4,79,1,1,4,1,0,-15,-3,101,0
2,274,104,3,3,12,4,23,1,0,0,1,0,44,-2,100,0
1,250,61,2,1,7,1,8,0,0,0,1,0,44,-3,2,1
2,143,76,2,1,14,1,76,1,1,1,1,0,155,10,2,1
2,126,180,2,3,11,8,68,1,1,5,1,0,5,86,100,0
1,230,85,2,1,2,1,78,1,1,5,0,0,1,1,0,0
2,341,22,2,1,1,7,38,0,0,0,0,2,17,-2,102,1
2,197,174,2,1,7,8,2,0,0,0,0,0,-4,3,2,1
2,78,101,3,3,2,4,22,1,1,5,1,0,139,-5,103,0
2,83,54,3,3,7,4,34,0,0,0,1,0,10,-3,100,1
2,243,156,2,1,6,6,101,1,1,5,0,0,-1,143,101,0
2,203,120,2,1,8,8,16,1,1,1,1,0,134,-7,101,0
2,63,44,3,3,7,3,38,0,0,1,1,0,18,51,100,1
2,170,17,3,3,13,8,29,1,1,1,1,0,116,-2,0,0
2,326,174,2,1,2,4,67,1,1,14,1,0,119,27,101,0
2,-5,1,3,3,5,3,9,0,0,0,0,0,-1,30,100,1
2,299,193,2,1,7,8,21,0,0,0,1,0,3,0,2,1
2,235,209,2,1,7,3,0,0,0,0,0,0,51,76,2,1
2,188,74,2,1,7,1,4,0,0,0,0,0,20,0,2,1
2,271,53,0,1,5,9,35,0,0,0,0,2,-5,2,102,1
2,391,39,3,3,14,6,83,1,1,12,1,0,134,11,103,0
2,350,74,2,1,7,3,45,0,0,0,1,2,37,-3,100,0
2,302,41,2,1,7,3,110,0,0,0,0,2,9,0,102,1
1,245,37,2,1,2,3,97,1,1,12,1,0,46,23,101,0
1,167,214,2,1,7,1,25,0,0,6,0,0,65,89,2,1
2,122,165,3,3,13,8,0,1,1,12,1,0,146,-4,103,0
2,148,47,3,1,4,4,20,1,1,5,1,0,83,14,0,0
2,228,214,2,1,7,8,54,0,0,0,0,0,0,2,2,0
2,316,33,2,1,7,7,72,0,0,0,0,2,22,-3,102,0
1,83,76,3,3,5,8,-2,1,1,3,1,0,4,86,103,0
2,329,140,3,3,5,6,-1,1,1,1,1,0,80,-8,103,0
2,94,32,2,1,4,1,35,0,0,0,1,2,134,-1,102,1
1,257,170,2,1,11,4,65,1,1,19,1,0,30,32,2,0
2,49,5,3,3,0,6,2,0,0,0,0,0,166,2,100,1
2,140,42,3,3,6,8,7,1,1,1,1,0,153,65,103,0
2,112,28,3,3,4,3,1,0,0,0,1,0,45,2,100,1
2,147,150,2,1,8,6,91,1,0,0,1,0,83,30,101,0
2,288,16,3,3,5,4,16,1,0,1,1,0,7,-15,100,0
2,264,144,2,1,6,4,100,1,1,4,0,0,-3,-2,0,0
2,362,79,3,0,10,3,22,0,0,0,1,2,28,0,102,1
2,353,219,2,1,2,4,32,1,1,14,0,0,-21,21,101,0
2,-3,116,3,3,7,3,5,0,0,0,1,0,22,30,100,1
1,104,194,2,1,7,1,74,0,0,12,0,0,9,18,2,1
1,154,156,2,1,8,8,86,1,0,0,0,2,-3,0,102,1
2,400,59,2,1,3,4,98,1,1,5,0,0,38,181,101,0
2,124,166,2,1,7,1,62,0,1,4,0,0,51,5,2,1
2,342,30,2,1,11,6,43,1,0,0,1,2,105,-1,102,0
1,399,113,3,1,8,6,24,1,0,13,0,0,95,147,103,0
1,196,35,3,3,14,3,35,0,0,0,0,0,6,20,2,1
1,357,172,2,1,6,4,77,1,1,5,1,0,51,104,0,0
1,274,199,2,1,11,4,37,1,1,5,0,0,-18,47,0,0
2,264,146,2,1,6,4,92,1,1,6,0,0,-2,143,0,0
2,137,23,0,0,0,7,1,0,0,0,0,2,176,-2,102,0
2,272,160,2,3,7,3,1,0,1,2,1,0,37,18,100,1
1,31,186,2,1,7,1,71,0,0,0,1,0,11,-1,2,1
1,243,44,2,1,3,3,25,1,1,5,1,0,143,33,101,0
1,281,161,2,1,7,1,4,0,1,2,0,0,64,105,2,1
1,298,80,2,3,8,1,20,1,1,12,1,0,132,-6,103,0
2,77,-12,0,0,0,0,-2,0,0,0,0,1,191,2,102,0
2,241,37,2,1,7,1,26,0,1,0,1,0,5,15,2,1
1,326,190,2,1,7,8,42,0,0,0,0,2,9,-1,102,1
1,146,202,2,1,7,1,51,1,1,11,0,0,-2,56,0,0
2,233,154,2,1,14,6,28,1,0,0,0,2,3,1,102,0
2,325,85,2,1,6,4,60,1,1,5,1,0,116,84,101,0
2,129,111,3,3,5,8,-2,0,0,0,0,0,45,38,100,1
1,135,17,2,1,10,4,31,1,1,14,1,0,134,-7,0,0
1,54,166,2,1,1,3,83,1,1,10,0,0,36,14,101,0
2,404,13,0,0,0,6,3,0,0,0,0,1,171,1,102,0
2,337,2,0,0,0,7,74,0,0,0,0,2,163,0,102,0
2,156,75,2,1,3,2,70,1,1,1,1,0,149,59,101,0
2,109,17,3,3,4,8,9,1,1,17,1,0,158,-6,103,0
0,282,19,0,3,8,1,13,0,0,0,0,2,19,-1,102,0
2,216,39,2,1,7,1,1,0,0,6,0,0,6,81,0,1
1,300,31,1,1,4,7,40,1,0,0,1,2,12,1,102,0
2,88,127,2,1,7,3,100,1,1,1,0,0,127,28,101,0
1,274,49,2,1,10,8,86,1,1,14,1,0,112,-2,0,0
2,139,31,3,1,13,4,7,1,1,2,1,0,135,-2,0,0
2,232,39,2,1,7,1,-1,0,1,6,0,0,62,87,2,1
1,288,165,2,1,7,4,88,1,1,10,0,0,-14,104,101,0
2,74,21,2,3,14,6,37,1,0,0,1,2,108,-2,102,0
2,183,82,2,1,7,1,0,0,1,1,0,0,62,86,2,1
2,300,133,2,1,11,1,118,1,1,9,0,0,10,165,101,0
2,176,26,3,3,14,8,32,0,0,0,1,0,76,-1,100,1
1,83,87,3,3,14,8,22,1,1,1,1,0,1,-8,103,0
2,357,91,3,3,13,8,9,1,1,1,1,0,78,-13,103,0
1,231,205,2,1,7,1,24,1,1,6,0,0,39,106,2,1
1,174,15,0,3,10,6,9,0,0,0,0,1,170,0,102,0
1,139,40,2,1,7,1,3,0,1,2,0,0,14,-4,2,1
1,19,57,2,1,7,8,21,0,0,0,1,2,37,0,102,1
1,107,62,3,3,5,4,-1,1,1,1,1,0,125,-37,103,0
2,294,129,2,1,2,3,78,1,1,1,0,0,37,197,101,0
2,72,35,2,1,1,8,34,0,0,1,1,0,53,0,2,1
2,29,160,3,1,8,1,5,0,0,0,1,0,37,0,101,1
1,134,38,2,1,11,4,92,1,1,7,1,0,4,85,0,0
2,187,62,3,3,2,8,12,1,0,0,1,0,-5,-2,100,0
2,103,135,2,1,7,8,6,1,1,1,0,0,4,29,103,1
2,384,140,2,1,8,5,59,1,1,13,1,0,138,87,101,0
2,238,204,2,1,11,4,53,1,1,4,1,0,-14,-5,101,0
1,172,53,3,3,11,8,13,1,0,4,1,0,137,12,103,0
1,97,70,2,1,11,4,68,1,1,5,1,0,136,-8,103,0
2,333,118,3,3,5,5,52,1,1,18,1,0,93,27,103,0
2,167,158,3,3,13,8,9,1,1,4,1,0,83,5,103,0
1,291,171,2,1,2,4,29,1,1,5,1,0,-6,83,101,0
1,79,100,2,1,11,4,26,1,1,7,1,0,-6,-4,0,0
1,48,3,3,3,5,3,0,1,1,1,1,0,5,-13,103,1
1,97,40,3,3,5,4,5,1,1,1,1,0,161,28,103,0
2,305,13,2,1,8,1,28,0,0,0,0,0,50,7,102,1
1,298,21,3,1,2,4,83,1,1,5,1,0,35,27,103,0
2,283,136,2,1,14,4,109,1,1,4,0,0,66,169,101,0
2,304,64,3,3,2,3,17,1,0,0,1,0,45,32,100,1
2,226,8,3,1,7,4,23,1,0,12,1,0,36,28,0,0
2,304,38,2,1,8,8,40,0,0,0,1,2,150,-1,102,0
2,150,0,3,0,0,0,0,0,0,0,0,1,185,2,102,0
2,380,131,2,1,3,6,44,1,1,12,0,0,-8,33,101,0
2,150,186,2,1,7,6,75,0,0,0,1,1,10,-1,102,1
2,265,78,2,3,7,3,31,0,0,0,1,0,95,-1,2,1
2,162,49,3,1,4,8,26,1,1,1,1,0,84,7,100,1
2,315,47,2,1,14,8,42,0,0,1,0,0,6,-1,2,1
1,64,138,2,1,7,3,5,0,1,19,0,0,47,79,2,1
2,105,60,2,1,1,4,26,1,1,1,0,0,-12,-1,0,0
1,270,147,2,1,6,4,71,1,1,6,0,0,-16,86,0,0
1,39,97,2,1,2,1,37,0,1,6,1,0,12,0,2,0
2,299,213,2,1,10,4,84,1,1,1,1,0,45,131,101,0
2,198,39,2,1,8,8,53,1,1,1,1,0,152,-17,101,0
2,30,90,3,3,7,3,4,0,0,0,1,0,20,2,100,1
2,100,149,3,3,2,6,3,0,0,0,0,0,8,19,100,1
1,99,188,2,1,7,8,15,1,1,14,1,0,85,-5,0,0
2,109,171,2,1,4,8,4,0,0,0,0,0,35,26,2,1
2,113,31,3,3,1,8,76,1,0,0,0,0,120,1,100,0
2,386,162,2,1,14,4,54,1,1,9,0,0,-22,80,101,0
2,163,187,2,1,5,8,68,1,1,16,1,0,117,-16,101,0
1,90,24,2,3,7,4,8,0,1,1,1,0,33,30,100,1
2,253,209,2,1,7,1,3,0,0,6,0,0,12,2,2,1
2,349,71,3,1,8,7,74,1,1,17,0,0,-3,110,103,0
2,324,147,3,3,1,6,20,1,1,1,1,0,9,7,103,0
2,43,11,2,1,7,1,3,0,1,1,0,0,77,105,2,1
0,272,54,2,1,2,1,43,1,1,4,1,0,0,-2,0,0
1,76,91,3,3,13,8,13,1,1,1,1,0,127,-32,103,0
2,295,154,3,3,5,6,35,1,0,0,0,0,34,33,100,0
1,225,17,2,1,8,9,94,1,1,10,0,0,-3,1,101,0
2,66,53,3,3,13,4,96,1,1,1,1,0,154,-6,103,0
2,148,53,3,3,7,3,70,0,1,1,1,0,31,29,100,0
1,189,4,0,1,12,4,21,1,0,0,0,0,107,-2,102,0
2,330,143,3,3,1,9,25,1,1,1,0,0,45,23,103,0
2,122,20,2,1,2,8,27,0,1,5,0,0,-1,34,100,1
2,393,52,3,3,8,6,4,1,0,0,1,0,126,-7,100,0
2,372,30,0,3,8,6,34,1,0,0,1,2,107,-2,102,0
2,114,141,3,3,14,8,18,0,1,1,0,0,16,-4,100,1
2,236,169,2,1,11,4,25,1,1,5,1,0,1,97,0,0
2,157,17,2,1,14,6,32,1,0,5,0,0,87,-1,0,0
1,137,33,3,3,14,0,26,0,0,0,0,2,5,0,102,1
2,245,151,2,1,11,4,47,1,1,12,0,0,71,104,101,0
2,107,86,3,3,13,1,17,1,1,1,1,0,175,-9,103,0
2,167,155,3,1,1,8,55,1,1,1,0,0,140,-16,100,0
2,105,113,3,3,8,6,53,1,0,0,1,0,107,-5,103,0
2,284,124,3,3,1,8,13,0,0,0,1,0,-11,34,100,1
1,350,207,2,1,7,4,41,1,1,5,0,0,-1,97,101,0
2,343,15,2,3,2,3,44,1,0,0,0,0,76,27,2,1
2,327,184,2,1,2,5,52,1,1,16,1,0,0,114,101,0
2,273,67,2,1,8,4,76,1,1,14,1,0,25,-1,0,0
1,380,191,2,1,2,6,105,1,0,0,0,0,-2,0,0,0
2,77,36,0,2,0,6,-2,0,0,0,0,2,50,4,2,1
1,355,177,2,1,3,1,1,1,1,12,0,0,-6,103,101,0
2,31,43,2,3,3,3,78,0,0,0,1,0,14,-5,100,1
1,-4,77,2,1,7,1,59,0,1,2,1,0,19,104,2,1
2,99,156,3,3,5,6,5,1,0,0,1,0,-2,-6,103,1
1,125,236,2,1,11,4,40,1,1,17,1,0,-6,-17,0,0
2,60,77,2,1,7,1,72,0,1,2,1,0,1,77,2,1
1,105,71,2,3,7,3,69,0,1,1,1,0,45,-3,2,1
2,117,20,1,2,9,8,18,1,0,0,0,2,103,2,102,0
2,328,125,3,3,1,6,12,0,0,0,0,0,59,2,100,1
2,7,143,2,1,7,1,2,0,1,2,0,0,36,59,2,1
2,68,62,3,3,2,6,10,0,0,0,1,0,-11,27,100,1
2,279,67,2,1,7,1,84,1,1,12,1,0,22,94,0,0
2,278,24,3,1,7,1,27,1,1,2,1,0,107,23,103,0
2,108,164,2,1,11,4,87,1,1,13,1,0,-8,161,101,0
2,340,130,3,3,13,8,4,1,1,1,1,0,101,-7,103,0
2,264,179,2,1,6,1,101,1,1,4,0,0,6,59,0,0
2,110,65,3,3,13,3,5,1,1,1,1,0,74,-25,103,0
2,358,17,3,3,11,4,33,1,1,0,1,0,109,25,103,0
2,86,98,2,1,5,8,9,0,1,4,1,0,8,-5,0,1
1,48,136,2,1,11,4,85,1,1,7,0,0,-14,151,101,0
2,326,62,2,1,14,6,113,1,1,12,1,0,62,-2,0,0
2,203,125,3,3,5,8,29,0,0,0,0,0,5,-1,100,1
2,328,149,2,1,7,3,59,1,1,1,1,0,45,15,2,1
2,338,24,2,1,7,4,9,1,1,4,1,0,49,-5,2,0
2,160,75,3,3,6,6,15,1,0,3,1,0,73,50,103,1
2,333,85,2,1,2,3,28,1,1,1,1,0,-3,37,0,0
2,350,131,3,3,1,4,75,1,1,2,1,0,58,-4,100,0
2,133,210,2,1,8,8,4,1,1,11,1,0,121,103,101,0
1,102,23,3,3,5,8,-1,1,0,3,1,0,107,-18,103,0
2,111,42,3,3,5,8,8,1,0,0,1,0,-3,40,100,1
1,139,199,2,1,6,7,46,1,1,12,1,0,-5,61,101,0
1,304,179,0,2,1,3,13,0,0,0,0,2,7,0,102,1
2,305,38,2,2,8,7,58,0,0,0,1,2,11,0,102,0
2,167,19,2,1,14,8,12,1,1,4,0,0,-2,112,0,0
2,327,79,2,1,11,8,35,1,1,12,1,0,-3,138,0,0
1,211,227,2,1,7,4,40,1,1,12,1,0,5,86,0,1
2,123,182,3,3,2,8,17,1,1,1,1,0,0,11,103,0
2,132,25,2,1,12,8,5,1,1,1,0,0,20,28,101,0
2,93,40,3,3,7,6,-1,1,0,1,1,0,85,31,103,0
2,135,13,3,3,13,8,40,1,1,1,1,0,109,-18,103,0
2,377,134,2,1,3,5,79,1,1,10,0,0,-6,164,101,0
1,293,194,2,1,7,4,62,1,1,5,0,0,-2,99,0,0
1,71,60,2,1,7,3,98,0,0,2,1,2,8,-2,102,1
2,35,149,3,3,4,6,29,0,0,0,0,0,30,87,100,1
2,304,40,2,1,14,6,64,1,1,11,0,0,3,126,101,0
1,185,187,2,1,2,8,94,1,1,11,1,0,139,79,101,0
2,76,112,2,1,7,4,28,1,1,1,0,0,-1,-5,0,1
2,305,167,2,1,4,6,90,0,0,0,0,0,66,146,101,0
1,319,152,2,1,2,4,30,1,0,0,1,0,10,30,0,0
1,207,28,3,3,8,6,67,0,0,0,0,0,-1,1,102,1
2,256,39,2,1,7,6,10,0,0,0,0,2,2,0,102,1
1,364,181,2,1,7,5,60,1,1,5,0,0,142,121,101,0
2,108,63,2,1,8,4,38,1,0,0,1,2,12,1,102,0
2,306,65,3,3,5,7,-3,1,0,0,1,0,93,18,100,0
1,206,34,2,1,7,1,61,0,0,0,1,0,21,66,2,1
2,215,186,3,1,5,8,64,1,1,1,1,0,85,100,101,0
2,250,55,2,1,2,1,3,0,1,1,0,0,60,0,2,1
2,85,3,0,0,0,0,-2,0,0,0,0,2,163,0,102,1
2,180,36,2,1,7,4,21,0,1,2,1,0,4,10,2,1
2,195,215,2,1,7,4,71,1,1,12,1,0,51,-2,0,0
2,69,124,3,3,8,6,84,0,0,0,0,0,5,-3,100,1
1,130,21,2,1,7,4,65,0,1,1,1,0,38,94,2,1
1,98,143,3,3,8,4,19,1,1,2,1,0,-6,-3,103,0
1,278,94,2,3,7,1,30,1,0,0,1,0,4,28,100,0
2,115,86,2,1,2,3,6,0,0,0,1,0,34,0,2,1
2,75,95,2,1,14,8,55,1,1,1,1,0,145,-16,101,0
2,158,73,3,3,13,3,20,0,0,0,1,0,29,0,100,1
2,136,199,2,1,7,8,27,0,0,0,0,0,-7,0,2,1
1,78,67,3,3,8,2,25,1,0,0,1,0,80,-2,100,0
1,76,43,3,3,2,1,30,1,1,1,1,0,148,-4,103,0
2,127,9,0,0,0,0,2,0,0,0,0,1,162,0,102,1
2,165,191,2,1,11,8,62,1,1,5,0,0,31,105,101,0
2,137,36,3,3,5,8,13,1,1,1,1,0,97,-35,103,0
2,328,162,0,0,0,0,11,0,0,0,0,2,12,0,102,1
2,336,134,3,3,2,6,27,0,0,0,0,0,52,-1,100,1
2,71,59,3,3,5,8,-14,1,1,1,1,0,158,-46,103,0
2,248,175,3,3,1,3,29,1,1,0,0,0,34,-3,100,0
2,212,152,2,1,3,8,27,1,1,1,0,0,56,81,101,0
1,193,213,2,1,7,1,38,0,0,0,0,0,8,65,2,1
1,87,123,2,1,7,1,101,1,1,14,0,0,29,105,101,0
2,326,32,3,3,7,7,25,1,1,1,1,0,134,-7,103,0
1,128,66,3,3,5,0,8,1,0,0,1,2,171,2,102,0
2,118,147,2,1,14,8,85,1,1,1,0,0,102,1,101,0
2,51,179,2,1,7,4,63,0,1,1,1,0,15,31,0,0
2,416,127,2,1,3,8,73,1,1,0,0,0,71,133,101,0
2,60,19,3,3,8,3,1,0,0,0,0,0,25,4,100,1
1,323,135,3,3,5,8,19,1,1,1,1,0,44,-3,103,0
2,277,23,3,3,7,8,4,1,1,2,1,0,150,5,103,0
2,295,118,2,1,2,8,99,1,1,1,0,0,123,-10,101,0
1,67,212,2,1,2,4,42,1,1,5,0,0,-10,162,101,0
1,223,20,2,3,1,3,28,0,0,0,0,0,-3,3,100,1
1,271,177,2,1,6,4,110,1,1,12,0,0,-11,149,101,0
2,297,49,2,1,7,1,64,1,1,2,1,0,138,21,101,0
2,86,98,2,1,11,4,11,1,1,5,0,0,-10,-1,0,0
1,68,148,2,1,7,7,4,1,1,1,0,0,6,69,0,0
2,254,175,2,1,2,4,26,1,1,5,1,0,-11,159,0,0
2,373,169,2,1,6,7,59,1,1,9,1,0,36,57,101,0
2,36,154,3,3,5,4,0,1,1,1,1,0,15,-11,103,0
2,67,148,3,3,12,2,7,0,0,0,1,0,55,-2,100,1
1,57,176,2,1,11,4,81,1,1,9,0,0,-21,140,101,0
2,64,34,2,1,7,8,102,0,0,0,0,0,1,0,2,1
2,270,59,3,1,2,3,68,1,1,16,1,0,28,3,101,0
2,26,149,3,3,4,4,31,1,0,16,1,0,2,30,100,0
2,95,135,3,3,5,6,40,0,0,0,0,0,20,-1,100,0
2,125,44,2,3,14,8,29,0,0,0,0,2,17,0,102,1
2,305,66,2,1,8,7,3,0,0,0,0,2,20,-1,102,1
2,161,74,2,1,11,6,98,1,1,4,1,0,1,1,0,0
2,214,193,2,1,7,4,47,1,1,13,0,0,5,62,2,0
2,88,66,2,3,7,1,7,0,1,1,1,0,43,-4,100,1
2,247,24,2,1,14,8,84,0,0,0,1,0,88,-3,2,1
2,113,162,2,1,2,3,2,1,1,1,1,0,46,13,2,1
1,337,168,2,1,6,4,73,1,1,12,1,0,-11,151,101,0
1,121,176,2,1,11,4,42,1,1,6,1,0,-6,22,0,0
2,32,20,2,3,2,8,23,0,0,0,1,0,0,28,100,1
1,65,184,2,1,4,4,99,1,1,4,0,0,4,83,2,0
2,157,52,3,3,6,8,-1,1,1,1,0,0,7,-30,103,0
1,247,159,2,1,7,1,52,1,1,6,0,0,8,71,0,0
2,283,26,3,3,14,9,17,1,1,10,1,0,110,-34,103,0
2,280,46,3,3,5,3,-6,1,0,0,1,0,41,28,100,1
1,128,15,2,3,7,1,22,0,0,0,0,0,5,22,100,1
2,333,49,3,3,6,0,7,0,0,0,0,0,9,1,100,1
1,114,67,3,3,9,6,30,0,0,0,0,0,-1,1,100,1
2,69,14,2,1,9,8,92,1,1,5,0,0,25,37,2,1
2,58,37,3,1,7,3,5,0,0,0,0,0,19,0,100,1
2,140,158,2,1,7,1,89,0,1,1,0,0,14,102,2,1
2,272,53,2,1,11,8,30,0,0,0,1,2,91,1,102,1
2,30,22,3,3,12,6,27,1,1,1,1,0,157,12,103,0
2,263,200,2,1,7,7,57,1,1,7,0,0,18,180,101,0
1,115,167,2,1,11,4,100,1,1,5,1,0,164,35,101,0
1,294,171,2,1,7,1,-2,1,1,2,1,0,-8,52,101,0
2,81,64,3,3,4,8,81,1,0,1,0,0,19,9,100,1
2,245,24,3,1,7,3,34,0,0,0,0,0,40,39,100,1
2,23,85,2,1,2,4,76,1,1,5,0,0,-9,12,101,0
2,182,83,1,1,8,8,71,1,1,1,1,0,136,70,101,0
2,71,169,2,1,7,1,76,0,1,6,1,0,10,95,2,1
2,385,2,3,3,3,6,24,1,1,6,0,0,121,89,103,0
2,301,138,2,1,1,8,3,1,1,1,0,0,31,124,101,0
2,100,33,2,1,9,1,99,0,0,0,0,0,6,1,2,1
1,113,23,0,2,10,3,3,0,0,0,0,2,0,0,102,1
2,256,205,2,0,8,1,88,1,0,0,1,0,155,-1,102,0
2,121,141,2,1,8,8,3,1,1,1,1,0,163,13,2,1
1,279,181,2,1,6,4,106,1,1,6,1,0,167,-4,0,0
2,77,141,3,3,2,8,18,1,1,1,1,0,167,8,100,0
2,248,191,2,1,7,4,33,0,1,1,1,0,63,-1,2,1
2,276,52,2,1,7,4,14,1,0,0,0,2,12,-2,102,0
2,360,-7,3,3,5,6,14,1,0,0,1,0,37,-2,100,0
1,133,49,2,1,7,8,42,1,0,8,1,0,86,81,0,0
2,282,96,2,1,7,3,0,1,1,4,1,0,53,0,102,0
1,190,186,2,1,7,1,94,0,1,4,1,0,12,3,2,1
2,333,34,2,1,14,4,63,1,1,14,0,0,79,-2,0,0
2,77,22,2,1,9,1,3,0,1,1,1,0,21,-1,2,1
2,213,34,3,1,8,8,41,1,0,22,1,0,-4,23,103,0
1,48,164,2,1,2,4,94,1,1,10,0,0,-11,92,101,0
2,325,174,2,1,8,3,14,1,1,12,1,0,67,28,0,0
2,130,18,3,3,4,3,19,0,0,0,0,0,40,20,2,1
2,283,204,2,1,7,4,94,1,1,2,1,0,13,-4,0,1
2,367,144,2,1,3,7,67,1,1,11,0,0,71,131,101,0
1,136,31,3,1,8,8,11,1,1,1,1,0,154,-6,103,0
2,37,49,3,3,1,5,-5,1,1,1,1,0,20,-3,100,0
2,200,203,2,1,7,3,6,0,1,0,0,0,16,1,2,1
2,142,6,0,0,0,0,-6,0,0,0,0,1,203,0,102,0
1,320,128,2,1,6,5,65,1,1,11,0,0,21,182,101,0
1,245,52,2,1,7,1,37,0,0,4,1,2,128,-1,102,1
2,51,160,3,3,4,4,9,1,1,1,1,0,140,10,103,0
1,91,146,3,3,5,6,-4,0,0,0,0,0,140,2,100,1
1,332,192,1,1,4,4,72,1,1,9,1,0,-6,140,101,0
2,260,139,2,1,7,6,36,1,1,1,0,0,72,136,101,0
1,304,217,2,1,11,4,15,1,1,12,1,0,-4,-2,0,0
2,265,135,3,3,8,6,89,1,1,1,0,0,44,20,103,0
2,231,33,0,0,5,7,9,0,0,0,0,2,21,0,102,1
2,334,13,2,1,11,4,90,1,1,1,1,0,48,28,101,1
2,300,170,2,1,6,6,31,1,1,12,0,0,59,116,101,0
2,62,66,3,3,6,5,-3,1,1,1,1,0,88,-17,103,0
1,277,176,2,1,7,7,40,0,0,0,0,2,12,-1,102,0
2,-24,69,2,1,7,1,-4,0,0,0,0,2,56,-2,2,1
2,311,186,2,1,2,6,79,1,1,5,0,0,-8,139,101,0
2,198,16,3,3,7,8,32,0,0,0,1,0,-4,0,102,1
2,16,20,2,1,7,1,3,0,1,1,1,0,22,9,2,1
1,63,40,2,1,7,1,66,0,1,7,1,0,13,79,2,1
2,92,136,2,1,8,4,105,1,1,1,1,0,26,24,0,0
2,370,38,0,3,14,7,95,1,0,0,1,2,3,-3,102,0
2,150,178,2,1,7,1,95,0,0,0,0,0,16,-2,2,1
1,85,205,2,1,7,1,0,0,0,0,1,0,25,-1,2,1
2,356,138,2,3,5,6,68,1,1,13,0,0,117,127,101,0
2,270,88,2,1,7,4,59,1,1,14,1,0,-3,53,0,0
2,64,26,3,2,7,1,11,0,0,0,0,0,38,60,2,1
2,350,150,2,1,3,5,82,1,1,11,0,0,-6,133,101,0
2,296,52,2,1,7,1,31,0,0,0,1,2,8,-1,102,1
2,126,50,2,1,7,3,4,0,0,0,1,0,-17,18,2,1
1,286,207,2,1,7,4,64,1,1,9,0,0,-16,145,101,0
2,200,23,3,1,13,8,18,0,1,1,1,0,65,-12,100,1
2,131,186,2,1,7,9,16,0,0,0,0,1,1,-1,102,1
2,308,164,2,3,6,4,84,1,1,1,1,0,7,11,0,0
1,239,162,2,1,7,3,77,1,1,9,0,0,-6,91,101,0
1,139,11,3,3,9,8,2,1,0,0,0,0,79,8,100,1
1,248,74,2,1,14,4,70,1,1,2,0,0,10,66,2,0
2,116,17,0,0,0,0,20,0,0,0,0,2,-2,0,102,1
1,52,85,2,1,11,4,97,1,1,12,1,0,-3,-7,0,0
2,305,179,2,1,7,1,107,1,1,1,1,0,46,65,101,0
1,255,189,2,1,7,4,24,1,1,4,1,0,42,62,0,0
2,288,159,2,1,1,1,8,0,0,0,0,0,50,0,100,1
1,117,34,3,3,1,8,1,1,1,1,1,0,71,-12,103,0
1,123,227,2,1,11,4,67,1,1,12,1,0,-3,-5,0,0
2,300,32,2,3,10,3,8,0,0,0,0,0,18,0,2,0
1,278,88,2,1,7,4,82,1,1,10,1,0,-4,-8,101,0
2,146,11,2,1,11,8,6,1,1,1,1,0,7,-7,0,0
2,49,15,2,1,7,1,4,0,1,5,1,0,54,52,2,1
2,368,128,2,1,7,3,78,1,1,10,0,0,65,83,101,0
2,340,221,2,1,3,4,53,1,1,11,0,0,-15,82,101,0
0,109,17,0,0,0,0,7,0,0,0,0,1,184,0,102,0
2,302,175,2,1,14,7,56,1,1,15,1,0,134,53,101,0
1,242,25,3,3,1,3,7,0,0,0,0,0,38,1,100,1
1,289,28,2,1,7,3,91,1,1,11,0,0,-3,15,101,0
2,94,111,3,3,3,8,23,1,0,0,0,0,99,135,103,0
2,110,26,2,1,2,1,33,0,1,1,1,0,9,21,2,1
2,251,43,3,3,14,3,26,0,0,0,1,0,-6,3,100,1
1,300,78,3,1,7,8,34,1,1,1,1,0,157,15,103,0
2,100,65,3,3,5,8,-2,1,1,1,1,0,103,7,103,0
2,339,61,2,1,7,1,33,0,0,0,0,2,53,-2,102,1
1,327,109,2,1,7,5,87,1,1,10,0,0,10,104,101,0
1,334,168,2,1,7,4,62,1,1,10,0,0,-12,72,101,0
2,218,38,3,3,6,8,24,0,0,0,0,0,-7,-2,100,1
2,68,73,2,3,9,4,25,1,1,1,1,0,87,-4,103,0
2,387,148,3,3,5,6,-6,1,1,1,1,0,49,11,103,0
2,20,152,2,1,7,8,86,0,1,5,0,0,51,88,2,1
2,112,41,2,1,7,4,24,0,0,0,1,2,-1,1,2,1
1,246,221,2,1,14,1,68,0,0,0,0,2,11,1,102,1
1,115,168,2,1,11,4,6,1,1,14,0,0,-1,79,0,0
1,315,193,2,1,11,4,41,1,1,12,0,0,-9,134,0,0
2,86,161,3,2,7,8,38,0,0,0,0,0,7,33,100,1
2,419,132,3,3,12,4,22,1,0,0,1,2,90,0,102,0
1,379,83,2,1,2,1,35,0,0,0,1,0,38,-1,100,1
2,170,130,3,3,12,8,17,1,0,0,0,0,9,4,103,0
2,78,156,3,3,1,6,17,0,1,1,1,0,81,-20,103,1
1,213,34,2,1,14,7,75,1,1,13,0,0,-12,121,101,0
1,61,99,2,3,14,3,33,0,0,0,1,0,58,1,102,1
2,94,28,3,3,1,6,40,1,0,0,1,0,140,-2,100,0
2,45,27,3,1,13,1,44,0,0,0,0,0,4,0,100,1
1,223,47,2,1,7,1,78,0,0,0,1,0,5,-1,2,1
2,346,161,2,1,1,5,77,1,1,17,0,0,-3,123,101,0
0,292,26,1,3,7,1,12,0,0,0,0,2,7,1,102,1
2,288,121,2,1,8,4,39,0,0,0,0,2,8,-2,102,0
2,120,71,3,3,14,3,62,1,1,1,1,0,158,2,103,0
2,260,220,2,1,7,1,64,1,1,2,1,0,-1,-2,0,0
2,139,161,3,3,5,3,2,0,0,0,0,0,57,5,103,1
1,274,38,0,1,7,4,45,0,0,0,0,2,10,-1,102,1
1,188,208,2,1,11,4,95,1,1,4,0,0,-17,19,101,0
1,285,7,2,3,1,3,80,1,1,8,0,0,37,27,101,0
2,98,14,3,3,2,8,-1,0,0,1,1,0,18,20,100,1
2,80,177,2,1,7,4,101,1,1,1,1,0,139,39,0,0
2,149,1,3,0,5,8,3,0,0,0,0,2,95,2,102,0
2,232,184,2,1,11,4,77,1,1,4,1,0,4,-3,0,0
2,219,73,2,1,7,1,8,0,0,0,0,0,19,-1,2,1
2,129,32,2,1,13,6,32,1,0,6,0,2,72,-1,0,0
1,232,152,2,1,7,4,67,1,1,14,0,0,36,70,2,0
2,197,200,2,3,13,8,53,1,1,4,1,0,140,-36,0,0
2,203,213,2,1,7,1,50,0,0,0,1,0,16,-2,2,1
2,282,86,2,1,11,4,85,1,1,1,1,0,149,-4,0,0
1,190,140,2,1,7,4,5,1,1,1,1,0,72,22,0,0
2,48,52,3,3,1,6,3,0,0,0,1,0,-2,-5,100,0
2,147,63,3,1,6,7,6,1,0,1,1,0,107,-3,100,1
2,154,58,2,1,5,4,51,1,1,1,1,0,109,-18,0,0
2,259,171,2,1,8,4,65,1,1,9,0,0,-1,79,101,0
2,121,70,2,1,12,1,101,1,1,1,1,0,94,-3,0,0
1,132,162,2,1,6,4,32,1,1,12,0,0,-10,49,0,0
1,411,164,2,1,14,4,62,1,1,12,0,0,18,124,101,0
2,324,5,3,3,8,8,23,1,0,0,0,0,36,7,100,1
2,115,152,3,3,8,8,63,0,0,0,1,0,35,10,100,1
2,50,79,3,3,7,4,24,0,0,0,1,0,2,20,100,1
2,241,116,2,1,7,1,69,0,0,0,1,0,41,27,2,1
2,330,-6,3,3,5,6,32,1,1,17,0,0,33,21,103,0
2,84,106,2,1,2,8,26,1,1,1,1,0,53,27,101,0
1,277,149,2,1,6,5,93,1,1,12,0,0,-16,121,101,0
2,107,5,3,3,1,6,1,0,0,0,0,0,36,1,100,1
2,322,49,2,1,7,1,69,1,0,6,0,2,14,-1,102,0
2,71,27,2,1,7,6,9,0,0,0,1,2,2,2,102,1
1,128,28,2,1,14,8,20,1,1,1,0,0,24,121,0,0
2,170,135,2,3,5,8,10,1,1,1,0,0,135,25,103,1
2,61,50,3,3,6,3,-4,1,0,1,0,0,3,8,103,0
2,203,61,2,1,7,1,8,0,0,0,1,2,51,-2,2,1
2,225,152,3,1,1,9,15,1,1,13,1,0,27,15,103,0
2,132,71,3,1,6,8,24,1,0,0,1,0,1,25,100,0
2,174,175,2,1,13,6,82,1,1,1,1,0,84,113,103,0
2,238,58,2,1,2,4,65,1,1,1,1,0,-15,-4,101,0
2,332,42,0,3,10,6,4,0,0,0,1,2,55,0,102,1
2,155,165,2,1,1,8,67,1,1,3,1,0,2,53,101,0
1,125,199,2,1,6,8,42,1,1,9,1,0,-9,72,101,0
2,61,65,3,3,5,8,-5,1,1,1,1,0,46,-13,103,0
2,271,164,3,1,3,7,102,1,1,1,1,0,87,24,101,0
2,163,35,3,3,13,8,-4,1,1,1,0,0,154,36,103,0
1,213,236,2,1,7,4,39,1,1,4,1,0,-18,-1,0,0
1,275,193,2,1,7,7,1,1,1,1,1,0,143,-15,103,0
2,90,107,2,1,14,8,11,1,1,12,1,0,117,-4,101,0
1,239,192,2,1,7,1,55,0,0,6,0,0,-2,-1,2,1
2,176,125,2,1,5,4,1,1,1,1,0,0,-13,16,101,0
2,261,46,2,1,2,3,10,1,1,1,1,0,47,-3,2,0
2,78,183,2,1,11,4,43,1,1,5,1,2,-5,-1,0,0
2,177,11,2,1,8,8,7,0,0,0,0,0,-2,27,100,1
2,342,125,2,1,5,6,8,1,0,0,0,0,45,25,101,0
2,35,46,2,0,7,1,5,0,0,0,0,2,12,3,102,1
2,351,116,2,1,7,1,33,0,0,0,1,2,60,-1,2,1
2,253,18,3,3,10,4,79,1,1,1,1,0,74,36,0,0
1,209,23,0,1,14,3,89,0,0,0,0,0,41,21,100,1
2,103,177,2,1,2,5,62,1,1,14,1,0,172,66,101,0
2,351,209,2,1,11,4,36,1,1,5,1,0,19,-5,0,0
2,260,249,2,1,7,1,16,0,0,0,1,2,12,-1,102,1
2,153,171,2,1,2,5,61,1,1,5,1,0,117,144,101,0
2,174,63,2,1,2,8,-1,0,0,0,1,0,23,-2,2,1
2,84,193,2,1,11,4,31,1,1,14,1,0,1,0,0,0
1,11,160,2,1,7,1,95,0,1,6,1,0,45,56,2,1
1,256,50,3,3,2,8,3,0,1,1,1,0,40,27,100,1
2,110,51,2,1,2,8,4,0,1,1,1,2,36,2,102,1
1,104,37,2,1,7,1,90,1,1,6,0,0,144,159,101,0
2,53,15,2,1,7,8,80,0,1,5,1,0,32,0,2,1
1,319,126,2,1,5,8,6,1,1,16,0,0,3,150,101,0
2,53,125,3,3,5,5,-8,1,1,1,1,0,131,-38,103,0
2,185,74,2,1,11,4,24,1,1,5,1,0,53,5,0,0
1,60,188,2,1,14,4,15,1,1,11,1,0,0,27,0,0
2,124,100,2,1,14,8,18,1,1,14,0,0,-1,14,0,0
1,219,179,2,1,7,4,2,1,1,6,1,0,8,15,0,0
2,272,47,2,1,10,8,93,1,1,4,1,0,65,0,0,0
2,81,77,2,1,2,8,68,1,1,12,1,0,-6,77,101,0
2,131,74,2,1,8,4,38,0,0,0,0,0,88,-2,102,0
2,217,10,2,1,1,1,18,1,1,2,1,0,151,-5,0,0
2,96,144,2,1,11,4,79,1,1,5,0,0,-13,147,101,0
2,145,169,3,3,8,6,12,1,1,3,1,0,95,22,103,0
1,176,89,2,1,2,7,11,0,0,0,0,0,59,-2,2,1
2,22,57,3,3,8,8,37,1,0,0,1,0,6,31,100,1
2,365,140,2,3,6,5,19,1,1,14,1,0,154,129,101,0
2,295,186,2,1,3,8,82,1,0,0,1,2,94,0,102,0
2,183,160,3,1,14,3,8,0,0,1,0,0,53,-3,2,1
2,84,17,0,0,0,3,0,0,0,0,0,1,162,-1,102,0
1,209,149,2,1,11,4,72,1,1,5,0,0,-2,137,0,0
1,195,207,2,1,7,1,33,0,0,0,1,0,12,0,2,1
1,236,73,3,3,6,5,31,0,0,0,1,0,24,3,100,1
2,299,3,3,3,5,7,19,1,1,1,1,0,113,-7,103,0
1,95,144,2,1,11,4,76,1,1,11,0,0,40,105,101,0
1,233,176,2,1,7,3,91,1,1,5,1,0,50,1,101,0
1,298,133,2,1,2,6,9,1,1,12,0,0,55,179,101,0
2,123,13,3,3,4,8,24,1,1,1,1,0,144,14,103,0
2,49,28,2,1,4,6,4,0,0,0,0,0,9,24,2,1
2,296,111,2,1,11,4,16,1,1,4,1,0,-12,-7,0,0
2,192,55,3,3,2,6,5,0,0,0,0,0,6,1,100,1
2,367,126,2,1,1,6,29,1,0,0,0,0,99,161,103,0
2,296,168,2,1,8,7,25,0,0,0,0,0,4,1,2,1
1,289,56,2,1,14,4,95,1,1,12,0,0,31,31,101,0
2,182,151,2,1,7,1,74,1,1,10,1,0,40,109,0,0
1,182,203,2,1,7,4,21,1,1,4,1,0,8,-2,0,0
1,70,200,2,1,2,4,72,1,1,5,1,0,-16,-10,0,0
2,79,215,2,2,7,1,70,0,1,6,1,0,15,86,2,1
1,290,169,2,1,11,4,82,1,1,12,1,0,98,-5,0,0
2,292,21,3,3,14,3,0,0,0,0,0,0,45,3,100,0
1,112,149,2,3,7,4,28,1,1,19,1,0,24,6,100,0
2,156,41,2,1,7,3,31,0,0,0,0,0,-4,-5,2,1
1,124,153,2,1,7,4,3,0,1,1,1,0,57,85,101,1
1,230,172,2,1,11,1,49,1,1,11,0,0,-10,85,101,0
1,92,166,2,1,7,9,47,0,0,0,0,0,9,0,2,1
2,183,32,3,1,10,8,27,1,1,1,1,0,112,34,101,1
2,120,156,2,1,14,6,101,1,0,0,0,2,97,-1,101,0
1,295,23,2,1,7,3,44,0,0,0,0,0,66,62,2,1
2,103,34,3,3,8,6,2,1,0,0,1,0,160,21,100,0
2,218,26,2,3,2,3,2,0,1,2,0,0,83,14,100,1
2,181,191,2,1,12,1,81,1,1,1,1,0,14,147,101,0
2,53,116,3,3,5,6,5,1,0,1,1,0,80,-12,103,0
1,297,180,2,1,3,1,49,1,1,12,0,0,0,129,0,0
2,193,57,2,3,8,8,29,1,0,12,1,0,98,31,101,0
1,127,7,3,3,7,4,30,1,0,0,1,0,12,-2,103,0
0,103,21,0,0,0,0,6,0,0,0,0,1,10,2,102,1
2,258,44,2,1,14,8,88,1,0,0,0,0,3,0,2,1
2,225,55,2,1,7,1,56,0,1,1,1,0,17,77,2,1
2,262,76,2,3,5,6,55,1,1,1,1,0,56,-1,103,0
1,65,77,2,1,2,8,61,1,1,4,1,0,3,13,100,0
1,219,161,2,1,6,4,78,1,1,11,0,0,-9,0,101,0
1,358,104,2,1,3,6,13,1,1,11,0,0,6,193,101,0
1,121,38,2,1,3,8,58,1,1,9,0,0,1,77,101,1
2,192,217,2,1,7,4,78,1,0,0,0,0,5,3,102,0
2,53,43,2,1,8,1,104,0,1,19,1,0,74,24,2,1
2,167,72,2,1,7,1,87,1,1,2,1,0,28,5,2,0
1,122,31,3,3,5,8,-3,1,1,1,1,0,122,50,103,0
2,265,198,2,1,7,7,89,1,0,0,0,2,102,-1,102,1
2,342,18,3,3,5,6,3,0,0,0,0,2,184,-1,102,0
2,221,182,2,1,7,3,29,1,1,5,1,0,150,9,101,0
1,46,70,2,1,7,1,-6,0,0,5,1,0,9,86,2,1
2,81,18,2,1,2,8,25,1,1,1,1,0,-2,15,101,0
1,327,166,2,1,6,4,7,1,1,17,1,0,-6,145,0,0
2,250,31,3,1,2,1,38,0,1,15,1,0,64,20,2,1
2,239,164,3,1,5,8,21,1,1,1,0,0,78,27,103,0
2,122,37,3,3,2,1,23,1,1,1,1,0,143,-5,100,0
2,291,50,2,1,2,4,64,1,1,12,1,0,-18,-14,0,0
2,263,216,0,1,7,1,6,0,0,0,0,0,58,0,2,1
2,208,66,3,3,5,4,10,1,1,2,1,0,92,-5,103,0
2,92,216,3,3,5,3,-12,0,0,0,1,0,26,18,100,1
2,73,11,2,1,7,1,106,1,1,1,0,0,113,82,0,0
2,61,47,3,3,2,8,44,1,1,1,1,0,127,-27,103,0
2,75,205,2,1,14,1,69,1,1,4,1,0,142,15,101,0
2,14,28,3,3,5,8,34,0,0,0,0,0,3,32,102,1
2,330,32,2,0,8,6,30,0,0,0,1,2,173,-1,102,0
2,72,22,3,3,6,5,13,1,1,1,0,0,142,7,103,0
2,298,64,2,1,7,1,4,0,0,0,1,2,11,0,102,1
2,307,202,2,1,6,6,82,1,1,12,1,0,-2,151,101,0
2,48,160,3,3,7,6,37,0,0,0,1,0,24,18,100,1
2,90,187,2,1,8,8,4,1,1,1,1,0,0,10,2,0
2,59,132,2,3,7,9,83,1,1,14,0,0,-9,19,0,0
2,247,56,3,3,1,6,26,1,1,1,1,0,127,-12,103,0
2,334,126,2,1,8,1,26,0,0,0,1,2,10,-1,102,1
2,231,24,2,1,7,1,98,0,1,1,1,0,34,37,2,1
2,205,8,3,3,8,8,-1,0,0,0,0,0,16,2,100,1
2,247,164,2,1,7,4,87,1,1,6,0,0,27,108,2,1
2,309,120,2,1,14,4,80,1,1,6,0,0,53,-2,0,0
2,323,20,2,1,6,6,79,1,1,1,0,0,90,102,101,0
2,188,149,3,3,1,8,1,0,0,0,0,0,-21,12,100,1
2,129,173,2,1,14,8,63,1,1,9,1,0,-2,79,101,0
2,98,45,3,3,5,8,6,1,1,1,1,0,144,-37,103,0
2,115,42,2,1,12,0,43,0,0,0,0,2,14,-1,102,1
2,265,171,2,1,14,4,56,1,1,4,0,0,58,149,0,0
2,275,92,2,1,7,6,80,1,1,4,1,0,3,-5,0,0
2,216,227,2,1,7,4,23,1,1,4,1,0,-21,40,0,0
2,324,133,2,3,9,5,103,1,1,1,1,0,165,10,101,0
2,11,57,2,1,7,3,31,0,0,0,0,2,15,-1,102,1
1,336,179,2,1,14,1,94,1,1,10,0,0,-13,121,101,0
1,83,29,3,1,1,6,24,1,1,0,1,0,40,-3,101,0
1,311,15,2,1,14,5,91,1,1,5,1,0,113,26,101,0
1,52,199,2,1,1,1,67,1,1,1,1,0,49,49,101,0
2,297,28,2,1,14,8,-1,1,1,1,1,0,101,-9,103,0
2,86,176,2,1,7,3,-1,0,0,0,1,0,49,79,2,1
1,35,29,2,1,7,1,71,0,1,5,1,0,3,94,2,1
2,399,155,2,1,1,5,66,1,1,3,0,0,62,165,101,0
0,408,158,2,1,14,8,28,1,1,16,0,0,71,150,101,0
1,349,212,2,1,6,6,40,1,1,9,1,0,-12,113,101,0
2,231,159,2,1,14,4,91,1,0,0,1,2,68,-2,102,0
1,332,35,2,1,11,4,85,1,1,9,0,0,-3,31,0,0
2,302,24,2,1,2,3,33,0,1,2,0,0,58,-6,2,1
2,320,80,2,1,11,8,26,1,0,6,0,0,96,-3,102,0
1,263,222,2,1,7,4,53,1,1,12,0,0,-23,115,101,0
1,278,169,2,1,7,4,72,1,1,4,1,0,-7,-5,0,0
2,195,54,2,1,7,1,2,0,0,4,0,0,5,89,2,1
1,57,4,3,3,7,8,6,0,1,1,0,0,36,31,100,1
1,55,74,3,3,8,4,19,1,1,1,1,0,0,-7,103,0
2,113,77,3,1,2,8,88,1,1,5,1,0,138,13,103,0
2,188,126,3,3,5,5,-4,1,1,10,1,0,-5,55,103,0
1,237,86,3,3,2,4,79,1,1,1,1,0,141,18,103,0
2,319,125,2,1,8,6,108,1,1,8,0,0,81,159,101,0
2,130,56,3,3,2,8,-6,1,0,0,1,0,131,-21,100,1
2,75,45,3,1,8,3,30,0,0,0,1,0,-2,0,100,1
2,250,198,2,1,11,7,46,1,1,5,0,0,60,1,0,0
2,53,182,2,1,5,8,88,1,1,12,0,0,13,28,0,0
2,68,156,3,3,5,8,60,1,1,14,1,0,0,3,103,0
1,119,177,2,1,2,8,5,0,0,0,0,0,12,-1,2,1
2,213,244,2,1,7,4,23,0,0,0,0,2,1,0,102,1
2,61,25,3,3,7,8,4,0,0,1,1,0,33,58,100,1
2,79,170,2,1,6,1,53,1,1,11,1,0,-10,55,101,0
2,319,222,2,1,14,4,31,1,1,4,1,0,-19,-8,0,0
2,290,194,2,1,13,1,21,1,1,5,1,0,129,-30,101,0
2,130,151,3,3,2,8,20,1,1,1,1,0,128,-23,100,1
2,203,22,3,3,5,8,67,1,0,0,0,0,124,1,100,0
2,335,189,2,1,6,4,35,1,1,9,1,0,-18,136,101,0
2,64,142,3,3,4,3,1,1,1,2,1,0,50,27,100,1
2,194,157,2,1,11,4,32,1,1,5,1,0,-8,165,101,0
2,305,30,3,1,7,8,20,1,1,1,1,0,135,-22,103,0
2,366,21,2,0,8,7,13,0,0,0,0,2,162,0,102,0
1,91,144,3,3,2,4,0,0,0,0,1,0,26,72,100,1
2,153,170,2,1,2,7,70,1,1,12,1,0,117,-12,101,0
2,80,19,3,3,5,6,4,1,0,1,1,0,99,-7,103,0
2,140,64,2,1,14,8,85,1,0,1,1,0,114,34,0,0
2,402,115,2,1,2,4,63,1,1,14,0,0,-7,141,101,0
2,337,186,2,1,6,4,92,1,1,12,0,0,-18,131,101,0
2,277,146,3,3,5,6,12,1,1,3,1,0,72,-17,103,0
2,176,106,3,3,8,0,-4,0,0,0,0,0,11,2,100,0
1,206,188,2,1,11,4,15,1,1,4,1,0,2,2,0,0
1,149,-24,0,0,14,6,-3,0,0,0,0,1,200,-2,102,0
2,240,185,2,1,11,6,101,1,1,4,1,0,13,1,0,0
1,229,61,2,1,7,4,61,0,1,4,1,0,18,66,2,1
2,47,14,3,3,6,8,20,1,1,1,1,0,16,20,103,1
2,178,33,3,3,9,8,36,1,0,4,0,0,85,28,103,0
2,282,141,2,1,11,4,37,1,1,0,1,0,-6,-1,0,0
2,360,23,2,1,13,5,54,1,1,9,0,0,88,83,103,0
2,139,81,2,1,9,8,26,1,0,5,1,0,90,18,0,0
2,139,107,2,1,7,4,78,0,1,1,1,0,7,-4,2,0
1,296,178,2,1,7,1,78,1,1,4,0,0,16,79,2,1
1,216,31,2,1,7,4,97,1,1,6,1,0,4,-1,0,0
2,134,148,2,1,7,8,1,1,1,1,1,0,188,-25,101,0
2,110,24,2,1,6,4,81,1,1,14,1,0,5,18,101,0
2,289,155,2,1,7,4,-4,1,1,9,1,0,45,112,101,0
2,223,51,3,3,3,8,32,1,1,1,1,0,145,18,103,0
2,136,53,2,1,8,4,37,0,0,0,0,2,2,0,102,1
1,340,165,2,1,3,1,89,1,1,10,0,0,-15,140,101,0
2,328,162,3,1,13,8,6,1,1,14,1,0,74,82,103,0
2,149,156,2,1,8,3,6,1,1,13,1,0,-2,74,101,0
1,201,73,2,1,13,1,29,1,1,1,1,0,173,-10,101,0
1,108,219,2,1,7,3,61,0,1,0,1,0,-1,1,2,1
2,340,137,2,1,2,4,91,1,1,14,0,0,-9,134,0,0
2,88,86,3,3,2,8,63,1,0,1,1,0,56,88,103,1
1,272,28,2,1,7,6,76,1,1,1,0,0,33,96,101,0
2,124,43,3,1,4,8,64,1,1,0,0,0,82,20,100,0
1,296,164,2,1,6,6,65,1,1,16,1,0,-7,123,101,0
2,262,89,2,1,10,4,34,1,0,6,1,0,5,-1,0,0
2,271,156,2,1,2,6,29,1,1,3,1,0,22,67,101,0
2,253,81,2,1,8,8,100,1,1,11,0,0,168,-16,101,0
2,304,172,2,1,6,5,51,1,1,7,1,0,64,116,101,0
2,41,48,3,3,2,7,73,1,1,1,1,0,122,-27,103,0
2,281,85,2,1,7,3,46,1,1,4,1,0,0,-4,0,0
2,299,-6,2,1,7,1,58,1,1,8,0,0,64,45,0,0
2,66,34,3,3,5,8,70,1,1,1,1,0,7,-5,103,1
2,322,99,2,1,14,6,30,1,0,6,0,0,4,-3,0,0
2,175,6,3,3,7,2,2,1,1,2,0,0,132,-22,0,0
2,130,140,3,3,4,8,26,0,0,0,1,0,24,-1,100,1
2,414,94,3,1,7,3,5,0,0,0,1,0,45,3,2,1
2,156,25,2,1,12,8,38,1,1,1,1,0,63,-3,0,1
2,124,45,0,1,0,1,3,0,0,0,0,0,41,0,102,1
2,17,47,2,1,5,7,38,0,0,0,0,2,54,1,102,1
2,95,31,0,2,0,6,-3,0,0,0,0,1,3,1,102,1
2,113,131,2,1,2,8,28,0,0,0,1,0,81,30,2,1
2,232,49,2,1,7,1,6,0,0,0,1,0,51,61,2,1
2,11,167,3,3,7,3,38,1,1,1,1,0,28,-7,100,0
2,240,156,2,1,7,4,93,1,1,12,1,0,-7,125,101,0
1,261,51,2,1,7,4,71,1,1,4,1,0,9,0,0,0
2,248,60,2,3,7,8,29,1,0,0,1,0,91,40,100,0
2,318,147,2,1,3,1,40,1,1,16,0,0,-11,155,101,0
1,339,128,2,1,4,6,24,0,1,2,0,0,34,20,2,1
2,277,16,3,3,5,3,16,1,0,0,0,0,42,32,100,1
1,54,191,2,1,7,4,48,1,0,7,1,0,3,-3,0,0
1,96,0,2,1,11,4,75,1,1,1,1,0,164,44,0,0
2,166,154,2,1,5,8,66,1,1,1,0,0,63,8,101,0
1,311,132,2,1,7,3,65,0,1,1,1,0,41,45,100,1
2,256,174,2,1,7,1,39,0,0,0,1,0,33,-2,0,0
2,132,23,2,3,7,3,3,0,1,1,1,0,32,69,2,1
2,308,209,2,1,2,4,62,1,1,11,0,0,-14,135,101,0
2,263,26,2,1,14,6,73,1,1,16,1,0,44,115,101,0
2,234,167,2,1,7,1,32,1,0,7,1,2,2,-1,0,1
2,115,23,3,3,5,6,-5,0,0,0,0,0,-17,35,100,1
1,290,52,2,1,7,7,11,0,0,0,0,2,11,-2,102,1
2,267,205,2,1,7,1,30,0,0,0,0,0,3,-1,2,1
2,150,177,2,1,2,4,5,1,1,7,0,0,3,139,101,1
1,97,177,2,1,14,5,53,1,1,5,1,0,107,65,101,0
2,41,68,2,1,7,1,43,0,0,0,0,2,28,2,102,1
2,296,170,3,3,8,6,14,1,1,3,1,0,148,17,101,0
1,294,35,3,3,2,3,0,1,1,1,1,0,153,3,103,0
2,76,131,3,3,2,6,-1,1,0,0,1,0,152,5,103,0
2,49,111,2,1,7,3,107,0,1,1,1,0,56,2,2,1
2,298,203,3,1,1,6,42,0,0,0,0,0,-2,-2,100,1
2,287,61,2,1,14,5,70,1,1,12,1,0,-1,98,101,0
1,127,181,2,1,7,8,69,0,0,0,0,0,-2,-1,2,1
2,64,30,3,3,12,8,4,1,1,1,1,0,99,-19,103,1
2,63,38,2,1,2,1,74,0,0,0,1,0,-1,20,100,1
2,105,160,2,1,11,4,51,1,1,1,0,0,54,-2,0,0
2,-2,169,2,1,7,1,3,0,1,1,1,0,64,88,2,1
1,141,119,2,1,7,1,57,0,1,7,1,0,19,62,2,1
2,162,14,3,1,2,7,31,1,0,12,1,0,13,8,0,0
2,199,17,2,1,10,7,99,1,1,1,0,0,156,2,101,0
1,88,38,3,1,2,8,7,0,0,0,1,0,15,-4,2,1
2,341,167,3,3,2,6,37,1,0,0,1,0,4,-1,100,1
1,301,28,2,1,14,4,93,1,1,12,1,0,61,145,0,0
2,93,158,2,1,7,4,89,1,0,2,1,0,17,-2,0,0
2,340,16,2,1,5,3,7,1,1,17,0,0,78,22,101,0
2,82,10,3,3,13,3,-1,1,1,1,1,0,126,-13,103,0
2,89,209,2,1,7,1,68,0,0,0,1,0,0,-1,2,1
2,222,111,2,1,7,1,31,1,1,4,1,0,-11,3,0,0
2,222,47,2,1,9,8,62,0,0,0,1,2,13,-1,102,0
2,101,25,2,1,9,8,34,0,0,0,0,0,6,0,101,1
2,349,88,3,1,11,6,80,1,1,1,1,0,172,8,0,0
2,282,127,2,1,14,4,106,1,1,10,0,0,27,168,101,0
0,305,33,3,3,7,1,4,0,0,0,0,0,39,0,2,1
2,304,203,2,1,6,1,29,1,1,2,1,0,5,16,101,0
1,318,22,2,1,7,4,94,1,1,5,0,0,17,164,0,0
2,298,174,2,1,9,3,13,1,0,0,0,0,57,-3,102,0
2,110,30,3,3,8,6,2,0,0,0,1,0,7,-1,100,1
2,160,37,3,0,0,0,-4,0,0,0,0,1,149,4,100,0
2,5,27,3,3,7,3,7,1,1,1,1,0,54,-7,103,1
2,377,168,2,1,14,4,68,1,1,12,1,0,47,136,101,0
1,152,170,2,1,14,8,83,1,1,10,1,0,139,-23,101,0
1,197,215,2,1,7,3,30,0,1,0,0,0,32,34,2,1
1,185,139,2,1,5,8,16,1,1,12,1,0,-6,132,101,0
2,157,42,2,2,9,4,38,1,0,4,1,2,4,-3,0,0
1,338,14,2,1,3,6,26,1,1,5,0,0,-11,120,101,0
2,379,212,2,1,14,4,16,1,1,14,1,0,-3,8,0,0
2,62,204,2,2,7,8,4,0,0,0,0,0,31,54,2,1
1,219,213,2,1,7,4,83,1,1,4,1,0,172,3,0,0
2,152,71,2,1,11,6,30,1,0,0,1,2,5,-2,102,0
2,79,35,3,3,2,6,0,0,1,1,1,0,7,20,100,1
2,246,75,2,1,11,4,93,1,0,16,1,0,-3,2,0,0
1,155,233,2,1,11,7,51,1,0,4,0,2,-10,-2,102,0
2,68,51,2,1,7,1,113,1,1,2,0,0,5,80,0,0
1,328,159,2,1,12,6,25,1,1,4,1,0,95,-4,0,0
2,93,69,3,3,5,8,18,0,0,0,0,0,-1,-2,100,1
2,74,58,3,3,13,8,-7,0,0,0,1,0,8,-7,100,1
2,51,42,3,3,2,6,7,0,0,0,0,0,4,24,100,1
2,311,18,3,0,8,6,37,0,0,0,0,2,8,0,102,1
2,65,147,2,1,11,4,46,1,1,12,0,0,-7,98,101,0
1,45,173,2,1,1,7,36,1,1,1,1,0,-8,77,101,0
2,126,173,2,1,11,4,6,1,1,7,1,0,-16,52,0,0
2,138,35,2,3,7,8,5,1,1,1,1,0,66,-39,101,0
2,249,196,2,1,11,4,48,1,1,4,0,0,3,1,0,1
2,149,29,3,3,5,6,-3,0,0,0,0,0,8,0,100,0
2,241,133,2,1,7,3,107,0,0,1,1,0,55,76,2,1
1,346,131,2,1,14,5,17,1,1,12,0,0,-14,82,101,0
2,178,9,0,3,8,3,21,0,0,0,0,2,175,0,102,0
1,223,196,2,1,11,4,27,1,1,6,1,0,-18,-4,0,0
2,116,159,3,3,2,8,15,1,1,2,0,0,2,86,103,0
2,118,28,2,1,7,1,17,1,0,17,1,0,7,21,100,0
1,160,28,2,3,13,8,16,1,1,1,1,0,159,-16,103,0
1,251,146,2,1,11,1,45,1,1,4,1,0,-13,-2,0,0
2,101,17,3,3,4,8,4,1,1,17,1,0,58,-19,103,1
1,234,198,2,1,10,8,68,1,1,14,1,0,44,94,101,0
1,252,165,2,1,14,8,84,1,1,4,0,0,98,-12,0,0
2,29,160,2,1,7,4,100,0,1,1,1,0,29,81,2,1
2,169,76,3,3,5,8,8,1,1,1,1,0,155,-13,103,0
2,238,34,2,1,7,1,115,1,0,0,1,0,3,-1,102,0
1,77,54,3,3,2,8,28,1,1,3,1,0,87,1,100,0
2,374,6,2,1,14,1,65,1,1,1,1,0,111,-4,103,0
2,122,131,2,3,8,6,12,1,1,16,1,0,81,85,101,0
2,48,97,3,3,2,8,25,1,0,0,1,0,-4,-2,100,0
1,134,1,3,3,9,6,22,1,0,0,0,0,121,1,103,0
1,57,19,3,3,4,8,23,0,0,0,0,0,-6,15,100,0
1,104,72,3,3,5,8,-6,1,1,1,1,0,160,-24,103,0
2,245,144,2,1,5,5,84,1,1,12,1,0,-11,23,101,0
1,148,173,2,1,7,1,59,1,1,9,0,0,-2,91,101,0
2,278,148,2,1,11,4,39,1,1,4,1,0,-2,-3,0,0
2,50,165,3,3,4,6,7,0,0,0,1,0,-14,-4,100,0
1,80,35,3,3,2,3,16,0,0,0,0,0,13,16,100,1
2,322,162,2,1,7,4,77,0,1,1,0,0,43,49,2,0
2,77,90,3,3,5,8,14,1,1,1,1,0,137,-1,103,0
2,203,32,2,1,7,1,74,0,0,0,0,0,52,80,2,1
2,146,183,2,1,1,8,74,1,1,2,1,0,-10,8,101,0
1,226,214,2,1,2,1,84,1,1,5,1,0,152,-3,0,0
2,38,119,2,1,7,4,25,0,1,1,1,0,20,-3,2,1
2,319,165,3,3,13,6,48,0,0,0,0,0,2,9,100,0
1,236,150,2,1,7,1,80,1,1,5,0,0,71,99,0,0
2,112,138,3,3,14,4,65,1,1,10,0,0,109,-13,101,0
2,302,172,2,1,8,1,91,1,1,5,1,0,-2,4,101,0
1,86,27,3,3,1,6,16,1,0,0,1,0,87,8,100,1
1,328,143,2,1,3,7,78,1,1,5,0,0,37,156,101,0
2,126,196,2,1,7,4,-4,1,1,4,1,0,-14,-8,101,0
1,286,75,3,3,11,5,24,1,1,10,1,0,118,70,101,0
2,353,9,0,0,9,6,0,0,0,0,0,1,168,0,102,0
1,315,202,2,1,10,4,31,1,1,9,1,0,38,10,101,0
2,222,220,2,1,7,1,7,0,0,0,0,0,56,3,2,1
2,39,32,3,1,8,1,6,0,0,0,0,0,7,39,2,1
1,303,85,2,1,7,4,41,1,0,0,1,2,15,-3,102,1
2,99,15,2,1,1,8,7,0,0,0,1,0,39,26,100,1
2,372,161,2,1,14,6,38,1,1,4,1,0,-2,1,101,0
2,139,181,2,1,1,5,75,1,1,12,0,0,-7,36,101,0
1,27,164,2,1,9,7,36,0,0,0,0,0,4,0,2,0
2,231,27,0,0,0,0,2,0,0,0,0,2,174,-2,102,0
1,159,202,2,1,2,5,53,1,1,3,1,0,127,121,101,0
2,246,159,2,1,14,3,103,1,1,4,0,0,94,0,0,0
2,268,93,2,1,7,4,37,1,1,1,1,0,110,26,0,0
2,390,130,3,1,5,5,19,1,1,9,1,0,61,149,101,0
2,125,194,2,1,7,1,58,1,1,5,1,0,138,3,101,0
2,142,58,3,3,13,1,2,1,0,0,1,0,56,-4,103,0
1,338,48,3,3,5,3,19,1,0,0,0,0,75,26,100,1
2,144,82,3,3,10,6,17,1,1,3,1,0,75,15,103,0
2,196,186,2,1,7,8,87,0,1,1,0,0,4,69,2,1
2,297,176,2,1,5,4,20,1,1,9,1,0,-6,76,0,0
1,226,218,2,1,7,4,38,1,1,17,0,0,-22,79,101,0
2,214,32,2,2,6,5,3,1,1,5,0,0,141,87,0,0
2,302,33,3,1,7,3,97,1,1,1,1,0,38,19,101,0
1,76,135,2,1,2,9,28,1,1,17,1,0,-3,58,0,0
2,56,188,2,1,2,1,58,0,1,5,1,0,17,14,101,1
2,313,191,2,1,7,3,48,1,1,4,1,0,-6,108,101,0
1,47,143,2,1,7,4,33,0,0,4,1,0,22,85,2,1
2,262,9,1,1,8,8,44,0,0,0,0,2,16,0,102,1
2,269,157,2,1,7,3,104,1,1,13,1,0,22,87,101,0
1,98,197,2,1,11,4,-1,1,1,12,0,0,-1,16,101,0
1,139,103,2,1,14,4,33,1,1,12,1,0,66,-4,0,0
1,65,158,2,1,11,4,107,1,1,14,0,0,-7,2,101,0
2,85,73,2,1,11,8,73,1,1,1,1,0,141,-8,0,0
1,230,192,2,1,7,1,85,1,1,4,1,0,56,-3,0,0
1,82,149,2,1,7,1,79,1,1,1,0,0,165,16,101,0
2,185,10,3,3,8,5,32,1,0,0,0,0,130,2,100,0
2,247,42,2,1,14,8,16,1,1,16,1,0,124,132,101,0
2,402,30,0,0,0,0,-3,0,0,0,0,2,166,-1,102,0
1,222,27,3,1,14,4,64,1,1,17,1,0,136,96,101,0
1,195,23,2,1,2,7,9,1,1,12,0,0,1,-10,101,0
2,301,109,2,1,6,6,38,1,1,2,0,0,100,149,101,0
2,359,38,2,1,9,8,38,0,0,0,1,2,15,-1,102,1
2,122,169,2,1,11,8,42,1,1,7,1,0,109,144,101,0
2,39,91,2,1,2,4,69,1,1,11,0,0,4,22,2,0
2,37,61,2,0,7,3,7,0,0,0,0,0,33,-2,102,1
2,312,151,2,1,7,4,87,0,0,0,0,0,54,61,2,1
2,141,147,2,1,3,5,12,1,1,10,0,0,-5,60,101,0
2,302,124,2,1,12,4,98,1,1,4,1,0,7,75,0,0
2,269,188,2,1,0,1,76,0,0,0,0,0,53,1,2,1
1,64,170,2,1,11,4,30,1,1,2,1,0,-8,-2,0,0
2,354,151,2,3,14,6,34,1,0,0,0,2,1,2,100,0
2,240,29,2,1,10,8,29,0,0,0,1,2,133,0,102,0
2,150,38,3,3,6,5,8,1,1,1,1,0,3,37,103,0
2,64,194,2,1,8,6,0,1,1,2,1,0,39,6,103,1
2,136,54,2,2,2,1,7,0,0,0,0,0,9,1,100,1
2,20,139,2,3,8,8,25,1,0,0,1,0,83,136,103,0
2,78,171,0,2,5,3,51,0,0,0,0,2,12,1,102,1
2,159,169,2,1,14,6,24,1,0,1,0,0,80,75,0,1
1,235,224,2,1,7,1,-1,1,1,4,1,0,13,71,2,0
2,277,40,2,1,7,3,90,0,0,2,0,0,52,-2,2,1
1,282,141,2,1,14,4,41,1,1,12,0,0,-13,64,101,0
2,405,2,0,0,0,0,5,0,0,0,0,1,181,1,102,0
1,375,7,3,3,14,6,0,1,1,5,0,0,122,-1,103,0
2,242,207,2,1,11,4,-2,0,0,4,0,0,8,-1,102,0
2,120,12,0,0,0,0,7,0,0,0,0,2,15,-1,102,0
1,285,191,2,1,7,1,62,1,1,12,0,0,19,101,0,0
2,234,149,2,3,5,7,0,1,1,1,1,0,31,90,103,0
1,325,30,2,1,6,4,84,1,1,5,0,0,18,17,101,0
1,104,81,3,3,12,8,3,1,0,0,1,0,74,-5,103,1
2,294,181,2,1,1,5,3,0,0,0,1,0,13,1,2,1
2,327,190,2,1,3,3,93,1,1,9,0,0,-12,114,101,0
0,189,45,2,1,2,8,29,1,0,0,0,0,35,31,100,1
2,298,176,2,1,7,4,1,1,1,9,1,0,33,167,101,0
2,90,15,3,3,1,8,59,1,1,1,1,0,123,-6,103,0
1,217,158,2,1,1,4,88,1,1,2,1,0,9,-7,101,0
1,228,139,2,1,7,1,52,1,1,10,0,0,54,78,101,0
2,87,149,2,1,14,8,0,1,1,1,1,0,185,5,101,0
2,322,36,2,1,9,1,21,0,0,0,0,2,-2,1,102,1
2,190,193,2,1,2,8,26,0,0,0,1,0,-1,2,2,1
1,120,95,2,1,7,4,1,1,1,2,1,0,47,21,2,1
2,62,185,2,1,11,4,92,1,1,17,1,0,24,68,101,0
2,296,86,2,1,14,4,104,1,1,14,1,0,38,11,0,0
2,151,9,0,0,0,0,7,0,0,0,0,1,16,0,102,0
2,149,144,2,1,10,8,74,1,1,8,0,0,-6,169,101,0
2,294,153,2,1,11,4,26,1,1,12,0,0,-12,50,0,0
1,174,180,2,1,7,1,54,0,1,1,0,0,61,98,2,1
1,52,23,3,3,5,6,-7,1,1,17,1,0,128,-38,103,0
1,313,36,0,0,14,6,7,0,0,0,0,2,174,-1,102,1
2,131,27,2,3,8,8,30,1,0,16,1,2,-3,21,100,0
1,189,157,2,1,3,4,88,1,1,9,0,0,-16,152,101,0
2,273,147,2,1,7,1,57,1,1,5,0,0,148,22,101,0
2,306,15,3,3,8,1,80,1,1,1,1,0,116,6,2,0
2,50,34,2,1,7,6,44,0,0,5,0,0,7,86,2,1
1,392,153,2,1,3,5,74,1,1,16,0,0,-8,77,101,0
2,136,25,3,3,5,6,23,0,0,0,0,0,158,0,100,0
2,302,13,3,1,8,6,19,0,0,0,0,0,10,31,100,1
2,258,1,2,1,7,1,89,1,1,9,0,0,-7,143,101,0
2,143,-2,3,3,14,6,4,0,0,0,0,0,-4,22,100,1
2,325,22,0,0,14,0,3,0,0,0,1,0,-2,0,102,0
2,235,69,2,1,7,1,104,1,1,4,1,0,44,-2,0,0
2,50,84,2,3,2,4,25,1,0,0,1,0,37,-4,0,1
2,25,36,2,1,7,1,101,0,0,0,1,2,11,1,102,1
1,176,163,2,1,14,1,42,1,1,17,1,0,99,51,101,0
2,101,32,3,3,2,9,6,0,0,0,0,0,65,16,100,1
2,317,18,2,1,9,8,43,1,0,0,1,0,93,10,100,1
2,132,176,2,1,14,8,19,1,0,0,0,0,0,-1,2,0
2,249,238,2,1,7,3,40,1,0,0,0,0,60,1,2,1
1,272,143,3,1,7,8,26,1,0,0,1,0,36,21,100,1
2,189,73,2,1,2,8,19,0,1,0,1,0,-6,19,100,1
2,76,122,2,1,6,6,66,1,1,5,1,0,96,9,0,0
2,315,30,2,1,7,3,71,1,1,1,1,0,40,8,101,1
1,302,161,2,1,11,4,69,1,1,5,0,0,-5,15,0,0
1,249,174,2,1,14,1,76,1,1,3,1,0,160,14,101,0
2,68,77,3,1,8,4,36,1,1,1,1,0,137,-2,103,0
2,95,42,2,2,14,4,40,1,0,4,1,0,6,-6,0,0
2,117,19,3,3,5,8,62,1,1,1,1,0,151,30,103,0
2,275,36,0,1,8,4,30,1,0,0,0,2,155,0,102,0
2,140,17,3,3,8,6,62,0,0,0,1,0,166,-2,100,0
1,377,204,2,1,14,5,64,1,1,9,1,0,-16,62,101,0
2,101,10,3,1,5,7,2,0,0,0,0,0,57,21,2,1
2,379,114,3,3,8,6,10,1,0,0,1,0,122,-3,100,0
2,300,17,3,3,7,1,22,1,1,1,1,0,53,16,103,0
2,78,59,2,1,11,7,20,0,0,0,0,2,5,-1,102,0
1,378,181,2,1,3,5,63,1,1,16,0,0,42,130,101,0
2,87,160,3,1,6,4,11,1,1,1,1,0,165,14,103,0
2,88,15,3,3,5,4,76,1,0,0,1,0,105,3,100,1
2,168,76,1,1,8,8,3,0,0,0,1,0,27,37,2,1
2,157,18,3,3,1,8,19,1,1,1,1,0,125,8,101,0
2,135,152,3,3,2,3,-2,0,0,0,1,0,-15,-4,100,1
1,33,57,2,1,7,1,65,0,0,4,1,0,15,0,0,1
1,297,134,2,1,7,1,32,0,0,0,1,2,22,-1,102,1
2,72,173,2,1,4,4,82,1,1,1,1,0,0,-1,0,0
2,325,27,2,1,8,7,80,1,1,6,0,0,-2,-1,0,0
1,77,177,2,1,7,7,48,1,1,14,0,0,-10,158,101,0
2,178,158,2,3,8,4,33,1,1,1,1,0,1,2,103,0
2,295,17,2,1,8,6,44,1,0,0,1,2,111,0,102,0
1,355,80,2,1,7,1,38,1,1,6,1,0,64,78,101,0
2,242,42,2,1,7,1,28,1,1,2,1,0,48,0,100,0
2,69,101,3,1,14,6,57,1,1,13,1,0,114,18,101,0
2,113,7,3,3,8,8,31,0,0,0,1,0,39,0,100,1
2,418,179,2,1,14,5,58,1,1,10,0,0,-17,141,101,0
2,158,19,2,1,8,8,66,1,1,1,1,0,145,-10,101,0
2,264,161,2,1,2,4,49,1,1,11,0,0,-15,20,101,0
2,92,170,2,1,14,7,69,1,1,14,1,0,-9,20,101,0
2,272,87,2,3,7,1,10,0,0,0,1,0,58,0,2,1
2,222,98,2,1,8,4,25,0,1,1,1,0,57,1,2,1
2,33,122,2,1,11,1,33,1,1,4,1,0,84,0,0,0
2,316,135,3,3,14,3,30,1,1,3,1,0,107,37,0,0
1,308,142,3,3,5,4,22,1,0,0,1,0,42,69,100,0
1,45,147,3,3,5,8,66,1,1,12,0,0,-5,42,101,0
2,37,25,2,1,4,4,31,1,1,5,0,0,3,3,101,1
2,133,151,3,1,14,5,3,1,1,11,1,0,104,81,103,0
1,295,186,2,1,11,4,45,1,1,6,1,0,-14,155,0,0
1,378,173,2,1,14,4,53,1,1,9,0,0,-18,106,101,0
2,60,80,3,3,6,6,5,0,0,0,1,0,21,4,100,1
2,124,161,3,3,13,8,20,1,1,1,1,0,145,-23,103,0
2,146,14,3,1,8,8,33,0,0,0,1,0,53,-2,100,1
2,391,8,2,1,5,6,32,1,0,0,0,2,80,-3,100,0
1,-35,177,3,3,2,3,0,0,0,0,1,0,20,43,100,1
2,115,100,2,1,8,1,102,0,0,0,1,2,-1,-1,102,1
2,196,174,3,3,1,5,5,0,0,0,1,0,41,28,100,1
1,278,201,2,1,7,4,38,1,1,14,0,0,-10,97,101,0
2,124,118,2,1,7,3,30,0,0,0,1,0,99,-1,2,1
2,149,200,2,1,2,1,19,1,1,12,1,0,-7,23,103,0
1,83,176,2,1,11,4,68,1,1,14,1,0,9,6,101,0
2,251,22,1,3,6,6,19,1,0,1,1,0,84,16,103,0
2,202,33,2,1,10,8,78,1,1,5,1,0,86,117,101,0
1,361,41,2,1,14,3,38,0,0,0,1,0,36,-3,100,1
1,314,183,2,1,11,4,20,1,1,18,0,0,-18,155,101,0
2,332,158,2,1,2,7,34,0,0,0,0,0,17,-1,2,1
1,203,219,2,1,10,4,31,1,1,5,0,0,111,-8,0,0
2,84,19,3,3,5,8,-1,0,0,0,0,1,-1,1,102,1
1,328,147,2,1,14,6,28,1,1,10,1,0,-4,-5,0,0
2,273,168,2,1,7,8,28,1,1,12,1,0,57,16,101,0
2,136,45,3,3,2,8,-4,0,0,0,1,0,107,19,100,1
2,43,18,3,1,7,1,26,1,1,1,1,0,137,-4,103,0
2,222,35,2,1,14,3,0,0,1,14,1,0,44,2,2,1
1,286,21,2,1,14,4,8,1,1,4,1,0,72,32,0,0
1,154,234,2,1,7,1,4,0,0,0,0,2,2,-1,102,1
1,260,21,2,1,2,1,91,1,1,1,1,0,40,-8,0,0
1,253,177,2,1,7,6,32,1,1,2,1,0,21,-1,0,0
2,122,27,3,3,2,8,7,0,0,0,1,0,6,5,100,0
1,144,153,2,3,6,5,73,1,1,1,1,0,106,-17,101,0
2,224,136,3,3,10,8,-4,1,0,1,1,0,152,-10,103,0
1,88,44,2,1,2,1,63,0,1,4,1,0,2,84,2,1
1,248,128,2,1,7,4,98,1,1,14,1,0,34,18,0,0
2,375,152,2,1,6,8,67,1,1,17,0,0,-11,81,101,0
1,330,200,2,1,11,4,70,1,1,5,1,0,-20,107,101,0
2,307,56,2,2,14,6,1,0,1,1,1,0,139,22,103,0
1,284,164,2,1,11,3,65,1,1,5,0,0,10,154,0,0
2,267,17,2,1,1,8,66,0,1,4,0,0,2,87,2,0
2,203,33,2,1,7,1,71,0,1,2,1,0,48,81,2,1
2,410,164,2,1,2,6,101,1,1,11,0,0,-20,73,101,0
2,264,213,2,1,7,4,13,1,1,4,1,0,16,-4,2,1
1,28,33,2,1,2,1,88,0,1,7,1,0,11,100,2,1
2,312,132,3,3,5,5,0,1,1,1,1,0,71,-30,103,0
2,135,28,2,1,8,4,73,1,1,19,1,0,30,121,101,0
2,381,130,2,1,8,6,30,1,0,0,0,2,80,-3,0,0
2,175,3,3,1,14,8,22,1,0,0,0,0,115,9,100,0
2,198,28,3,3,5,8,31,1,0,0,1,0,4,0,100,0
2,165,103,3,3,5,8,-6,1,1,1,1,0,143,84,103,0
1,40,196,2,1,2,4,82,1,1,14,1,0,-10,55,101,0
2,287,11,3,3,1,6,1,1,0,2,0,0,47,6,100,0
1,299,180,2,1,7,8,51,1,1,9,0,0,-12,105,101,0
2,139,33,2,1,7,8,5,1,1,1,0,0,4,24,2,0
2,356,171,2,1,7,3,65,1,1,14,1,0,159,26,101,0
2,110,104,2,1,14,8,32,1,1,15,0,0,-12,109,103,0
2,318,118,2,1,3,8,30,1,1,5,0,0,81,119,0,0
1,116,9,3,3,1,5,3,1,1,1,1,0,91,-47,103,0
2,78,203,2,1,7,8,28,0,0,0,1,0,2,1,2,1
1,64,15,2,1,7,1,9,1,1,5,1,0,159,-5,101,0
2,191,19,3,3,11,8,65,1,1,1,1,0,118,62,103,0
2,195,212,2,1,6,4,59,1,1,1,1,0,7,4,101,0
2,204,220,2,1,7,4,44,1,1,4,1,0,-8,0,0,0
2,320,136,2,1,5,1,76,1,1,12,0,0,23,137,101,0
2,81,22,0,0,0,7,-2,0,0,0,0,2,182,0,102,0
2,129,26,2,1,7,4,35,0,0,1,1,0,69,0,2,1
2,258,33,2,2,14,3,67,1,1,2,1,0,30,32,100,0
1,269,17,2,1,11,1,69,1,1,1,1,0,151,43,0,0
2,102,79,3,1,5,8,37,1,0,0,1,0,6,-3,103,0
2,248,122,2,1,7,1,75,1,1,16,0,0,60,67,0,0
2,175,49,3,3,5,8,26,1,0,0,1,0,85,12,103,0
2,95,34,2,1,9,4,101,1,0,0,0,0,98,-1,100,0
1,98,180,2,1,14,8,81,1,1,1,1,0,167,15,103,0
1,35,188,2,1,7,4,45,1,1,7,1,0,-17,-8,0,0
2,239,147,2,1,7,6,8,1,1,1,1,0,60,-11,101,0
2,192,58,3,3,13,8,18,1,0,0,1,1,-4,30,100,0
2,194,16,2,3,4,8,25,1,0,0,0,0,116,10,0,0
2,270,156,2,1,5,1,89,1,1,5,1,0,29,7,101,0
1,286,39,3,3,5,3,-4,0,0,1,1,0,29,-17,100,1
2,310,28,3,1,10,0,8,0,0,0,1,0,113,0,102,1
1,28,129,2,1,11,4,71,1,1,2,1,0,8,0,0,0
2,199,156,2,1,7,1,83,1,0,6,1,0,24,73,2,1
2,100,171,2,1,2,4,92,1,1,4,0,0,-9,9,101,0
2,257,53,2,1,7,7,41,1,0,0,1,2,120,0,102,1
2,137,159,3,3,8,3,29,0,0,0,0,0,20,-1,100,1
1,248,218,2,1,11,4,26,1,1,4,1,0,-9,-4,0,0
2,70,51,3,3,5,8,-6,1,1,1,1,0,142,-16,103,0
1,28,30,2,1,2,1,56,0,0,2,0,0,54,78,2,1
2,354,22,2,1,3,8,26,1,1,16,0,0,71,138,0,0
2,104,176,3,3,2,8,21,1,1,1,1,0,-3,45,103,0
2,94,109,2,1,6,4,20,1,1,14,1,0,-8,47,101,0
2,333,48,2,1,10,4,77,1,1,11,0,0,0,154,101,0
2,44,162,3,3,7,1,8,0,0,0,1,0,13,-5,2,1
1,118,126,3,3,6,6,9,1,0,0,0,0,163,-4,100,0
1,106,5,3,3,1,6,-1,0,0,0,0,0,3,35,100,1
1,41,139,2,1,7,1,4,0,1,14,1,0,51,0,2,1
2,289,189,3,3,2,1,29,1,1,4,1,0,88,15,100,0
2,272,162,2,1,7,1,53,1,1,4,0,0,77,80,2,0
1,93,80,2,1,8,1,24,1,0,0,1,0,95,2,100,0
2,196,28,2,1,8,7,6,1,1,16,1,0,82,14,101,0
2,228,31,2,3,1,3,4,0,0,0,0,0,-8,55,2,1
2,327,110,2,1,11,4,27,1,0,4,1,0,-2,0,0,0
2,170,37,3,1,2,8,-2,1,1,4,1,0,-1,6,101,0
1,110,29,2,1,7,4,46,1,1,2,1,0,-3,-1,0,0
1,145,44,2,1,11,4,84,1,1,7,1,0,-3,0,0,0
2,331,101,2,1,10,4,104,1,1,4,1,0,5,22,0,0
2,61,81,2,1,7,4,28,1,1,3,1,0,-1,19,101,0
1,295,173,2,1,11,4,45,1,1,9,0,0,-22,98,101,0
2,121,181,3,3,1,8,-5,1,1,1,1,0,116,-34,103,0
1,6,36,2,1,2,1,86,1,1,6,1,0,15,81,100,1
1,365,203,2,1,8,8,75,1,1,11,1,0,-18,115,101,0
2,348,141,2,1,5,5,-2,1,1,5,0,0,32,-23,101,0
2,131,25,2,0,0,0,8,0,0,0,0,2,156,0,102,0
2,297,39,2,1,8,6,5,0,0,0,0,0,42,-1,2,1
2,47,190,3,3,5,8,38,1,0,0,1,0,20,21,100,1
2,332,71,3,1,5,5,59,1,1,13,1,0,38,61,101,0
2,297,201,2,1,11,8,99,0,0,0,0,2,6,-1,102,0
1,57,179,2,1,7,4,68,1,1,1,1,0,-3,24,101,0
1,253,46,3,3,5,6,18,0,0,0,1,0,18,32,100,1
2,125,-8,3,3,1,8,2,1,1,1,0,0,38,26,103,0
2,91,201,2,1,9,8,1,0,0,0,0,0,-9,-4,2,1
1,88,193,2,1,7,1,1,0,0,0,0,0,22,98,2,1
2,277,18,2,1,11,4,52,1,0,0,0,2,1,-5,102,0
1,117,197,2,1,2,1,2,1,1,4,1,0,5,62,101,0
2,34,30,2,1,8,4,77,1,0,0,0,2,29,-1,102,0
1,50,85,3,3,2,8,27,1,1,4,1,0,-1,12,103,0
2,63,5,3,3,1,7,86,0,0,0,1,0,-2,0,100,1
2,34,124,2,1,8,6,29,0,0,0,1,2,155,2,102,1
2,330,169,2,1,6,7,6,1,1,11,0,0,109,33,101,0
2,39,158,2,1,7,1,32,1,1,1,1,0,49,0,0,0
2,182,32,2,1,8,8,46,1,0,0,1,2,41,1,102,1
2,195,68,2,1,7,1,4,0,0,0,0,2,70,-3,2,1
2,224,184,2,1,7,1,46,0,0,0,0,0,55,-2,102,1
2,165,-9,3,3,14,8,6,1,0,0,0,0,143,28,100,0
2,250,24,2,1,11,4,43,0,0,0,1,0,14,-3,102,1
2,319,48,2,1,7,1,5,1,1,2,1,0,101,-1,0,0
2,72,46,2,1,5,8,10,0,0,0,0,2,11,-1,102,1
0,309,36,2,1,9,7,73,0,0,0,0,2,2,0,102,1
2,346,25,0,1,10,0,79,0,0,0,0,2,163,0,102,0
0,95,37,0,0,14,6,4,0,0,0,0,2,115,-1,102,0
2,20,47,3,3,5,5,14,1,1,1,1,0,157,-16,103,0
2,84,69,3,3,6,6,4,0,0,0,1,0,65,-5,100,1
2,239,145,2,1,14,2,6,1,1,4,0,0,40,114,101,0
2,33,161,2,1,7,4,68,1,1,5,0,0,20,1,0,0
2,15,163,2,3,7,4,28,0,1,1,1,0,65,96,2,1
2,167,69,3,3,5,8,5,1,1,1,1,0,164,-32,103,0
1,33,14,0,0,0,6,7,0,0,0,0,1,188,2,102,0
2,59,57,2,1,8,3,3,0,0,0,0,0,24,32,2,1
1,325,155,2,1,7,4,63,1,1,12,0,0,-5,57,101,0
2,255,172,2,2,7,3,45,0,0,0,0,1,171,0,102,1
2,297,30,2,1,8,6,7,1,0,0,0,2,185,-1,102,0
2,151,19,3,3,13,8,-8,1,1,1,1,0,70,-22,103,0
2,222,218,2,1,7,1,96,0,0,0,1,2,44,-1,102,1
1,183,135,2,1,11,8,4,1,0,4,0,0,3,60,0,0
2,389,150,2,1,9,4,87,1,1,1,1,0,44,90,101,0
1,399,30,3,3,8,6,43,1,0,0,1,2,18,-1,100,0
2,39,20,2,1,2,3,1,1,1,1,1,0,44,80,2,0
1,99,115,2,3,1,4,35,1,1,1,1,0,146,-4,0,0
1,193,173,2,1,14,6,93,1,1,4,0,0,-2,30,101,0
1,228,191,2,1,7,9,103,0,0,0,0,2,60,-2,102,1
2,12,213,3,3,7,1,6,0,0,0,0,0,22,66,2,1
2,350,100,3,3,8,8,-1,0,0,0,0,0,99,0,100,0
1,211,185,2,1,7,6,25,1,0,0,0,2,94,-1,102,0
1,195,42,2,1,8,8,67,0,1,1,1,0,35,28,2,1
2,124,38,2,1,6,3,83,1,1,1,1,0,90,17,0,0
2,112,72,3,3,1,8,2,1,1,1,1,0,98,-4,100,0
2,358,127,2,1,7,1,62,1,1,16,1,0,122,91,101,0
2,417,155,2,1,3,7,87,1,1,9,0,0,99,153,101,0
2,310,173,2,1,6,6,5,1,1,12,0,0,99,164,101,0
2,175,169,3,3,8,7,27,1,0,0,1,0,-11,20,102,0
2,84,37,3,3,13,8,32,1,1,1,1,0,37,-34,103,1
1,217,191,2,1,7,3,46,0,0,0,0,0,51,67,2,1
2,123,22,0,2,0,0,1,0,0,0,0,1,-10,1,102,1
1,149,102,3,3,5,8,8,1,1,3,1,0,135,107,103,0
1,212,172,2,1,7,4,73,0,1,1,1,0,47,11,2,1
2,207,27,2,2,7,1,37,0,0,0,0,0,27,14,2,1
2,111,169,3,3,2,4,22,1,1,1,1,0,31,21,100,1
2,279,45,3,3,7,3,23,0,0,0,0,0,34,3,100,1
2,111,83,3,1,5,8,18,1,1,1,1,0,139,-9,103,0
2,106,182,2,1,3,2,86,1,1,10,1,0,133,6,101,0
2,4,228,2,1,11,1,45,1,1,7,1,0,3,-2,0,0
1,267,194,2,1,0,8,5,0,0,0,0,1,159,0,102,0
