col_1,col_2,col_3,col_4,col_5,col_6,col_7,col_8,col_9,col_10,col_11,col_12,col_13,col_14,col_15,class
2,156,0,2,1,13,8,30,1,1,1,0,0,42,0,0
1,328,93,2,1,11,4,65,1,1,6,0,0,118,119,0
1,89,16,2,1,11,4,36,1,0,0,0,0,74,140,0
2,125,46,2,1,13,8,73,1,1,5,1,0,1,3,0
2,43,109,2,1,13,8,41,1,0,0,0,2,8,0,0
2,168,86,2,1,10,8,57,1,0,0,1,0,96,0,0
2,179,33,2,1,12,4,98,1,0,0,1,0,25,236,0
1,74,169,2,1,3,8,1,1,0,0,0,0,159,168,0
2,310,16,3,3,9,4,74,1,0,0,0,0,34,94,0
2,255,100,3,3,13,8,68,1,0,0,1,0,140,172,0
2,64,27,2,1,2,4,50,0,0,0,1,0,10,0,0
2,145,53,2,1,2,4,79,1,0,0,0,0,67,76,0
1,220,114,2,1,9,8,25,1,0,0,1,0,0,0,0
2,282,115,2,1,9,8,1,0,0,0,0,0,0,195,0
1,270,159,2,1,11,8,84,1,1,7,1,0,0,0,0
2,211,92,3,3,9,8,6,1,1,10,1,0,86,0,0
2,129,29,2,1,10,8,24,1,1,3,1,0,108,0,0
1,78,113,2,1,11,8,69,1,1,10,0,0,8,84,0
2,61,9,2,1,4,4,17,1,0,0,1,0,0,0,0
1,34,136,2,1,3,4,19,1,1,7,0,0,167,0,0
2,94,166,2,1,2,8,57,1,1,17,0,0,40,158,0
2,78,32,2,1,2,8,22,1,0,0,0,2,80,0,0
1,280,131,2,1,2,8,105,1,1,6,1,0,0,163,0
1,121,192,2,1,14,4,66,1,1,1,0,0,8,11,0
1,244,118,2,1,11,8,13,1,1,3,1,0,18,0,0
1,3,19,2,1,2,4,36,1,1,2,0,0,1,0,0
1,274,184,2,1,7,1,88,1,1,9,1,0,0,0,0
2,318,202,2,1,4,1,125,1,1,17,1,0,0,0,0
2,322,135,2,1,5,4,100,1,1,3,0,0,0,0,0
2,252,33,2,1,13,8,84,1,1,6,1,0,136,227,0
2,138,194,2,1,1,8,85,1,1,5,1,0,27,0,0
2,251,148,2,1,14,4,106,1,1,8,0,0,0,0,0
2,291,128,2,1,7,1,104,1,1,15,1,0,0,212,0
1,212,104,2,1,5,8,84,1,0,0,1,0,0,205,0
1,70,161,2,1,11,8,10,1,1,5,1,0,0,119,0
2,125,45,2,1,13,8,46,1,1,11,1,0,121,29,0
2,119,47,2,1,3,4,43,1,1,12,1,0,146,130,0
1,75,172,2,1,14,4,13,1,1,2,1,0,80,118,0
2,124,19,3,3,3,8,6,1,1,2,0,0,67,114,0
2,311,142,2,1,6,3,124,1,1,11,1,0,79,93,0
2,188,139,2,1,2,8,80,1,1,12,1,0,0,79,0
2,136,195,2,1,2,4,90,1,1,11,0,0,0,190,0
2,142,43,2,1,13,4,19,1,1,1,0,0,61,49,0
2,234,190,2,1,13,8,110,1,1,6,1,0,152,0,0
2,316,214,3,3,2,8,131,1,1,21,0,0,0,15,0
2,309,121,2,1,2,4,60,1,1,11,1,0,0,91,0
1,243,55,3,3,11,4,3,1,1,20,1,0,127,161,0
2,166,93,2,1,3,4,96,1,1,3,0,0,83,93,0
2,247,46,2,1,7,1,72,0,0,0,0,0,49,0,0
2,84,21,2,1,2,8,4,0,0,0,0,0,1,0,0
1,103,16,2,1,2,4,23,1,0,0,1,0,134,0,0
2,106,32,2,1,11,8,42,1,0,0,1,0,74,0,0
2,215,55,2,1,13,8,1,1,0,0,1,0,111,218,0
2,196,65,2,1,13,8,0,1,0,0,1,0,59,76,0
2,189,72,2,1,3,4,102,1,0,0,1,0,0,0,0
2,79,170,3,3,13,8,22,1,0,0,1,0,23,93,0
2,77,0,2,1,3,8,2,1,0,0,0,0,0,0,0
2,265,16,2,1,7,4,84,1,0,0,1,0,86,0,0
2,198,94,2,1,14,4,94,0,0,0,1,2,153,0,0
2,261,72,2,1,11,4,95,1,1,11,0,0,159,0,0
2,319,176,2,1,10,8,30,1,1,4,1,0,40,0,0
2,163,198,2,1,4,8,64,1,1,9,0,0,62,132,0
1,80,26,3,3,11,8,36,1,1,2,1,0,159,108,0
1,46,28,2,1,11,8,38,1,1,1,0,0,0,0,0
2,113,91,2,1,3,8,78,1,1,1,1,0,8,0,0
2,188,46,2,1,3,8,37,1,1,1,1,0,141,237,0
1,203,32,2,1,2,8,46,1,1,11,0,0,0,110,0
2,100,12,2,1,10,8,6,1,1,3,0,0,67,233,0
2,36,118,2,1,13,4,35,1,1,7,0,0,159,198,0
2,198,211,2,1,14,4,39,1,1,1,1,0,138,114,0
2,305,118,2,1,9,8,97,1,1,15,0,0,0,230,0
2,324,123,2,1,10,8,123,1,1,6,1,0,96,166,0
1,49,157,2,1,3,4,8,1,1,1,1,0,159,35,0
2,236,117,2,1,11,8,1,1,1,1,0,0,40,93,0
2,102,179,2,1,3,8,29,1,1,22,1,0,15,88,0
1,91,179,2,1,1,8,36,1,1,12,1,0,8,120,0
1,263,120,2,1,11,8,101,1,1,3,1,0,0,0,0
1,81,138,2,1,11,8,109,1,1,5,1,0,8,0,0
2,196,101,2,1,14,4,103,1,1,6,1,0,0,149,0
2,279,65,2,1,10,1,57,1,1,12,1,0,113,194,0
2,72,163,2,1,11,8,57,1,1,7,1,0,1,139,0
2,190,91,2,1,7,1,70,1,1,2,0,0,71,125,0
1,131,81,2,1,13,8,22,1,0,0,0,2,74,0,0
2,340,108,2,1,5,9,120,1,1,1,1,0,0,0,0
2,46,53,2,1,2,8,51,1,1,1,0,0,1,65,0
1,278,131,2,1,5,1,98,1,1,6,0,0,102,238,0
2,206,101,2,1,2,1,57,1,1,6,0,0,0,103,0
2,173,108,2,1,11,4,92,1,1,12,1,0,112,149,0
2,287,118,2,1,11,4,95,1,0,0,1,0,93,0,0
2,236,17,3,3,1,8,13,1,1,3,0,0,40,149,0
2,182,69,2,1,10,8,77,1,1,6,0,0,43,0,0
1,31,143,2,1,13,8,39,1,1,6,1,0,110,124,0
1,116,186,2,1,11,4,84,1,1,2,0,0,0,212,0
1,159,84,2,1,3,4,16,1,1,9,1,0,35,0,0
1,317,197,2,1,8,3,0,1,1,15,0,0,0,86,0
2,258,10,3,3,3,4,42,1,1,8,0,0,1,104,0
2,67,163,2,1,13,8,46,1,1,1,0,0,159,89,0
2,119,49,2,1,3,4,86,1,1,9,0,0,109,141,0
2,175,65,2,1,3,4,62,1,1,6,0,0,23,182,0
2,78,45,2,1,11,8,54,1,1,3,1,0,0,121,0
1,239,127,3,3,11,4,107,1,1,14,0,0,0,191,0
1,152,118,2,1,2,1,75,1,1,7,1,0,0,200,0
1,306,195,2,1,2,8,92,1,1,14,0,0,0,187,0
1,273,15,2,1,3,4,10,1,1,11,1,0,122,6,0
1,325,150,2,1,11,8,75,1,1,14,0,0,0,175,0
2,214,118,2,1,10,4,77,1,1,12,1,0,165,0,0
2,76,65,2,1,2,8,27,1,1,11,1,0,147,185,0
2,174,45,2,1,3,4,92,1,1,3,1,0,0,0,0
1,59,168,3,3,8,5,0,1,1,11,1,0,0,0,0
1,132,73,3,3,14,4,58,1,1,1,0,0,152,0,0
1,341,195,2,1,5,9,0,1,1,14,0,0,0,203,0
2,126,54,2,1,9,4,76,1,1,2,1,0,35,0,0
2,187,2,3,3,10,1,1,1,1,1,1,0,74,179,0
2,123,54,2,1,14,4,25,1,1,4,0,0,15,223,0
2,262,54,2,1,10,8,42,1,1,2,1,0,0,15,0
2,95,50,2,1,14,8,40,1,1,1,1,0,107,20,0
2,167,51,3,3,5,4,1,1,0,0,1,0,106,0,0
1,332,199,2,1,11,8,116,1,0,0,1,0,45,228,0
1,241,150,2,1,11,4,42,1,0,0,0,0,76,142,0
2,35,143,2,1,11,8,25,1,0,0,1,0,147,108,0
1,171,17,2,1,3,8,1,1,0,0,0,0,122,229,0
2,211,77,2,1,11,4,112,1,0,0,1,0,2,126,0
2,216,36,3,3,4,8,36,0,0,0,1,0,119,0,0
1,95,66,3,3,1,8,6,1,0,0,1,0,99,0,0
2,245,0,2,1,2,1,125,1,0,0,0,0,0,0,0
2,315,179,2,1,9,4,107,1,0,0,1,0,60,181,0
1,293,187,2,1,9,4,109,1,0,0,1,0,0,0,0
2,71,159,2,1,11,4,32,1,0,0,0,0,1,0,0
2,117,45,3,3,13,8,9,1,0,0,1,0,67,153,0
2,94,179,2,1,1,8,64,1,0,0,1,2,39,0,0
1,107,137,2,1,1,8,34,1,0,0,0,0,23,65,0
1,26,140,2,1,11,8,29,1,1,4,0,0,147,117,0
2,43,133,2,1,1,8,45,1,1,14,0,0,147,67,0
2,279,10,2,1,2,1,125,1,1,19,0,0,0,232,0
1,54,62,2,1,7,1,13,1,1,4,0,2,159,0,0
1,48,72,2,1,11,8,4,1,1,3,0,0,1,6,0
1,321,204,2,1,2,8,92,1,1,7,0,0,0,199,0
1,68,110,2,1,11,8,59,1,1,7,0,0,11,201,0
2,288,135,2,1,2,4,118,1,1,9,0,0,35,176,0
2,237,118,2,1,1,1,72,1,1,1,0,0,0,114,0
2,240,101,2,1,2,8,84,1,1,7,0,0,0,200,0
1,134,33,2,1,2,8,57,1,1,5,1,0,80,171,0
1,178,96,2,1,11,4,39,1,1,2,0,0,0,0,0
2,55,159,2,1,2,8,64,1,0,0,1,0,0,0,0
2,251,7,2,1,7,4,87,1,0,0,0,0,111,0,0
2,249,31,2,1,14,8,57,1,0,0,0,0,137,124,0
2,71,47,3,3,13,8,66,1,1,6,0,0,159,0,0
2,191,87,3,3,7,1,109,1,1,7,1,0,38,0,0
2,129,102,3,3,2,1,36,1,1,8,1,0,17,7,0
2,179,76,3,3,14,8,68,1,1,3,1,0,103,0,0
2,283,129,2,1,13,4,126,1,1,12,0,0,0,137,0
2,122,55,3,3,1,8,46,1,1,3,1,0,99,119,0
2,70,151,2,1,14,8,1,1,1,9,0,0,147,107,0
1,85,16,2,1,11,4,30,1,1,1,0,0,0,127,0
1,245,32,2,1,7,1,51,1,0,0,1,0,0,93,0
2,92,69,2,1,2,8,51,1,1,6,0,0,170,124,0
1,49,155,2,1,11,8,18,1,1,2,1,0,133,0,0
2,207,57,3,3,13,8,2,1,1,1,0,0,135,156,0
1,200,174,2,1,11,4,123,1,1,8,0,0,0,220,0
1,344,0,0,0,0,0,0,0,0,0,0,1,170,0,0
2,134,141,2,1,11,4,93,1,1,6,0,0,104,70,0
2,198,65,2,1,9,8,80,1,1,7,0,0,19,164,0
2,233,91,2,1,2,1,98,1,1,16,0,0,7,159,0
2,231,113,2,1,3,4,114,1,1,14,1,0,109,0,0
2,87,119,3,3,4,8,92,1,0,0,1,2,1,0,0
2,331,192,2,1,6,3,129,1,1,15,1,0,0,149,0
2,76,168,2,1,7,8,72,1,1,9,0,0,144,133,0
2,113,68,3,3,3,8,89,1,1,1,0,0,47,0,0
2,283,81,2,1,1,8,72,1,0,0,0,2,56,0,0
2,244,87,2,1,3,4,100,1,1,8,0,0,86,0,0
2,314,168,2,1,6,3,84,1,1,5,0,0,0,225,0
2,308,146,2,1,5,8,111,1,1,5,0,0,0,0,0
1,32,140,3,3,2,8,25,1,1,4,1,0,159,114,0
1,294,180,2,1,1,8,52,1,1,3,1,0,22,0,0
2,339,163,2,1,5,9,130,1,1,7,1,0,50,0,0
1,17,138,2,1,1,8,33,1,0,0,1,0,0,0,0
1,31,144,2,1,1,8,2,1,0,0,0,0,1,0,0
1,218,108,2,1,11,8,3,1,0,0,1,0,55,0,0
2,78,86,2,1,2,1,6,1,0,0,1,0,23,0,0
2,22,108,2,1,9,8,13,1,0,0,0,0,159,0,0
1,69,134,3,3,14,8,56,0,0,0,0,0,25,0,0
2,39,12,2,1,11,8,46,1,1,2,1,0,159,0,0
2,64,163,2,1,3,8,17,1,0,0,0,0,1,0,0
2,96,81,2,1,3,8,16,1,1,7,0,0,0,222,0
1,278,72,2,1,14,8,122,1,1,2,1,0,139,177,0
2,181,51,2,1,14,4,80,1,1,4,1,0,64,143,0
2,123,189,2,1,13,8,94,1,0,0,1,0,132,114,0
1,326,206,2,1,7,1,114,1,1,13,0,0,0,221,0
1,48,53,2,1,11,8,48,1,1,5,0,0,51,193,0
2,108,9,2,1,7,1,0,1,0,0,1,0,0,0,0
2,55,126,2,1,1,8,34,1,1,1,0,0,159,226,0
2,257,96,2,1,11,8,81,1,0,0,0,2,0,0,0
2,219,153,2,1,14,8,57,1,1,6,0,0,141,75,0
2,47,150,3,3,2,8,57,1,0,0,0,2,110,0,0
2,284,210,2,1,13,8,42,1,1,3,0,0,8,14,0
2,130,101,2,1,13,8,116,1,0,0,1,0,152,0,0
1,30,126,2,1,11,8,61,1,1,5,0,0,170,235,0
2,27,54,2,1,7,8,36,1,1,2,0,0,8,93,0
2,179,73,3,3,2,4,47,1,1,1,1,0,34,234,0
2,267,135,2,1,3,4,123,1,1,1,1,0,162,179,0
1,39,8,2,1,11,4,7,1,1,11,0,0,159,48,0
0,89,182,2,1,2,1,83,1,1,2,0,0,155,109,0
2,61,163,2,1,14,8,7,1,1,6,0,0,9,0,0
2,238,207,2,1,5,9,130,1,1,11,0,0,0,157,0
2,246,101,2,1,11,4,84,1,1,6,1,0,130,0,0
1,19,163,2,1,14,4,25,1,1,11,0,0,0,199,0
2,77,165,2,1,14,4,12,1,1,1,0,0,1,0,0
2,330,46,2,1,11,8,3,1,0,0,1,0,67,0,0
2,21,5,2,1,11,6,5,0,0,0,0,0,40,31,0
2,217,0,0,0,0,0,0,0,0,0,0,1,170,0,0
2,16,208,1,2,6,7,0,0,0,0,1,1,125,239,0
2,34,0,3,3,10,1,0,0,0,0,1,2,136,1,0
2,212,4,3,3,2,8,36,0,0,0,1,0,58,54,0
2,54,45,2,1,13,8,36,0,0,0,0,0,19,8,0
1,22,12,1,2,3,3,114,0,0,0,1,2,80,0,0
1,183,12,2,1,3,8,9,0,0,0,0,0,80,34,0
2,287,7,3,3,9,8,6,1,1,11,0,0,103,196,0
1,276,25,2,1,11,4,62,1,1,1,0,0,89,144,0
2,86,29,2,1,11,8,82,1,1,2,1,0,141,179,0
2,230,143,2,1,10,8,98,1,1,14,0,0,61,210,0
1,47,173,2,1,2,4,95,1,0,0,0,0,90,0,0
1,31,92,3,3,2,4,64,1,0,0,0,0,61,0,0
2,34,143,2,1,13,8,36,1,0,0,0,0,8,188,0
1,94,29,2,1,14,4,26,1,0,0,1,0,23,219,0
2,43,140,2,1,2,8,40,1,1,3,1,0,110,26,0
2,103,16,2,1,2,8,35,1,1,5,1,0,84,0,0
2,46,122,2,1,2,8,39,1,1,3,0,0,40,169,0
2,349,86,2,1,14,8,84,1,1,3,1,0,77,189,0
2,227,101,2,1,3,8,72,1,1,10,1,0,0,0,0
1,337,5,2,1,6,3,0,1,1,1,0,0,58,49,0
2,129,104,2,1,14,8,83,1,1,2,0,0,116,7,0
1,135,84,2,1,2,8,27,1,1,1,1,0,100,0,0
2,160,204,2,1,2,8,100,1,1,16,0,0,0,212,0
1,32,138,2,1,1,8,19,1,1,2,0,0,162,123,0
1,91,72,2,1,11,4,43,1,1,18,0,0,0,114,0
1,154,174,2,1,2,8,46,1,1,1,0,0,51,19,0
2,51,99,3,3,13,8,51,1,1,1,1,0,159,93,0
2,0,86,3,3,13,8,42,1,1,2,1,0,8,149,0
1,271,86,2,1,8,5,0,1,0,0,0,0,1,147,0
1,265,0,2,1,2,8,57,1,0,0,0,0,0,0,0
2,44,149,2,1,5,2,0,1,0,0,0,0,0,0,0
2,71,66,3,3,2,4,59,1,0,0,0,0,0,0,0
2,349,159,2,1,14,8,98,1,0,0,0,0,0,0,0
1,333,101,2,1,1,8,75,1,1,4,0,0,0,48,0
2,6,25,2,1,2,8,42,1,1,5,1,0,94,129,0
1,128,12,2,1,11,8,15,1,1,4,0,0,159,0,0
2,229,50,2,1,14,8,3,1,1,5,1,0,131,0,0
0,46,126,2,1,9,8,36,1,1,1,0,0,23,82,0
1,146,106,2,1,5,2,51,1,1,5,1,0,169,114,0
2,73,72,2,1,10,8,31,1,1,1,0,0,67,138,0
2,84,45,2,1,4,4,44,1,1,6,0,0,40,97,0
2,179,32,2,1,14,8,19,1,1,7,1,0,90,206,0
2,285,174,2,1,10,8,127,1,0,0,0,2,4,0,0
2,347,209,2,1,5,9,119,1,1,1,1,0,0,52,0
2,297,150,2,1,7,1,0,1,1,11,0,0,0,162,0
2,194,195,2,1,12,6,91,1,1,9,1,0,0,60,0
2,223,79,2,1,13,8,75,1,1,14,0,0,105,167,0
1,68,166,3,3,14,4,19,1,1,4,0,0,0,96,0
2,250,14,2,1,2,4,5,1,1,6,0,0,51,146,0
2,141,94,2,1,13,8,103,1,1,2,1,0,88,0,0
1,169,44,2,1,13,8,27,1,1,16,0,0,8,183,0
2,298,1,2,1,14,4,1,1,0,0,0,0,0,199,0
1,73,61,2,1,11,4,52,1,1,7,1,0,15,192,0
1,94,177,2,1,3,4,72,1,1,6,0,0,111,111,0
2,114,36,2,1,14,4,30,1,0,0,0,0,0,215,0
2,79,45,2,1,2,4,34,1,0,0,0,0,117,76,0
2,88,178,2,1,11,4,38,1,0,0,1,0,8,0,0
2,253,102,2,1,11,4,119,1,0,0,1,0,163,0,0
1,50,72,2,1,1,8,1,1,0,0,0,0,1,0,0
2,76,168,2,1,13,4,49,1,1,11,1,0,77,91,0
1,96,71,2,1,14,4,23,1,0,0,0,0,96,0,0
2,259,12,3,3,2,8,9,1,1,8,1,0,80,69,0
1,202,30,2,1,1,8,19,1,1,4,0,0,0,174,0
2,329,69,2,1,13,8,42,1,1,5,1,0,147,38,0
2,51,72,3,3,4,8,27,1,1,8,1,0,23,1,0
2,62,17,3,3,14,8,1,1,1,1,1,0,160,39,0
1,338,191,2,1,6,3,0,1,1,11,1,0,0,170,0
1,45,150,2,1,2,4,25,1,1,4,0,0,135,173,0
2,170,5,3,3,2,4,70,1,1,1,1,0,120,224,0
2,148,16,2,1,2,8,42,1,1,11,0,0,85,117,0
2,96,114,2,1,2,8,25,1,1,3,0,0,0,0,0
2,229,48,2,1,2,8,36,1,1,10,0,0,36,211,0
2,228,114,2,1,10,8,31,1,1,5,1,0,3,154,0
2,163,27,2,1,14,8,32,1,1,8,1,0,81,202,0
2,243,1,2,1,5,8,1,0,1,1,0,2,145,0,0
2,286,91,2,1,10,8,3,1,0,0,1,0,54,0,0
2,173,138,3,3,13,4,89,1,0,0,1,0,21,0,0
1,127,195,3,3,5,9,0,1,0,0,0,0,0,231,0
2,345,200,2,1,6,3,0,1,0,0,1,0,0,0,0
2,337,205,2,1,14,4,128,1,1,9,1,0,0,149,0
2,299,195,2,1,2,8,109,1,1,9,0,0,0,0,0
2,113,51,3,3,2,8,25,1,1,5,1,0,23,217,0
2,98,18,2,1,2,8,7,1,1,7,1,0,167,213,0
2,148,118,2,1,3,8,67,1,1,8,0,0,88,157,0
2,117,25,2,1,2,4,77,1,1,3,1,0,84,65,0
2,77,0,0,0,0,0,0,0,0,0,0,1,170,0,0
2,188,105,2,1,13,8,2,0,0,0,1,0,77,6,0
2,224,8,2,1,9,8,2,1,0,0,1,0,74,0,0
2,103,25,2,1,2,1,6,1,0,0,0,0,92,23,0
1,272,72,2,1,2,8,54,1,1,8,1,0,108,207,0
1,57,114,2,1,1,8,57,1,1,3,0,0,159,145,0
0,42,4,2,1,11,8,25,0,1,1,0,0,61,135,0
2,47,63,2,1,2,8,46,1,1,11,1,0,40,199,0
1,140,15,2,1,9,8,14,1,1,4,0,0,103,114,0
2,7,1,2,1,2,8,1,0,0,0,0,0,0,0,0
2,71,5,2,1,2,5,51,0,0,0,1,2,0,0,0
1,101,0,0,0,0,0,0,0,0,0,0,1,170,0,0
1,214,177,2,1,8,4,2,1,1,13,1,0,118,-29,0
1,289,28,2,1,7,3,91,1,1,11,0,0,-3,15,0
1,64,15,2,1,7,1,9,1,1,5,1,0,159,-5,0
2,283,136,2,1,14,4,109,1,1,4,0,0,66,169,0
2,263,191,2,1,11,4,71,1,1,4,0,0,-11,-2,0
2,375,101,2,1,5,6,53,1,1,9,0,0,-13,61,0
1,148,173,2,1,7,1,59,1,1,9,0,0,-2,91,0
2,287,13,3,3,5,6,3,1,1,1,1,0,158,43,0
2,289,155,2,1,7,4,-4,1,1,9,1,0,45,112,0
2,287,110,2,1,14,8,12,1,1,4,1,0,133,-7,0
2,121,70,2,1,12,1,101,1,1,1,1,0,94,-3,0
2,122,165,3,3,13,8,0,1,1,12,1,0,146,-4,0
2,135,13,3,3,13,8,40,1,1,1,1,0,109,-18,0
2,129,32,2,1,13,6,32,1,0,6,0,2,72,-1,0
1,196,91,3,3,4,5,7,1,1,12,1,0,117,12,0
2,95,135,3,3,5,6,40,0,0,0,0,0,20,-1,0
1,403,139,2,1,14,4,21,1,1,10,0,0,-4,189,0
2,95,34,2,1,9,4,101,1,0,0,0,0,98,-1,0
2,160,37,3,0,0,0,-4,0,0,0,0,1,149,4,0
1,291,98,2,1,11,3,68,1,1,4,1,0,-12,35,0
1,318,22,2,1,7,4,94,1,1,5,0,0,17,164,0
2,117,20,1,2,9,8,18,1,0,0,0,2,103,2,0
2,87,149,2,1,14,8,0,1,1,1,1,0,185,5,0
1,278,94,2,3,7,1,30,1,0,0,1,0,4,28,0
2,253,18,3,3,10,4,79,1,1,1,1,0,74,36,0
2,311,186,2,1,2,6,79,1,1,5,0,0,-8,139,0
2,178,158,2,3,8,4,33,1,1,1,1,0,1,2,0
2,23,85,2,1,2,4,76,1,1,5,0,0,-9,12,0
2,85,149,3,3,5,6,23,1,1,1,1,0,-1,59,0
1,270,147,2,1,6,4,71,1,1,6,0,0,-16,86,0
2,167,150,2,1,11,8,79,1,1,7,0,0,43,-1,0
1,232,152,2,1,7,4,67,1,1,14,0,0,36,70,0
2,264,179,2,1,6,1,101,1,1,4,0,0,6,59,0
2,110,11,2,1,3,8,25,1,1,17,1,0,-2,-8,0
2,300,133,2,1,11,1,118,1,1,9,0,0,10,165,0
2,39,91,2,1,2,4,69,1,1,11,0,0,4,22,0
2,356,171,2,1,7,3,65,1,1,14,1,0,159,26,0
2,323,20,2,1,6,6,79,1,1,1,0,0,90,102,0
2,61,50,3,3,6,3,-4,1,0,1,0,0,3,8,0
1,75,17,0,0,0,7,32,0,0,0,0,2,10,1,0
2,295,186,2,1,3,8,82,1,0,0,1,2,94,0,0
1,346,131,2,1,14,5,17,1,1,12,0,0,-14,82,0
2,225,152,3,1,1,9,15,1,1,13,1,0,27,15,0
2,245,144,2,1,5,5,84,1,1,12,1,0,-11,23,0
2,258,1,2,1,7,1,89,1,1,9,0,0,-7,143,0
1,259,198,2,1,7,1,65,1,1,6,1,0,25,5,0
1,160,28,2,3,13,8,16,1,1,1,1,0,159,-16,0
2,98,45,3,3,5,8,6,1,1,1,1,0,144,-37,0
2,192,58,3,3,13,8,18,1,0,0,1,1,-4,30,0
2,324,133,2,3,9,5,103,1,1,1,1,0,165,10,0
2,156,75,2,1,3,2,70,1,1,1,1,0,149,59,0
2,273,168,2,1,7,8,28,1,1,12,1,0,57,16,0
2,81,77,2,1,2,8,68,1,1,12,1,0,-6,77,0
1,291,98,2,1,11,3,68,1,1,4,1,0,-12,35,0
1,213,236,2,1,7,4,39,1,1,4,1,0,-18,-1,0
2,133,151,3,1,14,5,3,1,1,11,1,0,104,81,0
1,294,35,3,3,2,3,0,1,1,1,1,0,153,3,0
2,287,13,3,3,5,6,3,1,1,1,1,0,158,43,0
2,375,152,2,1,6,8,67,1,1,17,0,0,-11,81,0
2,95,30,3,3,5,8,-3,1,0,1,1,0,109,-34,0
2,150,0,3,0,0,0,0,0,0,0,0,1,185,2,0
2,385,2,3,3,3,6,24,1,1,6,0,0,121,89,0
2,337,186,2,1,6,4,92,1,1,12,0,0,-18,131,0
2,358,17,3,3,11,4,33,1,1,0,1,0,109,25,0
1,251,194,2,1,11,4,76,1,1,12,1,0,-9,113,0
2,404,13,0,0,0,6,3,0,0,0,0,1,171,1,0
2,131,27,2,3,8,8,30,1,0,16,1,2,-3,21,0
1,78,67,3,3,8,2,25,1,0,0,1,0,80,-2,0
2,275,92,2,1,7,6,80,1,1,4,1,0,3,-5,0
1,295,173,2,1,11,4,45,1,1,9,0,0,-22,98,0
2,306,65,3,3,5,7,-3,1,0,0,1,0,93,18,0
1,323,149,2,1,7,4,-3,1,1,11,0,0,41,213,0
2,254,175,2,1,2,4,26,1,1,5,1,0,-11,159,0
1,285,7,2,3,1,3,80,1,1,8,0,0,37,27,0
1,123,227,2,1,11,4,67,1,1,12,1,0,-3,-5,0
2,145,169,3,3,8,6,12,1,1,3,1,0,95,22,0
1,52,23,3,3,5,6,-7,1,1,17,1,0,128,-38,0
1,267,194,2,1,0,8,5,0,0,0,0,1,159,0,0
2,316,167,2,1,7,8,4,1,1,5,0,0,-4,2,0
1,230,85,2,1,2,1,78,1,1,5,0,0,1,1,0
2,196,193,2,1,7,1,34,0,1,1,1,0,57,0,0
1,211,185,2,1,7,6,25,1,0,0,0,2,94,-1,0
2,129,173,2,1,14,8,63,1,1,9,1,0,-2,79,0
2,95,34,2,1,9,4,101,1,0,0,0,0,98,-1,0
2,385,2,3,3,3,6,24,1,1,6,0,0,121,89,0
2,138,179,2,1,6,8,60,1,1,5,1,0,-11,129,0
2,256,205,2,0,8,1,88,1,0,0,1,0,155,-1,0
2,216,227,2,1,7,4,23,1,1,4,1,0,-21,40,0
1,27,73,2,1,11,4,84,1,1,4,1,2,-12,-2,0
2,296,86,2,1,14,4,104,1,1,14,1,0,38,11,0
2,124,161,3,3,13,8,20,1,1,1,1,0,145,-23,0
2,132,71,3,1,6,8,24,1,0,0,1,0,1,25,0
2,50,165,3,3,4,6,7,0,0,0,1,0,-14,-4,0
1,136,31,3,1,8,8,11,1,1,1,1,0,154,-6,0
2,214,32,2,2,6,5,3,1,1,5,0,0,141,87,0
2,307,202,2,1,6,6,82,1,1,12,1,0,-2,151,0
1,237,163,2,1,8,4,29,1,0,0,1,0,-10,-1,0
1,50,198,2,1,2,4,71,1,1,1,1,0,30,25,0
1,298,21,3,1,2,4,83,1,1,5,1,0,35,27,0
2,195,212,2,1,6,4,59,1,1,1,1,0,7,4,0
2,316,135,3,3,14,3,30,1,1,3,1,0,107,37,0
2,283,136,2,1,14,4,109,1,1,4,0,0,66,169,0
2,80,177,2,1,7,4,101,1,1,1,1,0,139,39,0
2,282,86,2,1,11,4,85,1,1,1,1,0,149,-4,0
2,144,82,3,3,10,6,17,1,1,3,1,0,75,15,0
2,74,21,2,3,14,6,37,1,0,0,1,2,108,-2,0
2,278,148,2,1,11,4,39,1,1,4,1,0,-2,-3,0
2,372,30,0,3,8,6,34,1,0,0,1,2,107,-2,0
2,125,194,2,1,7,1,58,1,1,5,1,0,138,3,0
2,231,27,0,0,0,0,2,0,0,0,0,2,174,-2,0
2,141,147,2,1,3,5,12,1,1,10,0,0,-5,60,0
1,364,181,2,1,7,5,60,1,1,5,0,0,142,121,0
1,28,129,2,1,11,4,71,1,1,2,1,0,8,0,0
2,127,67,3,3,5,8,9,1,1,1,1,0,81,0,0
2,95,42,2,2,14,4,40,1,0,4,1,0,6,-6,0
1,325,155,2,1,7,4,63,1,1,12,0,0,-5,57,0
2,228,214,2,1,7,8,54,0,0,0,0,0,0,2,0
1,325,30,2,1,6,4,84,1,1,5,0,0,18,17,0
2,167,54,2,1,10,8,15,1,1,16,1,0,120,51,0
1,247,159,2,1,7,1,52,1,1,6,0,0,8,71,0
2,103,177,2,1,2,5,62,1,1,14,1,0,172,66,0
1,296,135,2,1,8,4,103,1,1,10,1,0,55,145,0
2,226,30,2,1,8,1,34,0,0,0,1,2,4,0,0
1,261,35,2,1,7,4,72,1,1,4,1,0,111,75,0
2,264,161,2,1,2,4,49,1,1,11,0,0,-15,20,0
2,47,93,2,3,2,4,39,1,1,1,1,0,3,-7,0
2,356,171,2,1,7,3,65,1,1,14,1,0,159,26,0
2,224,136,3,3,10,8,-4,1,0,1,1,0,152,-10,0
1,289,56,2,1,14,4,95,1,1,12,0,0,31,31,0
1,278,94,2,3,7,1,30,1,0,0,1,0,4,28,0
2,216,147,2,1,7,1,37,1,1,1,0,0,42,32,0
2,76,131,3,3,2,6,-1,1,0,0,1,0,152,5,0
1,277,149,2,1,6,5,93,1,1,12,0,0,-16,121,0
1,78,153,2,1,7,4,88,1,1,4,1,0,-2,9,0
1,157,187,2,1,11,4,64,1,1,10,1,0,-11,48,0
2,53,125,3,3,5,5,-8,1,1,1,1,0,131,-38,0
2,335,189,2,1,6,4,35,1,1,9,1,0,-18,136,0
2,77,141,3,3,2,8,18,1,1,1,1,0,167,8,0
2,68,51,2,1,7,1,113,1,1,2,0,0,5,80,0
2,350,150,2,1,3,5,82,1,1,11,0,0,-6,133,0
2,295,154,3,3,5,6,35,1,0,0,0,0,34,33,0
2,157,52,3,3,6,8,-1,1,1,1,0,0,7,-30,0
2,151,9,0,0,0,0,7,0,0,0,0,1,16,0,0
2,78,183,2,1,11,4,43,1,1,5,1,2,-5,-1,0
1,274,199,2,1,11,4,37,1,1,5,0,0,-18,47,0
1,296,135,2,1,8,4,103,1,1,10,1,0,55,145,0
1,56,91,2,1,14,7,79,1,1,12,0,0,-6,19,0
2,374,24,3,1,3,4,40,1,1,1,1,0,87,3,0
2,93,121,2,1,10,6,34,1,1,16,0,0,59,157,0
1,248,128,2,1,7,4,98,1,1,14,1,0,34,18,0
2,306,15,3,3,8,1,80,1,1,1,1,0,116,6,0
1,193,173,2,1,14,6,93,1,1,4,0,0,-2,30,0
2,214,148,2,1,11,3,90,1,1,2,0,0,173,75,0
2,281,115,2,1,11,4,61,1,1,5,0,0,36,127,0
1,219,179,2,1,7,4,2,1,1,6,1,0,8,15,0
1,332,192,1,1,4,4,72,1,1,9,1,0,-6,140,0
0,408,158,2,1,14,8,28,1,1,16,0,0,71,150,0
2,297,176,2,1,5,4,20,1,1,9,1,0,-6,76,0
1,77,177,2,1,7,7,48,1,1,14,0,0,-10,158,0
1,37,216,2,1,11,4,13,1,1,4,1,0,3,-8,0
1,223,196,2,1,11,4,27,1,1,6,1,0,-18,-4,0
2,95,34,2,1,9,4,101,1,0,0,0,0,98,-1,0
2,142,58,3,3,13,1,2,1,0,0,1,0,56,-4,0
2,239,164,3,1,5,8,21,1,1,1,0,0,78,27,0
1,230,192,2,1,7,1,85,1,1,4,1,0,56,-3,0
2,134,148,2,1,7,8,1,1,1,1,1,0,188,-25,0
1,267,194,2,1,0,8,5,0,0,0,0,1,159,0,0
2,282,86,2,1,11,4,85,1,1,1,1,0,149,-4,0
2,308,209,2,1,2,4,62,1,1,11,0,0,-14,135,0
1,228,139,2,1,7,1,52,1,1,10,0,0,54,78,0
2,145,106,0,1,5,8,26,1,0,0,0,2,119,-2,0
2,316,33,2,1,7,7,72,0,0,0,0,2,22,-3,0
1,219,179,2,1,7,4,2,1,1,6,1,0,8,15,0
2,90,15,3,3,1,8,59,1,1,1,1,0,123,-6,0
2,213,34,3,1,8,8,41,1,0,22,1,0,-4,23,0
2,175,49,3,3,5,8,26,1,0,0,1,0,85,12,0
2,140,17,3,3,8,6,62,0,0,0,1,0,166,-2,0
2,276,52,2,1,7,4,14,1,0,0,0,2,12,-2,0
2,78,101,3,3,2,4,22,1,1,5,1,0,139,-5,0
1,261,35,2,1,7,4,72,1,1,4,1,0,111,75,0
2,110,104,2,1,14,8,32,1,1,15,0,0,-12,109,0
2,330,32,2,0,8,6,30,0,0,0,1,2,173,-1,0
2,327,110,2,1,11,4,27,1,0,4,1,0,-2,0,0
2,197,200,2,3,13,8,53,1,1,4,1,0,140,-36,0
2,169,76,3,3,5,8,8,1,1,1,1,0,155,-13,0
1,349,212,2,1,6,6,40,1,1,9,1,0,-12,113,0
2,204,220,2,1,7,4,44,1,1,4,1,0,-8,0,0
2,402,30,0,0,0,0,-3,0,0,0,0,2,166,-1,0
1,54,166,2,1,1,3,83,1,1,10,0,0,36,14,0
2,265,171,2,1,14,4,56,1,1,4,0,0,58,149,0
2,338,155,2,1,6,4,96,1,1,11,0,0,123,136,0
1,365,203,2,1,8,8,75,1,1,11,1,0,-18,115,0
2,269,157,2,1,7,3,104,1,1,13,1,0,22,87,0
1,213,236,2,1,7,4,39,1,1,4,1,0,-18,-1,0
1,332,192,1,1,4,4,72,1,1,9,1,0,-6,140,0
1,274,199,2,1,11,4,37,1,1,5,0,0,-18,47,0
2,141,147,2,1,3,5,12,1,1,10,0,0,-5,60,0
2,340,16,2,1,5,3,7,1,1,17,0,0,78,22,0
1,318,198,2,1,8,4,28,1,0,4,0,2,96,-1,0
2,167,72,2,1,7,1,87,1,1,2,1,0,28,5,0
1,37,22,3,3,13,8,23,1,1,1,1,0,27,7,0
1,290,169,2,1,11,4,82,1,1,12,1,0,98,-5,0
2,372,184,2,1,3,4,43,1,1,11,0,0,-9,141,0
2,224,136,3,3,10,8,-4,1,0,1,1,0,152,-10,0
1,104,72,3,3,5,8,-6,1,1,1,1,0,160,-24,0
2,337,2,0,0,0,7,74,0,0,0,0,2,163,0,0
1,145,111,2,1,14,8,78,1,1,5,0,0,-15,108,0
1,377,204,2,1,14,5,64,1,1,9,1,0,-16,62,0
2,320,80,2,1,11,8,26,1,0,6,0,0,96,-3,0
1,346,131,2,1,14,5,17,1,1,12,0,0,-14,82,0
2,90,187,2,1,8,8,4,1,1,1,1,0,0,10,0
0,408,158,2,1,14,8,28,1,1,16,0,0,71,150,0
2,296,170,3,3,8,6,14,1,1,3,1,0,148,17,0
1,377,204,2,1,14,5,64,1,1,9,1,0,-16,62,0
1,56,91,2,1,14,7,79,1,1,12,0,0,-6,19,0
1,201,73,2,1,13,1,29,1,1,1,1,0,173,-10,0
2,307,202,2,1,6,6,82,1,1,12,1,0,-2,151,0
2,306,65,3,3,5,7,-3,1,0,0,1,0,93,18,0
2,300,17,3,3,7,1,22,1,1,1,1,0,53,16,0
2,135,13,3,3,13,8,40,1,1,1,1,0,109,-18,0
1,96,0,2,1,11,4,75,1,1,1,1,0,164,44,0
2,131,74,2,1,8,4,38,0,0,0,0,0,88,-2,0
2,165,191,2,1,11,8,62,1,1,5,0,0,31,105,0
2,322,49,2,1,7,1,69,1,0,6,0,2,14,-1,0
1,274,199,2,1,11,4,37,1,1,5,0,0,-18,47,0
1,259,198,2,1,7,1,65,1,1,6,1,0,25,5,0
2,264,144,2,1,6,4,100,1,1,4,0,0,-3,-2,0
1,294,171,2,1,7,1,-2,1,1,2,1,0,-8,52,0
1,121,176,2,1,11,4,42,1,1,6,1,0,-6,22,0
2,386,162,2,1,14,4,54,1,1,9,0,0,-22,80,0
2,175,6,3,3,7,2,2,1,1,2,0,0,132,-22,0
2,304,172,2,1,6,5,51,1,1,7,1,0,64,116,0
1,195,23,2,1,2,7,9,1,1,12,0,0,1,-10,0
1,134,38,2,1,11,4,92,1,1,7,1,0,4,85,0
1,323,135,3,3,5,8,19,1,1,1,1,0,44,-3,0
2,112,138,3,3,14,4,65,1,1,10,0,0,109,-13,0
2,80,177,2,1,7,4,101,1,1,1,1,0,139,39,0
2,300,170,2,1,6,6,31,1,1,12,0,0,59,116,0
2,287,61,2,1,14,5,70,1,1,12,1,0,-1,98,0
2,326,62,2,1,14,6,113,1,1,12,1,0,62,-2,0
2,65,147,2,1,11,4,46,1,1,12,0,0,-7,98,0
2,264,144,2,1,6,4,100,1,1,4,0,0,-3,-2,0
2,133,151,3,1,14,5,3,1,1,11,1,0,104,81,0
1,243,44,2,1,3,3,25,1,1,5,1,0,143,33,0
1,223,196,2,1,11,4,27,1,1,6,1,0,-18,-4,0
2,160,37,3,0,0,0,-4,0,0,0,0,1,149,4,0
2,251,22,1,3,6,6,19,1,0,1,1,0,84,16,0
2,161,74,2,1,11,6,98,1,1,4,1,0,1,1,0
2,152,71,2,1,11,6,30,1,0,0,1,2,5,-2,0
2,282,141,2,1,11,4,37,1,1,0,1,0,-6,-1,0
1,277,149,2,1,6,5,93,1,1,12,0,0,-16,121,0
2,137,23,0,0,0,7,1,0,0,0,0,2,176,-2,0
2,238,34,2,1,7,1,115,1,0,0,1,0,3,-1,0
2,85,91,3,3,2,8,2,1,1,1,1,0,146,4,0
1,203,219,2,1,10,4,31,1,1,5,0,0,111,-8,0
1,104,37,2,1,7,1,90,1,1,6,0,0,144,159,0
2,68,73,2,3,9,4,25,1,1,1,1,0,87,-4,0
2,265,171,2,1,14,4,56,1,1,4,0,0,58,149,0
1,79,100,2,1,11,4,26,1,1,7,1,0,-6,-4,0
2,365,140,2,3,6,5,19,1,1,14,1,0,154,129,0
2,295,17,2,1,8,6,44,1,0,0,1,2,111,0,0
2,23,85,2,1,2,4,76,1,1,5,0,0,-9,12,0
2,182,83,1,1,8,8,71,1,1,1,1,0,136,70,0
2,85,91,3,3,2,8,2,1,1,1,1,0,146,4,0
2,134,148,2,1,7,8,1,1,1,1,1,0,188,-25,0
2,262,89,2,1,10,4,34,1,0,6,1,0,5,-1,0
2,196,193,2,1,7,1,34,0,1,1,1,0,57,0,0
1,104,72,3,3,5,8,-6,1,1,1,1,0,160,-24,0
2,85,91,3,3,2,8,2,1,1,1,1,0,146,4,0
2,138,179,2,1,6,8,60,1,1,5,1,0,-11,129,0
2,256,174,2,1,7,1,39,0,0,0,1,0,33,-2,0
2,329,140,3,3,5,6,-1,1,1,1,1,0,80,-8,0
2,216,227,2,1,7,4,23,1,1,4,1,0,-21,40,0
1,299,180,2,1,7,8,51,1,1,9,0,0,-12,105,0
1,139,103,2,1,14,4,33,1,1,12,1,0,66,-4,0
2,264,144,2,1,6,4,100,1,1,4,0,0,-3,-2,0
1,294,171,2,1,7,1,-2,1,1,2,1,0,-8,52,0
2,37,49,3,3,1,5,-5,1,1,1,1,0,20,-3,0
2,318,147,2,1,3,1,40,1,1,16,0,0,-11,155,0
2,339,90,2,1,7,7,37,0,0,0,0,2,145,-4,0
2,127,67,3,3,5,8,9,1,1,1,1,0,81,0,0
1,223,196,2,1,11,4,27,1,1,6,1,0,-18,-4,0
2,214,32,2,2,6,5,3,1,1,5,0,0,141,87,0
2,152,71,2,1,11,6,30,1,0,0,1,2,5,-2,0
2,112,138,3,3,14,4,65,1,1,10,0,0,109,-13,0
2,370,38,0,3,14,7,95,1,0,0,1,2,3,-3,0
1,300,31,1,1,4,7,40,1,0,0,1,2,12,1,0
1,253,177,2,1,7,6,32,1,1,2,1,0,21,-1,0
2,100,65,3,3,5,8,-2,1,1,1,1,0,103,7,0
2,353,191,2,1,8,4,79,1,1,4,1,0,-15,-3,0
2,124,9,0,0,5,6,3,0,0,0,0,1,170,0,0
2,241,221,2,1,7,4,93,1,1,2,1,0,10,83,0
2,367,144,2,1,3,7,67,1,1,11,0,0,71,131,0
2,90,15,3,3,1,8,59,1,1,1,1,0,123,-6,0
2,330,143,3,3,1,9,25,1,1,1,0,0,45,23,0
2,198,39,2,1,8,8,53,1,1,1,1,0,152,-17,0
2,122,27,3,3,2,8,7,0,0,0,1,0,6,5,0
2,104,176,3,3,2,8,21,1,1,1,1,0,-3,45,0
2,139,81,2,1,9,8,26,1,0,5,1,0,90,18,0
2,85,60,2,1,11,1,67,1,1,12,1,0,44,-2,0
2,277,18,2,1,11,4,52,1,0,0,0,2,1,-5,0
2,295,186,2,1,3,8,82,1,0,0,1,2,94,0,0
2,354,151,2,3,14,6,34,1,0,0,0,2,1,2,0
2,91,203,2,1,2,4,48,1,1,1,0,0,153,45,0
2,360,23,2,1,13,5,54,1,1,9,0,0,88,83,0
2,93,121,2,1,10,6,34,1,1,16,0,0,59,157,0
2,168,14,3,3,5,6,-5,0,0,0,0,2,153,-2,0
2,147,13,3,3,3,8,3,1,0,0,1,0,-6,-25,0
2,167,19,2,1,14,8,12,1,1,4,0,0,-2,112,0
2,48,52,3,3,1,6,3,0,0,0,1,0,-2,-5,0
2,137,36,3,3,5,8,13,1,1,1,1,0,97,-35,0
2,62,185,2,1,11,4,92,1,1,17,1,0,24,68,0
2,282,127,2,1,14,4,106,1,1,10,0,0,27,168,0
1,325,30,2,1,6,4,84,1,1,5,0,0,18,17,0
1,211,185,2,1,7,6,25,1,0,0,0,2,94,-1,0
2,37,49,3,3,1,5,-5,1,1,1,1,0,20,-3,0
1,78,67,3,3,8,2,25,1,0,0,1,0,80,-2,0
2,295,186,2,1,3,8,82,1,0,0,1,2,94,0,0
2,45,105,2,1,7,4,93,0,1,0,1,2,9,-2,0
2,350,18,2,1,11,3,90,1,0,4,0,0,20,27,0
2,204,220,2,1,7,4,44,1,1,4,1,0,-8,0,0
2,302,172,2,1,8,1,91,1,1,5,1,0,-2,4,0
1,295,186,2,1,11,4,45,1,1,6,1,0,-14,155,0
2,261,46,2,1,2,3,10,1,1,1,1,0,47,-3,0
1,99,115,2,3,1,4,35,1,1,1,1,0,146,-4,0
2,417,155,2,1,3,7,87,1,1,9,0,0,99,153,0
1,96,0,2,1,11,4,75,1,1,1,1,0,164,44,0
2,73,11,2,1,7,1,106,1,1,1,0,0,113,82,0
1,364,181,2,1,7,5,60,1,1,5,0,0,142,121,0
2,95,34,2,1,9,4,101,1,0,0,0,0,98,-1,0
2,166,154,2,1,5,8,66,1,1,1,0,0,63,8,0
2,273,147,2,1,7,1,57,1,1,5,0,0,148,22,0
2,322,49,2,1,7,1,69,1,0,6,0,2,14,-1,0
2,79,144,2,1,14,7,23,1,1,12,0,0,121,-7,0
2,92,136,2,1,8,4,105,1,1,1,1,0,26,24,0
2,157,17,2,1,14,6,32,1,0,5,0,0,87,-1,0
2,139,107,2,1,7,4,78,0,1,1,1,0,7,-4,0
1,172,53,3,3,11,8,13,1,0,4,1,0,137,12,0
1,325,30,2,1,6,4,84,1,1,5,0,0,18,17,0
2,91,203,2,1,2,4,48,1,1,1,0,0,153,45,0
1,78,67,3,3,8,2,25,1,0,0,1,0,80,-2,0
1,296,164,2,1,6,6,65,1,1,16,1,0,-7,123,0
2,297,28,2,1,14,8,-1,1,1,1,1,0,101,-9,0
1,248,218,2,1,11,4,26,1,1,4,1,0,-9,-4,0
2,138,179,2,1,6,8,60,1,1,5,1,0,-11,129,0
2,61,81,2,1,7,4,28,1,1,3,1,0,-1,19,0
2,327,184,2,1,2,5,52,1,1,16,1,0,0,114,0
1,83,87,3,3,14,8,22,1,1,1,1,0,1,-8,0
2,199,17,2,1,10,7,99,1,1,1,0,0,156,2,0
2,260,220,2,1,7,1,64,1,1,2,1,0,-1,-2,0
1,397,21,0,0,0,2,6,0,0,0,0,2,21,-1,0
2,372,184,2,1,3,4,43,1,1,11,0,0,-9,141,0
2,74,100,2,1,2,5,52,1,1,1,1,0,115,-20,0
2,137,23,0,0,0,7,1,0,0,0,0,2,176,-2,0
1,37,216,2,1,11,4,13,1,1,4,1,0,3,-8,0
2,349,88,3,1,11,6,80,1,1,1,1,0,172,8,0
2,316,135,3,3,14,3,30,1,1,3,1,0,107,37,0
2,243,156,2,1,6,6,101,1,1,5,0,0,-1,143,0
1,291,98,2,1,11,3,68,1,1,4,1,0,-12,35,0
2,142,6,0,0,0,0,-6,0,0,0,0,1,203,0,0
1,374,160,2,1,3,4,59,1,1,14,0,0,-19,115,0
2,246,17,2,1,11,4,94,1,1,1,1,0,60,-3,0
1,288,152,3,1,1,4,22,1,0,0,1,0,43,24,0
2,246,75,2,1,11,4,93,1,0,16,1,0,-3,2,0
2,167,69,3,3,5,8,5,1,1,1,1,0,164,-32,0
2,304,172,2,1,6,5,51,1,1,7,1,0,64,116,0
2,53,182,2,1,5,8,88,1,1,12,0,0,13,28,0
2,262,89,2,1,10,4,34,1,0,6,1,0,5,-1,0
1,286,207,2,1,7,4,64,1,1,9,0,0,-16,145,0
1,239,162,2,1,7,3,77,1,1,9,0,0,-6,91,0
1,359,143,2,1,2,4,100,1,1,4,0,0,50,79,0
2,165,103,3,3,5,8,-6,1,1,1,1,0,143,84,0
1,83,87,3,3,14,8,22,1,1,1,1,0,1,-8,0
2,400,59,2,1,3,4,98,1,1,5,0,0,38,181,0
2,333,84,2,1,7,1,65,1,1,4,1,0,91,41,0
2,365,140,2,3,6,5,19,1,1,14,1,0,154,129,0
2,322,49,2,1,7,1,69,1,0,6,0,2,14,-1,0
1,37,216,2,1,11,4,13,1,1,4,1,0,3,-8,0
2,286,158,2,1,12,4,81,1,1,4,1,0,97,9,0
1,64,15,2,1,7,1,9,1,1,5,1,0,159,-5,0
2,319,48,2,1,7,1,5,1,1,2,1,0,101,-1,0
2,331,101,2,1,10,4,104,1,1,4,1,0,5,22,0
2,270,156,2,1,5,1,89,1,1,5,1,0,29,7,0
2,171,126,2,1,5,1,38,1,0,0,1,2,116,0,1
2,195,86,2,1,4,1,118,1,0,0,1,0,170,0,1
1,223,101,2,1,3,8,121,1,0,0,1,0,168,0,1
2,264,16,2,1,10,8,115,1,0,0,0,2,111,0,1
2,266,122,3,3,2,8,39,0,0,0,0,0,23,2,1
2,48,106,2,1,11,8,9,1,1,1,0,0,23,0,1
2,187,118,2,1,1,8,3,1,0,0,1,0,123,0,1
1,34,19,3,3,1,8,15,1,0,0,1,0,23,0,1
2,59,37,3,3,9,8,57,1,1,1,0,0,34,20,1
2,57,147,2,1,2,8,6,1,0,0,0,0,15,0,1
2,292,203,2,1,6,3,0,1,1,1,0,0,166,0,1
1,123,45,2,1,10,8,46,1,0,0,0,2,97,0,1
2,235,16,2,1,10,8,6,1,0,0,0,2,75,0,1
1,349,81,2,1,4,8,64,1,0,0,1,0,80,0,1
2,119,20,2,1,1,8,11,1,0,0,1,0,40,0,1
2,213,86,2,1,2,1,84,1,0,0,1,2,74,0,1
2,349,12,2,1,4,8,23,1,0,0,1,2,164,0,1
2,102,59,3,3,1,8,75,1,0,0,0,0,37,0,1
2,186,94,2,1,1,8,25,1,0,0,1,0,61,0,1
1,289,45,2,1,8,5,0,1,0,0,1,0,1,25,1
2,334,182,3,3,2,4,84,1,0,0,0,0,5,0,1
2,161,196,2,1,2,8,13,1,0,0,0,0,8,0,1
2,349,101,3,3,1,8,109,1,0,0,0,0,0,0,1
2,303,42,3,3,2,4,113,1,0,0,1,0,40,49,1
2,135,45,3,3,2,8,36,1,0,0,1,0,0,80,1
1,133,82,2,1,7,1,13,1,0,0,1,0,30,0,1
2,75,20,3,3,1,8,3,1,0,0,0,0,34,1,1
2,349,16,2,1,2,1,22,1,0,0,1,2,86,0,1
1,69,163,3,3,11,8,64,1,0,0,1,0,69,0,1
1,132,32,2,1,11,8,25,1,1,2,1,0,26,114,1
2,216,51,3,3,2,1,6,1,0,0,1,0,25,108,1
2,199,199,3,3,2,8,75,1,0,0,0,0,159,0,1
2,29,101,2,1,11,8,9,1,1,2,0,0,0,30,1
2,94,174,2,1,9,8,51,1,1,2,1,0,8,5,1
2,125,86,3,3,7,4,94,1,1,2,1,0,156,0,1
2,312,196,2,1,5,9,0,1,1,19,0,0,20,59,1
2,135,37,2,1,9,8,13,1,0,0,0,2,74,0,1
1,94,163,3,3,1,8,80,1,0,0,0,0,8,0,1
2,242,60,3,3,14,4,114,1,0,0,1,0,32,0,1
1,40,25,2,1,2,8,21,1,1,5,1,0,15,5,1
2,137,81,2,1,13,8,72,1,1,3,1,0,87,0,1
1,89,33,3,3,6,3,13,1,1,3,0,0,34,64,1
2,90,179,2,1,13,8,23,1,0,0,1,0,67,0,1
1,184,25,2,1,9,1,25,1,1,3,1,0,48,0,1
2,48,39,3,3,2,4,33,1,1,3,1,0,15,78,1
1,99,36,2,1,11,8,31,1,1,2,0,0,40,0,1
2,218,122,2,1,11,4,117,1,1,7,1,0,80,5,1
2,349,20,2,1,9,8,6,0,0,0,0,0,103,180,1
2,23,155,2,1,2,4,27,0,0,0,0,0,86,13,1
2,41,164,2,1,2,8,46,0,0,0,1,0,14,0,1
2,41,0,2,1,4,8,13,0,0,0,0,0,17,0,1
1,49,144,2,1,7,8,1,0,0,0,0,0,40,149,1
1,89,51,3,3,2,8,4,0,0,0,0,0,13,0,1
2,174,62,2,1,4,4,94,0,0,0,1,0,78,0,1
1,302,0,3,3,6,3,0,0,0,0,0,0,0,0,1
1,283,41,2,1,7,7,8,0,0,0,0,0,0,56,1
1,46,159,3,3,14,4,0,0,0,0,1,0,21,27,1
2,296,19,2,1,6,3,0,0,0,0,0,0,18,0,1
2,12,3,3,3,2,8,1,0,0,0,0,0,15,131,1
2,25,38,3,3,5,2,0,0,0,0,0,0,1,0,1
1,167,114,2,1,4,8,30,0,0,0,0,0,70,0,1
2,171,65,2,1,2,8,30,0,0,0,1,0,74,0,1
2,22,121,3,3,10,8,1,0,0,0,0,0,15,0,1
2,220,153,3,3,9,8,3,0,0,0,0,0,23,0,1
2,154,65,2,1,3,4,51,0,0,0,1,2,90,0,1
2,28,111,2,1,4,8,14,0,0,0,0,0,8,0,1
1,34,107,2,1,7,4,7,0,0,0,0,0,159,113,1
1,23,150,3,3,11,4,4,0,0,0,0,0,90,0,1
2,90,186,3,3,6,3,0,0,0,0,0,0,170,0,1
2,8,28,2,1,10,8,2,1,0,0,0,2,40,0,1
2,53,29,3,3,2,4,6,0,0,0,0,0,74,77,1
2,84,19,3,3,3,4,3,0,0,0,0,0,61,1,1
2,18,93,2,1,2,8,6,0,0,0,0,2,159,0,1
1,10,39,2,1,11,8,6,0,1,1,0,0,3,47,1
2,78,181,2,1,2,8,3,0,1,2,0,0,0,216,1
2,17,150,2,1,13,4,4,0,1,1,0,0,8,1,1
1,349,45,2,1,6,3,0,0,1,2,1,0,40,50,1
2,140,18,2,1,13,8,7,0,1,1,0,0,90,197,1
2,31,13,3,3,2,8,4,0,1,1,0,0,40,1,1
1,60,51,3,3,8,5,0,0,0,0,0,0,23,0,1
2,75,25,2,1,10,8,13,0,0,0,1,2,86,0,1
1,24,150,2,1,13,8,25,0,1,1,0,0,8,1,1
2,99,17,2,1,13,8,4,0,1,1,0,0,70,109,1
2,202,63,2,1,13,8,3,0,1,2,0,0,51,1,1
1,6,11,2,1,6,3,0,0,1,1,0,0,23,58,1
1,166,75,2,1,6,3,65,0,1,2,1,0,40,4,1
2,342,138,2,1,6,3,75,0,1,1,0,0,152,6,1
2,176,65,2,1,1,8,42,0,1,2,1,0,154,0,1
2,9,69,2,1,1,8,17,0,1,1,0,0,159,21,1
2,65,175,2,1,2,8,71,0,1,2,1,0,34,71,1
1,323,54,2,1,6,3,98,0,1,1,0,0,0,10,1
2,24,5,2,1,4,8,6,0,0,0,1,2,74,0,1
2,80,32,2,1,2,8,13,0,0,0,1,2,74,0,1
1,4,71,2,1,11,8,2,0,0,0,0,0,8,0,1
1,91,188,2,1,11,4,36,0,0,0,0,0,74,1,1
2,288,213,3,3,6,3,0,1,0,0,1,0,0,0,1
2,81,69,2,1,6,3,80,0,0,0,0,0,23,24,1
2,28,156,2,1,6,3,10,0,0,0,0,0,159,0,1
2,124,40,2,1,9,4,6,0,0,0,1,2,15,0,1
1,164,72,3,3,8,5,0,0,0,0,0,0,23,20,1
1,92,94,2,1,13,8,25,0,0,0,1,0,96,6,1
2,33,51,3,3,2,8,53,0,0,0,1,0,5,6,1
1,9,8,2,1,1,8,3,0,0,0,0,0,40,1,1
1,28,150,2,1,4,8,10,0,0,0,0,0,159,33,1
2,8,0,3,3,1,8,6,0,0,0,0,0,147,0,1
2,75,25,2,1,10,8,13,1,0,0,1,2,86,0,1
2,53,9,3,3,2,4,6,0,0,0,0,0,74,77,1
2,183,39,2,1,13,8,28,0,0,0,0,0,8,0,1
1,140,35,3,3,14,8,25,0,0,0,0,0,74,13,1
2,148,35,3,3,2,8,1,0,0,0,0,0,29,72,1
0,241,81,2,1,7,1,13,0,0,0,0,2,6,0,1
2,195,65,3,3,13,8,64,0,0,0,0,2,40,0,1
2,349,86,3,3,7,8,2,0,0,0,1,0,114,0,1
2,46,0,0,0,0,0,0,0,0,0,0,1,170,0,1
1,180,65,3,3,2,8,57,0,0,0,1,0,0,2,1
2,187,65,2,1,2,8,25,0,0,0,0,0,128,16,1
1,97,179,2,1,4,8,25,0,0,0,1,0,34,152,1
2,194,65,2,1,3,1,13,0,0,0,0,0,91,0,1
2,123,25,2,1,11,4,4,0,0,0,1,0,51,87,1
2,277,118,2,1,2,8,25,0,0,0,1,0,0,81,1
1,195,39,3,3,7,4,13,0,0,0,1,0,23,0,1
1,180,72,3,3,1,8,46,0,0,0,0,0,34,0,1
2,126,72,2,1,13,8,19,0,0,0,1,0,80,41,1
1,228,86,2,1,2,8,64,0,0,0,0,0,131,0,1
2,256,88,2,1,1,8,1,0,0,0,0,0,3,49,1
2,116,60,2,1,7,1,13,0,0,0,1,0,150,205,1
2,184,69,2,1,7,1,0,0,0,0,0,0,34,0,1
2,226,51,2,1,9,8,13,0,0,0,1,0,80,2,1
2,335,122,2,1,5,9,0,0,0,0,0,0,0,12,1
0,170,45,2,1,2,8,6,0,0,0,1,0,101,57,1
2,114,94,3,3,2,1,57,0,0,0,0,0,40,159,1
2,336,17,2,1,2,8,15,1,1,3,1,0,34,0,1
2,125,45,2,1,13,8,51,0,1,1,1,0,1,3,1
1,108,54,2,1,8,5,0,0,0,0,1,0,72,1,1
2,65,19,3,3,6,3,0,0,0,0,0,0,1,0,1
2,69,168,3,3,10,8,36,0,0,0,1,0,0,205,1
2,155,47,2,1,4,8,15,0,0,0,1,2,0,0,1
2,211,54,2,1,7,8,6,0,0,0,1,0,52,0,1
1,5,5,2,1,1,8,25,0,1,2,1,0,86,1,1
2,244,41,2,1,4,8,4,0,0,0,0,0,27,0,1
1,37,5,2,1,11,8,1,0,0,0,1,0,103,0,1
2,172,72,2,1,4,8,4,0,0,0,1,0,8,0,1
1,212,97,2,1,6,3,0,0,0,0,0,0,23,0,1
1,149,108,2,1,9,8,92,0,0,0,1,2,1,0,1
2,76,65,2,1,6,3,2,0,0,0,1,0,1,208,1
2,115,17,2,1,9,3,0,0,0,0,0,0,1,0,1
2,11,11,3,3,9,8,7,0,0,0,0,2,40,0,1
2,88,54,2,1,5,2,4,0,1,2,0,0,86,165,1
2,257,39,2,1,10,8,122,0,1,1,1,0,94,53,1
1,72,116,2,1,1,8,4,0,0,0,0,0,51,149,1
2,232,50,3,3,10,8,4,0,0,0,0,2,111,0,1
1,82,168,3,3,9,4,64,0,0,0,1,0,39,16,1
2,56,25,3,3,12,6,19,0,0,0,1,0,13,2,1
2,177,65,3,3,13,8,100,0,0,0,1,0,74,0,1
2,110,184,2,1,5,2,0,0,0,0,1,0,15,155,1
1,267,95,2,1,9,4,25,0,0,0,1,2,61,0,1
2,109,46,2,1,13,8,3,0,0,0,0,0,1,0,1
0,128,19,2,1,1,8,1,0,0,0,0,0,67,150,1
1,50,16,3,3,5,2,25,0,0,0,0,0,67,0,1
2,134,192,2,1,4,8,3,0,0,0,0,0,0,92,1
2,48,28,3,3,2,8,46,0,0,0,1,2,61,0,1
2,190,41,2,1,7,1,3,0,0,0,1,0,122,209,1
2,182,9,2,1,7,1,75,0,0,0,1,2,116,0,1
2,260,101,2,1,7,1,51,0,0,0,1,0,16,0,1
1,71,122,2,1,2,8,4,0,0,0,0,0,23,0,1
1,87,65,3,3,7,1,80,0,0,0,0,0,40,110,1
1,320,91,3,3,6,3,84,0,0,0,1,0,0,4,1
2,64,167,2,1,9,8,38,0,0,0,1,0,1,160,1
2,186,108,3,3,2,8,36,0,0,0,1,0,147,0,1
2,70,45,3,3,1,8,14,0,0,0,1,0,8,41,1
2,53,0,2,1,2,8,13,0,0,0,1,2,0,0,1
2,113,193,2,1,7,1,0,0,0,0,1,0,33,0,1
2,74,6,2,1,10,8,2,0,0,0,0,2,0,0,1
2,1,122,2,1,5,8,25,0,0,0,0,0,148,0,1
2,236,101,2,1,7,1,5,0,0,0,0,0,143,0,1
2,121,179,2,1,1,1,6,0,0,0,1,0,154,0,1
2,91,17,2,1,10,8,25,0,0,0,1,0,8,1,1
2,244,39,3,3,13,8,6,0,0,0,0,0,0,74,1
1,178,48,2,1,4,8,14,0,0,0,1,0,0,0,1
2,144,55,3,3,14,4,1,0,0,0,0,0,10,1,1
1,82,19,3,3,6,3,3,0,0,0,0,0,8,45,1
2,108,179,3,3,9,4,30,0,0,0,1,0,0,17,1
2,157,56,2,1,2,8,2,0,0,0,0,0,80,0,1
2,49,103,3,3,8,8,7,0,0,0,0,0,15,73,1
2,136,12,2,1,2,8,7,0,0,0,0,0,51,61,1
1,301,118,2,1,7,1,66,0,0,0,1,0,155,0,1
1,71,11,2,1,11,8,19,0,0,0,0,2,23,0,1
2,186,103,3,3,7,1,27,0,0,0,1,0,131,0,1
1,343,114,2,1,6,3,0,0,0,0,0,2,0,0,1
1,239,132,3,3,9,8,4,0,1,2,0,0,170,18,1
1,38,21,3,3,2,8,25,0,1,1,0,0,41,2,1
2,5,75,2,1,13,8,2,0,1,1,0,0,0,6,1
2,12,9,2,1,11,8,8,0,1,4,0,0,23,8,1
2,159,70,2,1,6,3,0,0,1,5,0,0,32,63,1
2,96,72,2,1,2,8,30,0,1,1,0,0,0,22,1
1,71,26,2,1,7,8,2,0,0,0,0,0,17,0,1
2,240,45,2,1,7,1,0,0,0,0,0,2,80,0,1
2,66,15,2,1,9,8,3,0,0,0,1,0,74,37,1
1,66,39,3,3,6,3,70,0,0,0,0,0,74,0,1
2,69,4,3,3,9,8,3,0,0,0,0,0,40,43,1
2,82,52,2,1,2,8,14,0,0,0,1,0,14,1,1
2,222,23,2,1,2,8,9,0,1,2,0,0,54,114,1
1,112,66,3,3,6,3,0,0,0,0,1,0,34,40,1
2,197,65,2,1,7,8,25,0,0,0,1,0,46,0,1
2,46,35,2,1,11,8,36,0,0,0,0,0,3,7,1
2,139,39,2,1,13,8,42,0,0,0,0,0,40,0,1
2,108,28,2,1,3,8,28,0,0,0,0,0,1,0,1
2,183,58,2,1,2,8,36,0,0,0,0,1,8,0,1
2,90,39,2,1,2,8,6,0,0,0,0,0,4,0,1
1,123,55,2,1,13,8,6,0,0,0,1,0,34,35,1
2,216,28,2,1,5,8,1,0,0,0,0,0,8,5,1
2,290,61,2,1,6,3,7,0,0,0,0,0,40,3,1
2,182,11,3,3,3,8,2,0,0,0,0,0,34,0,1
2,300,72,3,3,6,3,36,0,0,0,0,0,34,4,1
2,74,76,3,3,2,8,4,0,0,0,0,0,23,151,1
2,61,46,2,1,9,8,2,0,0,0,1,0,95,0,1
2,97,32,2,1,1,8,13,0,0,0,0,0,40,0,1
2,327,68,2,1,2,8,55,0,0,0,1,0,86,0,1
2,33,0,3,3,6,3,0,0,1,4,0,0,124,1,1
2,38,19,2,1,6,3,0,0,1,3,0,0,93,136,1
1,307,5,2,1,6,3,0,0,0,0,1,2,149,25,1
1,118,39,2,1,6,3,0,0,1,1,0,0,163,93,1
2,105,29,2,1,9,8,9,0,1,2,1,0,31,3,1
2,76,0,2,1,9,8,25,0,1,11,0,2,0,0,1
2,234,101,2,1,6,3,0,0,1,2,0,0,28,1,1
2,153,68,3,3,10,8,3,0,0,0,1,2,159,0,1
2,13,72,2,1,9,8,1,0,0,0,1,0,23,31,1
1,18,0,3,3,8,3,0,0,0,0,0,0,161,0,1
1,349,166,2,1,6,3,0,0,0,0,0,0,170,214,1
2,10,4,2,1,2,8,4,0,0,0,0,0,13,0,1
1,120,49,2,1,6,3,0,0,0,0,0,0,90,1,1
2,159,36,2,1,6,3,0,0,1,1,0,0,167,19,1
2,41,122,2,1,2,8,13,0,0,0,0,0,0,0,1
2,349,72,3,3,7,1,100,0,0,0,0,0,0,1,1
2,233,48,2,1,2,8,36,0,0,0,0,0,0,95,1
2,209,91,2,1,11,8,72,0,0,0,0,0,126,35,1
0,143,21,2,1,13,8,6,0,0,0,1,0,80,0,1
2,304,45,2,1,4,8,73,0,0,0,1,0,0,100,1
2,205,201,2,1,13,8,2,0,0,0,0,0,86,204,1
2,192,0,0,0,0,0,0,0,0,0,0,1,170,0,1
2,142,25,3,3,2,8,1,0,0,0,0,0,61,0,1
2,205,108,2,1,7,1,84,0,0,0,0,0,46,128,1
2,102,10,3,3,2,8,36,0,0,0,1,0,23,0,1
1,89,63,3,3,2,8,0,0,0,0,0,0,8,0,1
2,85,29,2,1,10,8,2,0,1,4,0,0,65,178,1
2,62,16,2,1,2,8,3,0,0,0,0,0,96,0,1
1,210,10,2,1,6,3,0,0,1,10,0,0,40,18,1
1,75,53,2,1,8,5,0,0,1,1,0,0,40,36,1
1,122,72,2,1,10,8,63,0,1,1,1,0,74,10,1
2,158,74,2,1,2,8,57,0,1,2,1,0,23,32,1
1,151,42,2,1,13,4,1,0,1,3,0,0,0,28,1
2,64,62,2,1,9,8,19,0,0,0,0,0,34,0,1
2,9,88,2,1,7,4,10,0,0,0,1,0,8,0,1
1,62,171,2,1,9,4,2,0,0,0,0,0,86,5,1
2,52,89,3,3,7,4,1,0,0,0,0,0,15,49,1
2,15,118,2,1,7,8,3,0,0,0,0,0,147,49,1
2,34,86,3,3,7,8,25,0,0,0,1,0,96,149,1
2,48,13,2,1,2,8,3,0,0,0,0,0,0,34,1
2,114,54,2,1,4,8,19,0,0,0,1,0,159,0,1
2,82,28,2,1,7,4,2,0,0,0,1,0,51,5,1
2,229,65,3,3,7,4,114,0,0,0,1,2,40,0,1
2,72,168,2,1,7,8,10,0,0,0,0,0,0,0,1
0,111,68,3,3,0,0,2,0,0,0,0,2,159,0,1
1,11,16,2,1,7,8,4,0,1,6,1,0,61,29,1
2,81,76,3,3,9,8,10,0,1,1,1,0,74,44,1
1,14,143,2,1,1,8,42,0,1,10,1,0,0,10,1
2,83,13,3,3,2,8,1,0,1,2,0,0,10,6,1
2,193,34,2,1,10,8,28,0,0,0,0,2,73,0,1
2,346,203,3,3,6,3,1,0,1,2,0,0,0,101,1
2,128,4,3,3,9,8,2,0,0,0,0,0,49,184,1
2,89,185,3,3,1,8,1,0,0,0,1,0,8,112,1
2,31,82,3,3,6,3,0,0,0,0,1,0,34,1,1
0,269,32,2,1,11,8,3,0,0,0,1,0,68,0,1
1,69,135,2,1,11,8,42,1,1,10,0,0,159,148,1
1,133,49,2,1,11,8,55,1,0,0,1,0,122,0,1
2,268,45,2,1,2,8,57,1,0,0,1,0,15,0,1
2,248,51,2,1,9,8,5,1,0,0,0,0,23,0,1
1,321,11,2,1,7,1,25,1,0,0,1,0,63,186,1
1,313,124,2,1,9,4,99,1,1,3,1,0,1,35,1
2,261,212,2,1,11,4,5,1,1,1,0,0,158,46,1
1,98,56,2,1,2,4,62,1,0,0,1,0,96,1,1
1,90,22,2,1,1,4,42,1,0,0,0,0,111,0,1
2,260,60,2,1,7,1,19,1,0,0,0,0,145,0,1
2,242,28,2,1,6,3,0,1,0,0,0,0,12,1,1
2,165,65,2,1,1,8,103,1,0,0,1,0,142,0,1
1,185,47,3,3,6,3,0,1,0,0,0,0,86,0,1
1,93,39,2,1,6,3,0,1,0,0,0,0,159,0,1
2,199,76,2,1,14,4,73,1,0,0,1,0,151,0,1
2,189,51,2,1,13,1,6,1,0,0,1,0,24,0,1
2,348,108,2,1,0,0,14,1,0,0,0,0,0,98,1
2,36,45,3,3,3,8,46,1,0,0,1,0,1,20,1
2,256,72,2,1,7,1,25,1,0,0,0,0,0,76,1
2,39,150,3,3,9,4,22,1,0,0,1,0,15,0,1
2,207,85,2,1,13,8,28,1,0,0,1,0,40,0,1
2,147,33,3,3,7,1,13,1,1,10,1,0,13,26,1
2,264,163,3,3,4,8,36,1,0,0,0,2,0,0,1
2,82,15,3,3,13,8,60,1,1,6,1,0,44,99,1
0,254,51,3,3,0,0,0,0,0,0,1,0,19,1,1
2,144,39,3,3,9,8,6,0,0,0,0,0,53,0,1
2,42,9,2,1,11,8,3,0,0,0,0,0,40,0,1
2,80,19,2,1,2,4,2,1,0,0,0,0,34,0,1
1,141,51,3,3,9,8,30,0,0,0,1,0,74,0,1
2,171,81,2,1,9,8,13,0,0,0,1,0,58,0,1
2,349,1,3,3,4,8,77,0,0,0,1,0,128,0,1
2,281,90,2,1,14,1,2,0,0,0,1,0,141,0,1
2,41,39,3,3,9,8,3,0,0,0,0,0,15,4,1
2,122,77,3,3,11,4,86,0,1,2,1,0,98,1,1
2,63,26,2,1,13,8,7,0,1,1,0,0,116,90,1
2,35,162,2,1,2,1,15,0,1,2,1,0,40,7,1
1,221,92,2,1,2,8,3,0,0,0,0,0,23,0,1
2,139,39,2,1,2,4,6,0,1,2,1,0,111,51,1
2,71,25,2,1,7,8,38,0,1,1,1,0,111,9,1
2,170,191,3,3,6,3,0,0,1,2,0,0,23,1,1
2,141,98,2,1,10,8,46,0,1,1,1,0,128,42,1
2,26,158,3,3,1,8,3,1,0,0,0,0,8,104,1
2,65,60,2,1,7,8,3,0,0,0,0,0,23,10,1
2,31,0,2,1,11,8,17,0,0,0,0,0,23,1,1
2,58,26,3,3,3,8,17,0,0,0,0,0,23,0,1
2,83,174,2,1,2,8,48,0,0,0,0,2,159,0,1
2,63,130,3,3,7,1,4,0,0,0,1,0,170,0,1
2,204,66,2,1,6,3,0,0,0,0,0,0,0,149,1
2,138,184,2,1,4,4,13,0,0,0,0,0,55,0,1
1,38,21,2,1,13,8,40,0,0,0,0,0,51,5,1
1,74,39,2,1,11,8,6,0,0,0,1,0,8,139,1
1,119,10,2,1,10,4,3,0,1,1,1,0,70,51,1
1,225,45,2,1,6,3,0,0,0,0,0,0,157,0,1
2,172,58,3,3,9,3,0,0,0,0,0,0,8,0,1
1,83,24,2,1,13,8,6,0,1,1,1,0,61,4,1
2,23,64,2,1,2,6,24,0,1,2,1,0,23,122,1
2,242,16,3,3,10,8,13,0,0,0,1,0,12,0,1
2,37,145,2,1,1,8,20,0,0,0,0,0,159,100,1
2,133,83,2,1,1,8,6,0,0,0,1,0,1,0,1
2,201,25,2,1,9,8,36,0,0,0,1,0,57,0,1
2,188,69,2,1,7,1,57,0,0,0,1,0,58,76,1
0,179,60,3,3,3,8,72,0,0,0,1,0,40,62,1
2,162,25,3,3,1,8,72,0,0,0,1,0,86,0,1
1,305,122,2,1,1,4,64,0,0,0,0,0,0,0,1
2,205,14,3,3,13,8,7,0,0,0,1,0,82,2,1
2,214,67,2,1,3,8,4,0,0,0,1,0,0,115,1
1,50,135,2,1,2,8,4,0,0,0,0,0,0,101,1
2,85,138,2,1,1,8,6,0,0,0,1,0,0,0,1
2,101,11,2,1,9,4,72,0,0,0,1,0,90,0,1
1,198,84,2,1,6,3,0,0,1,6,0,0,0,76,1
2,282,84,2,1,7,1,25,0,0,0,0,0,1,2,1
1,3,129,2,1,11,8,3,0,1,1,1,0,0,68,1
1,69,13,2,1,7,8,8,0,0,0,1,2,17,0,1
2,57,168,2,1,7,8,13,1,0,0,1,0,1,42,1
1,82,27,2,1,11,8,10,0,1,1,1,0,40,11,1
1,52,101,3,3,6,3,0,0,0,0,0,0,0,0,1
2,102,77,2,1,2,4,52,0,1,1,1,0,115,21,1
1,226,49,2,1,1,8,6,0,0,0,0,0,0,105,1
1,2,12,2,1,2,8,25,0,0,0,0,0,8,18,1
1,133,84,2,1,2,8,6,0,1,1,1,0,110,66,1
2,66,138,2,1,1,8,2,0,0,0,0,0,0,0,1
2,144,81,2,1,2,8,4,0,0,0,0,0,49,0,1
1,81,45,2,1,13,8,23,0,0,0,1,0,23,0,1
2,168,86,3,3,3,8,36,0,0,0,1,0,8,0,1
2,158,45,3,3,13,8,1,0,0,0,0,2,23,0,1
2,165,1,3,3,10,8,1,0,0,0,0,0,0,0,1
1,60,172,2,1,2,8,6,0,0,0,1,0,34,0,1
1,20,17,2,1,2,8,42,0,1,1,1,0,159,5,1
2,150,16,2,1,4,4,2,0,0,0,1,2,63,0,1
2,300,55,3,3,6,3,36,0,0,0,0,0,8,1,1
2,275,112,2,1,13,8,92,0,0,0,0,0,129,65,1
2,104,183,2,1,3,8,13,0,0,0,0,0,0,2,1
1,295,28,2,1,1,8,13,0,0,0,1,0,61,55,1
0,140,54,3,3,5,4,46,0,0,0,0,0,66,17,1
1,214,65,2,1,7,4,5,0,0,0,0,0,67,85,1
1,248,33,2,1,1,8,17,0,0,0,0,0,61,83,1
1,153,160,2,1,11,4,2,0,1,12,1,0,11,3,1
2,36,125,2,1,10,8,1,0,1,1,0,0,1,1,1
1,20,154,2,1,6,3,0,0,0,0,0,0,0,35,1
1,42,39,2,1,2,8,0,0,0,0,0,0,0,0,1
2,37,10,2,1,9,8,7,0,0,0,0,0,74,102,1
2,125,32,3,3,4,4,64,0,0,0,0,0,32,116,1
2,12,78,2,1,7,8,8,0,0,0,1,0,15,2,1
2,208,25,3,3,4,8,15,0,0,0,0,0,61,3,1
2,240,78,2,1,10,8,72,0,0,0,1,2,111,0,1
2,52,152,3,3,5,4,30,0,0,0,0,0,67,0,1
1,71,25,2,1,2,8,46,0,1,2,1,0,40,106,1
1,97,186,3,3,6,3,46,0,1,1,1,0,40,1,1
2,20,7,2,1,1,8,1,0,0,0,0,0,74,134,1
2,197,80,2,1,2,4,108,0,0,0,1,0,0,0,1
1,250,61,2,1,7,1,8,0,0,0,1,0,44,-3,1
2,115,100,2,1,8,1,102,0,0,0,1,2,-1,-1,1
1,311,132,2,1,7,3,65,0,1,1,1,0,41,45,1
2,203,61,2,1,7,1,8,0,0,0,1,2,51,-2,1
2,83,54,3,3,7,4,34,0,0,0,1,0,10,-3,1
2,134,66,3,3,1,8,112,1,0,0,1,2,83,0,1
2,136,199,2,1,7,8,27,0,0,0,0,0,-7,0,1
2,91,72,3,3,4,8,-1,0,1,1,1,0,39,9,1
1,250,61,2,1,7,1,8,0,0,0,1,0,44,-3,1
1,154,156,2,1,8,8,86,1,0,0,0,2,-3,0,1
2,63,5,3,3,1,7,86,0,0,0,1,0,-2,0,1
2,100,33,2,1,9,1,99,0,0,0,0,0,6,1,1
1,91,144,3,3,2,4,0,0,0,0,1,0,26,72,1
1,41,139,2,1,7,1,4,0,1,14,1,0,51,0,1
1,230,32,2,1,7,1,32,0,0,0,1,0,15,-1,1
2,79,35,3,3,2,6,0,0,1,1,1,0,7,20,1
1,8,38,2,1,0,1,42,0,0,0,0,2,14,0,1
2,64,30,3,3,12,8,4,1,1,1,1,0,99,-19,1
1,90,24,2,3,7,4,8,0,1,1,1,0,33,30,1
2,216,39,2,1,7,1,1,0,0,6,0,0,6,81,1
2,100,149,3,3,2,6,3,0,0,0,0,0,8,19,1
2,14,28,3,3,5,8,34,0,0,0,0,0,3,32,1
2,139,161,3,3,5,3,2,0,0,0,0,0,57,5,1
2,95,31,0,2,0,6,-3,0,0,0,0,1,3,1,1
2,143,-2,3,3,14,6,4,0,0,0,0,0,-4,22,1
1,124,153,2,1,7,4,3,0,1,1,1,0,57,85,1
2,222,220,2,1,7,1,7,0,0,0,0,0,56,3,1
2,336,134,3,3,2,6,27,0,0,0,0,0,52,-1,1
1,154,234,2,1,7,1,4,0,0,0,0,2,2,-1,1
1,209,23,0,1,14,3,89,0,0,0,0,0,41,21,1
2,31,43,2,3,3,3,78,0,0,0,1,0,14,-5,1
2,228,31,2,3,1,3,4,0,0,0,0,0,-8,55,1
2,205,8,3,3,8,8,-1,0,0,0,0,0,16,2,1
2,398,21,2,1,8,6,4,0,0,0,0,0,73,64,1
2,78,156,3,3,1,6,17,0,1,1,1,0,81,-20,1
2,126,50,2,1,7,3,4,0,0,0,1,0,-17,18,1
2,113,131,2,1,2,8,28,0,0,0,1,0,81,30,1
1,271,198,2,1,7,1,25,1,1,6,0,0,6,3,1
2,84,69,3,3,6,6,4,0,0,0,1,0,65,-5,1
2,147,1,3,3,14,3,75,0,1,1,0,0,16,31,1
2,203,125,3,3,5,8,29,0,0,0,0,0,5,-1,1
2,15,163,2,3,7,4,28,0,1,1,1,0,65,96,1
2,158,73,3,3,13,3,20,0,0,0,1,0,29,0,1
1,253,46,3,3,5,6,18,0,0,0,1,0,18,32,1
2,203,61,2,1,7,1,8,0,0,0,1,2,51,-2,1
2,127,9,0,0,0,0,2,0,0,0,0,1,162,0,1
2,203,33,2,1,7,1,71,0,1,2,1,0,48,81,1
1,211,227,2,1,7,4,40,1,1,12,1,0,5,86,1
2,203,33,2,1,7,1,71,0,1,2,1,0,48,81,1
1,156,226,2,1,11,1,59,0,1,12,0,0,9,69,1
1,88,38,3,1,2,8,7,0,0,0,1,0,15,-4,1
1,51,112,2,1,10,1,41,0,1,2,1,0,19,-5,1
2,110,26,2,1,2,1,33,0,1,1,1,0,9,21,1
1,35,29,2,1,7,1,71,0,1,5,1,0,3,94,1
2,216,39,2,1,7,1,1,0,0,6,0,0,6,81,1
2,123,22,0,2,0,0,1,0,0,0,0,1,-10,1,1
2,263,216,0,1,7,1,6,0,0,0,0,0,58,0,1
1,231,205,2,1,7,1,24,1,1,6,0,0,39,106,1
2,91,72,3,3,4,8,-1,0,1,1,1,0,39,9,1
2,130,151,3,3,2,8,20,1,1,1,1,0,128,-23,1
2,7,143,2,1,7,1,2,0,1,2,0,0,36,59,1
2,177,11,2,1,8,8,7,0,0,0,0,0,-2,27,1
1,303,85,2,1,7,4,41,1,0,0,1,2,15,-3,1
1,138,151,2,1,14,4,13,1,1,1,1,0,-1,55,1
2,188,149,3,3,1,8,1,0,0,0,0,0,-21,12,1
2,219,104,2,1,7,1,36,0,0,0,0,0,9,1,1
2,49,15,2,1,7,1,4,0,1,5,1,0,54,52,1
2,115,152,3,3,8,8,63,0,0,0,1,0,35,10,1
2,232,49,2,1,7,1,6,0,0,0,1,0,51,61,1
2,42,89,3,3,7,8,6,0,0,0,1,0,20,1,1
2,222,220,2,1,7,1,7,0,0,0,0,0,56,3,1
2,414,94,3,1,7,3,5,0,0,0,1,0,45,3,1
2,242,151,3,3,5,6,88,0,1,1,1,0,4,22,1
2,101,25,2,1,9,8,34,0,0,0,0,0,6,0,1
1,154,234,2,1,7,1,4,0,0,0,0,2,2,-1,1
2,137,159,3,3,8,3,29,0,0,0,0,0,20,-1,1
1,297,134,2,1,7,1,32,0,0,0,1,2,22,-1,1
2,324,5,3,3,8,8,23,1,0,0,0,0,36,7,1
2,222,98,2,1,8,4,25,0,1,1,1,0,57,1,1
2,71,66,3,3,7,6,89,1,1,1,1,0,3,2,1
2,333,49,3,3,6,0,7,0,0,0,0,0,9,1,1
2,123,35,2,1,7,1,-2,0,1,0,0,0,19,74,1
1,272,143,3,1,7,8,26,1,0,0,1,0,36,21,1
2,216,202,2,1,7,3,23,0,0,0,0,0,-5,66,1
2,64,30,3,3,12,8,4,1,1,1,1,0,99,-19,1
1,303,85,2,1,7,4,41,1,0,0,1,2,15,-3,1
1,261,54,2,1,7,1,5,0,0,0,0,0,53,-2,1
1,338,48,3,3,5,3,19,1,0,0,0,0,75,26,1
1,46,96,2,1,4,3,7,0,1,1,1,0,0,29,1
2,197,174,2,1,7,8,2,0,0,0,0,0,-4,3,1
2,98,14,3,3,2,8,-1,0,0,1,1,0,18,20,1
2,298,64,2,1,7,1,4,0,0,0,1,2,11,0,1
2,59,57,2,1,8,3,3,0,0,0,0,0,24,32,1
2,328,162,0,0,0,0,11,0,0,0,0,2,12,0,1
2,159,169,2,1,14,6,24,1,0,1,0,0,80,75,1
2,248,191,2,1,7,4,33,0,1,1,1,0,63,-1,1
2,109,58,3,3,10,8,24,1,0,0,0,0,-5,29,1
1,-4,77,2,1,7,1,59,0,1,2,1,0,19,104,1
2,113,162,2,1,2,3,2,1,1,1,1,0,46,13,1
2,203,33,2,1,7,1,71,0,1,2,1,0,48,81,1
1,217,191,2,1,7,3,46,0,0,0,0,0,51,67,1
2,170,135,2,3,5,8,10,1,1,1,0,0,135,25,1
2,234,167,2,1,7,1,32,1,0,7,1,2,2,-1,1
2,265,198,2,1,7,7,89,1,0,0,0,2,102,-1,1
2,203,61,2,1,7,1,8,0,0,0,1,2,51,-2,1
1,28,30,2,1,2,1,56,0,0,2,0,0,54,78,1
2,297,39,2,1,8,6,5,0,0,0,0,0,42,-1,1
2,100,33,2,1,9,1,99,0,0,0,0,0,6,1,1
1,379,83,2,1,2,1,35,0,0,0,1,0,38,-1,1
2,127,9,0,0,0,0,2,0,0,0,0,1,162,0,1
2,183,32,3,1,10,8,27,1,1,1,1,0,112,34,1
2,245,24,3,1,7,3,34,0,0,0,0,0,40,39,1
2,69,14,2,1,9,8,92,1,1,5,0,0,25,37,1
2,200,23,3,1,13,8,18,0,1,1,1,0,65,-12,1
2,66,34,3,3,5,8,70,1,1,1,1,0,7,-5,1
2,101,25,2,1,9,8,34,0,0,0,0,0,6,0,1
2,42,89,3,3,7,8,6,0,0,0,1,0,20,1,1
1,11,160,2,1,7,1,95,0,1,6,1,0,45,56,1
1,174,180,2,1,7,1,54,0,1,1,0,0,61,98,1
2,121,141,2,1,8,8,3,1,1,1,1,0,163,13,1
1,379,83,2,1,2,1,35,0,0,0,1,0,38,-1,1
2,158,73,3,3,13,3,20,0,0,0,1,0,29,0,1
2,101,17,3,3,4,8,4,1,1,17,1,0,58,-19,1
1,166,18,3,3,5,8,4,0,0,0,1,0,-2,22,1
1,137,33,3,3,14,0,26,0,0,0,0,2,5,0,1
2,348,179,0,0,0,0,6,0,0,0,0,1,145,0,1
2,225,55,2,1,7,1,56,0,1,1,1,0,17,77,1
2,94,190,2,1,6,8,65,1,1,1,1,0,14,18,1
2,113,131,2,1,2,8,28,0,0,0,1,0,81,30,1
2,213,244,2,1,7,4,23,0,0,0,0,2,1,0,1
2,241,158,2,3,5,8,36,0,0,0,0,0,3,0,1
2,95,31,0,2,0,6,-3,0,0,0,0,1,3,1,1
1,326,190,2,1,7,8,42,0,0,0,0,2,9,-1,1
1,139,40,2,1,7,1,3,0,1,2,0,0,14,-4,1
2,250,24,2,1,11,4,43,0,0,0,1,0,14,-3,1
2,303,129,3,3,9,6,5,0,0,0,0,0,34,17,1
2,29,160,3,1,8,1,5,0,0,0,1,0,37,0,1
2,123,35,2,1,7,1,-2,0,1,0,0,0,19,74,1
2,56,188,2,1,2,1,58,0,1,5,1,0,17,14,1
2,99,156,3,3,5,6,5,1,0,0,1,0,-2,-6,1
2,249,238,2,1,7,3,40,1,0,0,0,0,60,1,1
2,49,28,2,1,4,6,4,0,0,0,0,0,9,24,1
2,241,133,2,1,7,3,107,0,0,1,1,0,55,76,1
2,219,73,2,1,7,1,8,0,0,0,0,0,19,-1,1
1,63,40,2,1,7,1,66,0,1,7,1,0,13,79,1
1,166,18,3,3,5,8,4,0,0,0,1,0,-2,22,1
2,286,53,2,1,7,6,30,0,0,0,0,0,25,0,1
1,231,205,2,1,7,1,24,1,1,6,0,0,39,106,1
2,247,24,2,1,14,8,84,0,0,0,1,0,88,-3,1
2,61,25,3,3,7,8,4,0,0,1,1,0,33,58,1
2,107,5,3,3,1,6,1,0,0,0,0,0,36,1,1
2,317,18,2,1,9,8,43,1,0,0,1,0,93,10,1
2,178,78,2,1,7,1,4,0,0,0,0,2,10,-1,1
1,207,172,2,1,7,1,26,0,0,0,0,2,-2,-2,1
2,322,36,2,1,9,1,21,0,0,0,0,2,-2,1,1
1,74,180,2,1,7,1,-1,0,1,6,1,0,3,31,1
1,113,23,0,2,10,3,3,0,0,0,0,2,0,0,1
2,156,41,2,1,7,3,31,0,0,0,0,0,-4,-5,1
2,111,32,2,1,2,8,45,1,1,22,1,0,-2,-1,1
2,160,75,3,3,6,6,15,1,0,3,1,0,73,50,1
2,64,30,3,3,12,8,4,1,1,1,1,0,99,-19,1
2,71,169,2,1,7,1,76,0,1,6,1,0,10,95,1
2,84,69,3,3,6,6,4,0,0,0,1,0,65,-5,1
2,71,66,3,3,7,6,89,1,1,1,1,0,3,2,1
2,78,203,2,1,7,8,28,0,0,0,1,0,2,1,1
2,334,13,2,1,11,4,90,1,1,1,1,0,48,28,1
2,50,39,2,1,2,3,5,0,0,0,1,0,3,-1,1
2,222,98,2,1,8,4,25,0,1,1,1,0,57,1,1
2,297,39,2,1,8,6,5,0,0,0,0,0,42,-1,1
2,216,39,2,1,7,1,1,0,0,6,0,0,6,81,1
0,292,26,1,3,7,1,12,0,0,0,0,2,7,1,1
1,47,135,3,3,3,0,78,0,0,0,0,0,12,23,1
2,248,191,2,1,7,4,33,0,1,1,1,0,63,-1,1
2,45,27,3,1,13,1,44,0,0,0,0,0,4,0,1
2,269,188,2,1,0,1,76,0,0,0,0,0,53,1,1
1,127,181,2,1,7,8,69,0,0,0,0,0,-2,-1,1
2,53,15,2,1,7,8,80,0,1,5,1,0,32,0,1
1,47,143,2,1,7,4,33,0,0,4,1,0,22,85,1
1,114,67,3,3,9,6,30,0,0,0,0,0,-1,1,1
2,348,179,0,0,0,0,6,0,0,0,0,1,145,0,1
2,232,49,2,1,7,1,6,0,0,0,1,0,51,61,1
2,250,49,2,1,9,1,10,0,0,0,0,2,11,0,1
2,101,17,3,3,4,8,4,1,1,17,1,0,58,-19,1
1,6,36,2,1,2,1,86,1,1,6,1,0,15,81,1
1,207,28,3,3,8,6,67,0,0,0,0,0,-1,1,1
2,303,129,3,3,9,6,5,0,0,0,0,0,34,17,1
2,115,23,3,3,5,6,-5,0,0,0,0,0,-17,35,1
1,63,40,2,1,7,1,66,0,1,7,1,0,13,79,1
2,288,159,2,1,1,1,8,0,0,0,0,0,50,0,1
2,143,134,2,1,2,8,1,0,0,0,0,0,1,75,1
2,308,69,2,1,7,1,26,0,0,0,1,2,-9,1,1
1,303,85,2,1,7,4,41,1,0,0,1,2,15,-3,1
2,283,204,2,1,7,4,94,1,1,2,1,0,13,-4,1
2,123,22,0,2,0,0,1,0,0,0,0,1,-10,1,1
2,322,36,2,1,9,1,21,0,0,0,0,2,-2,1,1
1,63,40,2,1,7,1,66,0,1,7,1,0,13,79,1
2,200,23,3,1,13,8,18,0,1,1,1,0,65,-12,1
2,304,64,3,3,2,3,17,1,0,0,1,0,45,32,1
2,328,149,2,1,7,3,59,1,1,1,1,0,45,15,1
2,199,158,2,1,1,3,28,0,0,0,0,0,36,1,1
2,299,51,2,1,9,7,74,0,0,0,1,2,18,0,1
1,261,33,2,3,7,7,4,0,0,0,0,0,6,18,1
2,77,36,0,2,0,6,-2,0,0,0,0,2,50,4,1
2,213,244,2,1,7,4,23,0,0,0,0,2,1,0,1
2,115,86,2,1,2,3,6,0,0,0,1,0,34,0,1
1,242,25,3,3,1,3,7,0,0,0,0,0,38,1,1
2,295,180,3,1,7,4,76,0,0,0,1,0,9,-3,1
1,176,89,2,1,2,7,11,0,0,0,0,0,59,-2,1
2,246,47,2,1,7,1,2,0,0,2,0,0,58,81,1
2,203,125,3,3,5,8,29,0,0,0,0,0,5,-1,1
2,192,22,2,1,8,1,95,0,0,0,0,0,15,0,1
1,74,180,2,1,7,1,-1,0,1,6,1,0,3,31,1
2,84,19,3,3,5,8,-1,0,0,0,0,1,-1,1,1
2,176,26,3,3,14,8,32,0,0,0,1,0,76,-1,1
1,176,89,2,1,2,7,11,0,0,0,0,0,59,-2,1
2,286,53,2,1,7,6,30,0,0,0,0,0,25,0,1
2,63,44,3,3,7,3,38,0,0,1,1,0,18,51,1
2,109,58,3,3,10,8,24,1,0,0,0,0,-5,29,1
2,414,94,3,1,7,3,5,0,0,0,1,0,45,3,1
2,183,160,3,1,14,3,8,0,0,1,0,0,53,-3,1
2,203,33,2,1,7,1,71,0,1,2,1,0,48,81,1
1,91,144,3,3,2,4,0,0,0,0,1,0,26,72,1
2,241,37,2,1,7,1,26,0,1,0,1,0,5,15,1
2,277,16,3,3,5,3,16,1,0,0,0,0,42,32,1
2,72,46,2,1,5,8,10,0,0,0,0,2,11,-1,1
1,63,40,2,1,7,1,66,0,1,7,1,0,13,79,1
2,127,9,0,0,0,0,2,0,0,0,0,1,162,0,1
1,91,146,3,3,5,6,-4,0,0,0,0,0,140,2,1
1,86,27,3,3,1,6,16,1,0,0,1,0,87,8,1
2,311,18,3,0,8,6,37,0,0,0,0,2,8,0,1
2,53,15,2,1,7,8,80,0,1,5,1,0,32,0,1
2,203,33,2,1,7,1,71,0,1,2,1,0,48,81,1
1,104,194,2,1,7,1,74,0,0,12,0,0,9,18,1
2,94,32,2,1,4,1,35,0,0,0,1,2,134,-1,1
1,6,36,2,1,2,1,86,1,1,6,1,0,15,81,1
1,85,205,2,1,7,1,0,0,0,0,1,0,25,-1,1
1,274,38,0,1,7,4,45,0,0,0,0,2,10,-1,1
1,127,181,2,1,7,8,69,0,0,0,0,0,-2,-1,1
2,125,44,2,3,14,8,29,0,0,0,0,2,17,0,1
1,28,30,2,1,2,1,56,0,0,2,0,0,54,78,1
1,313,36,0,0,14,6,7,0,0,0,0,2,174,-1,1
1,19,57,2,1,7,8,21,0,0,0,1,2,37,0,1
2,11,57,2,1,7,3,31,0,0,0,0,2,15,-1,1
1,105,71,2,3,7,3,69,0,1,1,1,0,45,-3,1
1,91,146,3,3,5,6,-4,0,0,0,0,0,140,2,1
2,263,216,0,1,7,1,6,0,0,0,0,0,58,0,1
2,64,26,3,2,7,1,11,0,0,0,0,0,38,60,1
2,160,75,3,3,6,6,15,1,0,3,1,0,73,50,1
1,90,24,2,3,7,4,8,0,1,1,1,0,33,30,1
2,47,190,3,3,5,8,38,1,0,0,1,0,20,21,1
2,247,164,2,1,7,4,87,1,1,6,0,0,27,108,1
2,93,69,3,3,5,8,18,0,0,0,0,0,-1,-2,1
2,77,36,0,2,0,6,-2,0,0,0,0,2,50,4,1
2,308,69,2,1,7,1,26,0,0,0,1,2,-9,1,1
2,250,24,2,1,11,4,43,0,0,0,1,0,14,-3,1
1,85,205,2,1,7,1,0,0,0,0,1,0,25,-1,1
2,256,39,2,1,7,6,10,0,0,0,0,2,2,0,1
2,271,53,0,1,5,9,35,0,0,0,0,2,-5,2,1
2,11,57,2,1,7,3,31,0,0,0,0,2,15,-1,1
2,136,45,3,3,2,8,-4,0,0,0,1,0,107,19,1
2,143,134,2,1,2,8,1,0,0,0,0,0,1,75,1
2,107,5,3,3,1,6,1,0,0,0,0,0,36,1,1
1,92,166,2,1,7,9,47,0,0,0,0,0,9,0,1
2,222,220,2,1,7,1,7,0,0,0,0,0,56,3,1
2,39,32,3,1,8,1,6,0,0,0,0,0,7,39,1
2,271,53,0,1,5,9,35,0,0,0,0,2,-5,2,1
2,50,39,2,1,2,3,5,0,0,0,1,0,3,-1,1
2,271,53,0,1,5,9,35,0,0,0,0,2,-5,2,1
2,332,158,2,1,2,7,34,0,0,0,0,0,17,-1,1
2,123,35,2,1,7,1,-2,0,1,0,0,0,19,74,1
2,115,86,2,1,2,3,6,0,0,0,1,0,34,0,1
2,271,53,0,1,5,9,35,0,0,0,0,2,-5,2,1
1,261,54,2,1,7,1,5,0,0,0,0,0,53,-2,1
2,129,111,3,3,5,8,-2,0,0,0,0,0,45,38,1
2,77,22,2,1,9,1,3,0,1,1,1,0,21,-1,1
1,46,96,2,1,4,3,7,0,1,1,1,0,0,29,1
2,17,47,2,1,5,7,38,0,0,0,0,2,54,1,1
2,123,22,0,2,0,0,1,0,0,0,0,1,-10,1,1
1,245,52,2,1,7,1,37,0,0,4,1,2,128,-1,1
1,91,146,3,3,5,6,-4,0,0,0,0,0,140,2,1
1,86,27,3,3,1,6,16,1,0,0,1,0,87,8,1
2,277,40,2,1,7,3,90,0,0,2,0,0,52,-2,1
1,31,186,2,1,7,1,71,0,0,0,1,0,11,-1,1
2,129,111,3,3,5,8,-2,0,0,0,0,0,45,38,1
2,42,89,3,3,7,8,6,0,0,0,1,0,20,1,1
2,160,75,3,3,6,6,15,1,0,3,1,0,73,50,1
2,248,191,2,1,7,4,33,0,1,1,1,0,63,-1,1
2,77,36,0,2,0,6,-2,0,0,0,0,2,50,4,1
2,125,44,2,3,14,8,29,0,0,0,0,2,17,0,1
2,25,36,2,1,7,1,101,0,0,0,1,2,11,1,1
2,218,38,3,3,6,8,24,0,0,0,0,0,-7,-2,1
2,130,56,3,3,2,8,-6,1,0,0,1,0,131,-21,1
1,361,41,2,1,14,3,38,0,0,0,1,0,36,-3,1
2,32,20,2,3,2,8,23,0,0,0,1,0,0,28,1
2,180,36,2,1,7,4,21,0,1,2,1,0,4,10,1
2,124,166,2,1,7,1,62,0,1,4,0,0,51,5,1
2,78,171,0,2,5,3,51,0,0,0,0,2,12,1,1
2,45,27,3,1,13,1,44,0,0,0,0,0,4,0,1
1,124,153,2,1,7,4,3,0,1,1,1,0,57,85,1
1,11,160,2,1,7,1,95,0,1,6,1,0,45,56,1
2,75,45,3,1,8,3,30,0,0,0,1,0,-2,0,1
2,62,204,2,2,7,8,4,0,0,0,0,0,31,54,1
1,330,77,2,1,7,1,32,0,0,0,0,2,15,1,1
2,125,44,2,3,14,8,29,0,0,0,0,2,17,0,1
2,195,68,2,1,7,1,4,0,0,0,0,2,70,-3,1
2,359,38,2,1,9,8,38,0,0,0,1,2,15,-1,1
2,116,17,0,0,0,0,20,0,0,0,0,2,-2,0,1
