age,workclass,fnlwgt,education,educational-num,marital-status,occupation,relationship,race,gender,capital-gain,capital-loss,hours-per-week,native-country,income,cluster
32,5,196,11,8,0,11,1,4,1,0,0,41,25,1,103
48,4,690,9,12,4,3,1,4,1,0,0,32,25,0,103
33,6,141,12,13,6,9,4,4,0,0,0,49,25,0,100
23,3,684,9,12,2,9,0,4,1,0,0,36,25,0,3
37,6,760,8,10,2,10,0,4,1,0,0,32,25,0,103
6,3,485,1,6,2,6,0,4,1,0,0,32,23,0,103
45,3,486,11,8,2,2,0,4,1,0,0,32,25,0,3
22,2,449,12,13,0,9,4,4,0,0,0,23,25,1,100
3,3,70,11,8,4,1,3,2,1,0,0,14,25,0,100
38,3,228,6,4,2,13,5,4,0,0,0,39,25,0,2
14,5,610,9,12,4,12,1,4,0,0,0,32,25,0,100
48,3,522,11,8,2,6,0,4,1,29,0,32,25,1,102
5,3,869,11,8,4,12,1,4,0,0,0,32,25,0,2
39,3,471,0,5,2,5,0,4,1,0,0,32,25,0,103
18,2,283,11,8,2,13,0,4,1,0,0,32,25,0,103
21,3,621,11,8,2,2,0,4,1,0,0,41,25,0,3
10,3,218,11,8,5,6,1,4,1,0,0,34,25,0,3
40,1,558,15,9,0,1,3,4,1,0,0,32,25,0,103
33,3,480,11,8,2,11,0,4,1,33,0,45,25,1,102
41,5,69,11,8,2,4,0,4,1,0,0,41,25,0,103
27,2,609,15,9,0,9,4,4,0,0,0,19,25,0,100
26,3,199,15,9,2,9,0,4,1,0,0,32,25,0,3
25,3,541,9,12,2,9,0,4,1,0,0,32,25,0,3
8,3,669,1,6,2,6,0,4,1,0,0,32,25,0,103
45,5,833,12,13,3,11,1,4,0,0,0,14,25,0,100
46,3,256,11,8,2,1,0,2,1,0,0,32,25,0,103
18,3,161,14,14,4,9,1,1,1,0,0,32,11,1,103
14,5,908,10,15,4,9,3,4,0,0,0,39,25,0,100
22,3,66,11,8,2,6,0,4,1,0,0,32,25,1,1
45,3,491,2,7,2,3,0,4,1,0,0,23,25,0,103
34,3,52,11,8,2,3,5,4,0,0,0,49,25,0,100
26,3,714,11,8,0,6,3,4,0,0,0,32,4,0,100
33,3,17,11,8,2,9,5,4,0,0,0,32,25,1,2
25,2,359,12,13,2,10,0,4,1,33,0,27,25,1,102
46,0,881,11,8,2,0,0,4,1,0,0,14,25,0,103
4,2,650,1,6,4,7,3,2,1,0,0,19,25,0,100
9,3,605,11,8,2,1,5,4,0,0,0,32,25,0,2
15,3,393,11,8,0,11,1,4,1,0,0,41,25,0,3
24,4,99,7,11,2,9,0,4,1,36,0,41,25,1,102
3,3,693,15,9,3,11,3,2,0,0,0,13,25,0,100
28,3,35,9,12,2,12,0,2,1,0,0,32,25,1,103
4,3,373,0,5,2,4,0,4,1,0,0,23,25,0,103
15,3,806,15,9,2,13,0,4,1,27,0,41,25,1,102
34,3,88,11,8,3,7,4,4,0,0,0,32,25,0,2
45,3,415,11,8,2,6,0,4,1,0,0,32,25,1,1
11,3,885,11,8,2,3,0,4,1,0,0,41,25,1,1
49,0,331,8,10,2,0,0,4,1,0,0,36,25,0,103
15,3,691,11,8,2,2,0,4,1,0,0,32,25,1,1
33,5,172,1,6,0,2,4,4,1,0,0,32,0,0,103
37,1,36,15,9,2,2,0,4,1,0,0,32,25,0,103
25,3,566,11,8,2,6,0,4,1,0,0,32,25,1,1
43,4,873,15,9,2,2,0,4,1,0,0,14,25,0,103
5,1,661,11,8,4,1,2,4,1,0,0,32,25,0,100
16,3,794,9,12,2,9,0,4,1,0,0,36,25,1,1
47,3,645,11,8,6,1,1,4,0,0,0,32,25,0,2
23,5,431,12,13,2,11,0,4,1,15,0,41,25,0,103
22,5,325,15,9,4,2,1,4,1,0,0,19,25,0,103
14,3,62,9,12,4,3,1,4,0,0,2,49,25,1,103
10,3,805,11,8,2,1,0,4,1,21,0,36,25,0,103
39,2,614,11,8,2,2,0,4,1,0,0,32,25,1,103
16,3,840,11,8,0,2,1,4,1,0,21,58,25,0,101
21,3,508,9,12,4,11,1,4,0,0,0,33,25,0,2
14,3,549,11,8,2,13,0,4,1,0,0,41,25,0,3
4,3,687,15,9,4,1,3,4,0,0,0,14,25,0,100
5,0,626,11,8,4,0,3,4,1,0,0,32,25,0,100
2,3,64,15,9,4,7,1,4,0,0,0,55,25,0,100
31,2,577,11,8,0,7,1,4,0,0,0,27,25,0,103
33,4,341,11,8,2,3,0,4,1,0,0,49,25,1,103
41,3,158,12,13,2,3,0,4,1,0,0,37,25,1,1
48,0,573,11,8,2,0,0,4,1,0,0,7,25,0,103
35,4,292,11,8,2,3,0,4,1,0,0,32,25,1,103
14,3,151,9,12,2,2,0,4,1,0,0,37,25,0,3
39,3,477,11,8,2,1,5,4,0,36,0,18,25,1,102
22,5,312,11,8,2,11,0,4,1,0,0,41,25,1,103
27,3,649,15,9,2,11,5,4,0,23,0,32,25,1,102
36,3,738,15,9,5,1,3,4,1,0,0,32,4,0,100
1,3,913,11,8,4,7,1,4,1,0,0,23,25,0,100
51,3,119,2,7,6,11,1,4,0,0,0,23,25,0,100
27,4,819,1,6,2,11,0,4,1,0,0,49,22,1,103
19,3,972,11,8,2,2,0,4,1,0,0,19,25,0,103
38,3,765,15,9,2,9,0,4,1,0,0,32,25,1,1
46,5,787,15,9,2,3,0,4,1,0,0,32,25,1,103
29,5,753,9,12,4,9,1,2,1,0,0,17,25,0,103
6,3,778,15,9,4,5,1,2,1,0,0,19,25,0,100
23,6,360,12,13,0,3,4,4,0,4,0,32,25,0,100
25,5,521,7,11,2,11,0,4,1,0,0,32,0,0,103
40,3,923,9,12,2,9,0,4,1,0,0,44,25,1,103
57,2,441,5,3,6,7,1,4,0,0,0,27,25,0,100
20,3,740,11,8,2,13,0,4,1,0,0,41,25,0,3
31,1,955,12,13,2,9,0,4,1,0,0,32,25,1,103
17,3,965,11,8,2,11,0,4,1,0,0,49,25,0,103
14,3,382,0,5,0,7,1,4,1,0,0,32,25,0,103
4,3,149,11,8,4,2,1,4,1,0,0,32,25,0,3
13,3,386,11,8,2,6,0,4,1,0,0,36,25,0,3
21,1,721,11,8,2,2,0,4,1,0,0,32,25,0,103
41,3,526,1,6,2,6,0,4,1,0,0,32,25,0,103
33,3,171,11,8,2,1,0,4,1,0,0,24,25,0,103
11,3,689,15,9,4,7,1,4,1,0,0,32,25,0,3
3,3,473,11,8,4,2,3,4,1,0,0,32,25,0,2
32,4,673,14,14,2,9,0,4,1,0,0,49,25,1,103
7,3,961,11,8,2,7,0,4,1,0,0,32,25,0,3
34,3,97,12,13,2,9,5,4,0,0,0,32,25,1,2
29,3,46,15,9,0,7,4,4,0,0,0,7,0,0,100
7,3,725,9,12,4,9,1,4,1,0,0,31,25,0,3
25,5,286,15,9,2,2,0,4,1,0,0,32,7,0,103
52,3,226,11,8,2,7,0,4,1,0,0,14,25,0,103
4,3,544,15,9,4,11,3,4,0,0,0,44,25,0,100
22,3,150,11,8,0,5,3,4,1,0,0,32,25,0,3
10,3,774,11,8,3,11,4,4,0,0,0,19,25,0,100
19,3,519,15,9,2,2,0,4,1,0,0,42,5,0,103
47,3,145,15,9,6,12,4,4,0,0,0,32,25,0,2
13,3,429,11,8,2,7,2,4,0,0,0,32,25,0,2
40,3,124,11,8,4,1,3,4,0,0,0,32,25,0,2
8,3,633,5,3,2,5,0,4,1,0,0,32,17,0,103
49,0,569,1,6,2,0,0,4,1,0,23,1,25,1,101
10,3,337,11,8,2,4,0,4,1,0,0,32,25,0,3
46,3,665,9,12,6,1,1,4,0,0,0,19,25,0,100
25,5,20,9,12,2,4,0,4,1,0,0,49,25,1,103
1,3,705,11,8,4,11,1,4,1,0,0,32,25,0,3
22,3,314,11,8,4,9,1,4,1,0,0,41,25,0,3
8,3,944,15,9,4,2,1,4,1,0,0,32,25,0,3
34,3,830,11,8,6,13,4,4,1,0,0,32,25,0,2
28,3,115,9,12,3,9,4,4,0,0,0,30,25,0,2
33,3,60,11,8,0,2,4,4,0,0,0,32,25,0,2
36,2,6,8,10,0,3,1,0,1,0,0,39,25,0,103
24,3,232,12,13,2,9,0,4,1,0,0,44,25,1,103
24,4,93,9,12,2,3,0,4,1,0,0,60,25,1,103
27,2,698,15,9,2,5,0,2,1,0,0,32,25,0,103
46,3,233,11,8,2,6,0,4,1,0,0,32,25,1,1
34,2,59,12,13,2,9,0,4,1,0,0,43,25,1,103
15,6,212,14,14,2,9,0,4,1,0,0,55,25,1,103
24,3,539,11,8,0,2,4,4,0,0,0,32,25,0,2
1,3,950,11,8,4,7,1,4,1,0,0,14,25,0,100
2,3,80,11,8,4,11,3,4,0,0,0,27,25,0,2
18,3,911,6,4,0,2,1,4,1,0,0,36,25,0,3
4,3,598,11,8,4,4,3,4,1,0,0,36,25,0,2
22,3,880,9,12,5,9,4,4,0,0,0,41,25,1,2
7,3,23,15,9,4,4,3,4,1,0,0,41,25,0,2
1,3,297,15,9,4,11,3,4,0,0,0,14,25,0,100
2,3,543,11,8,4,11,4,2,0,0,0,14,25,0,100
45,3,130,15,9,2,11,0,1,1,0,0,32,25,1,103
22,3,647,9,12,2,12,0,4,1,0,0,41,25,0,3
29,3,683,11,8,2,2,0,2,1,0,0,27,25,0,103
6,3,784,11,8,4,6,3,4,0,0,0,32,25,0,2
20,3,121,11,8,2,2,0,4,1,0,0,32,25,0,3
42,3,670,11,8,2,13,0,2,1,0,0,32,25,1,103
24,3,4,11,8,0,13,4,4,1,32,0,32,25,0,102
20,3,106,11,8,2,5,0,4,1,0,0,32,25,0,3
14,0,9,9,12,2,0,5,4,0,0,0,19,25,1,100
20,1,729,11,8,0,3,1,4,1,0,0,32,25,1,103
44,3,554,0,5,6,4,4,4,1,0,0,14,25,0,100
31,3,795,11,8,2,2,0,4,1,0,0,36,25,0,3
25,5,160,8,10,2,3,0,4,1,0,0,41,25,0,103
21,5,758,9,12,0,9,1,4,1,39,0,27,25,1,102
49,0,108,6,4,2,0,0,4,1,0,0,32,25,0,103
50,3,575,12,13,2,9,0,4,1,37,0,49,25,1,102
13,3,143,11,8,2,6,0,4,1,0,0,32,25,0,3
28,3,505,11,8,0,11,3,4,0,0,0,32,25,0,2
5,6,30,15,9,4,13,3,4,1,0,0,19,25,0,100
13,3,928,15,9,2,2,0,4,1,0,0,32,25,0,3
16,3,767,4,2,2,6,0,4,1,0,0,32,17,0,103
16,3,397,15,9,2,6,0,4,1,0,0,43,25,1,103
47,2,596,4,2,0,7,1,4,0,0,0,36,0,0,103
32,3,643,8,10,2,3,0,4,1,33,0,49,25,1,102
13,3,524,11,8,4,5,1,4,1,0,0,16,25,0,100
6,3,898,11,8,4,11,1,4,1,0,0,32,25,0,3
29,5,962,11,8,2,9,0,4,1,0,0,49,25,0,103
19,3,174,11,8,2,2,0,4,1,0,0,32,25,1,1
23,3,743,4,2,2,2,0,4,1,0,0,32,25,0,103
33,4,192,14,14,2,9,0,1,1,0,0,32,11,0,103
10,3,81,9,12,2,3,5,2,0,0,0,36,25,1,100
19,3,879,15,9,2,2,0,4,1,0,11,32,25,1,101
11,3,433,9,12,6,7,3,4,1,0,14,41,25,0,101
3,3,855,15,9,4,11,3,1,0,0,0,14,25,0,100
8,3,438,9,12,4,9,1,4,1,0,8,32,25,0,103
33,4,789,12,13,5,3,4,1,1,0,0,36,2,0,100
35,3,2,8,10,2,3,0,4,1,0,15,36,25,1,101
20,3,452,9,12,2,11,0,4,1,40,0,49,25,1,102
20,3,582,15,9,6,7,1,4,0,10,0,32,0,0,100
5,3,33,9,12,4,9,1,4,0,0,0,11,9,0,100
12,3,125,15,9,4,12,1,4,0,0,0,32,25,0,2
38,2,681,15,9,0,3,1,0,0,0,0,32,25,0,100
4,3,414,9,12,4,1,1,4,1,0,0,32,3,0,100
5,3,315,8,10,4,7,3,4,1,0,0,23,25,0,100
5,3,696,15,9,4,1,4,2,0,0,0,29,25,0,100
26,2,25,12,13,2,3,0,4,1,0,0,32,25,1,103
55,2,785,11,8,2,3,0,4,1,9,0,7,25,0,103
3,3,598,6,4,4,13,4,4,1,0,0,27,25,0,2
17,3,231,15,9,2,5,0,4,1,0,0,32,25,0,3
29,6,77,9,12,2,9,0,4,1,0,0,7,25,1,103
10,3,259,15,9,4,1,4,4,0,0,0,41,25,0,2
5,3,662,15,9,4,11,3,2,0,0,0,32,25,0,100
10,3,667,15,9,6,1,4,4,0,0,0,32,25,0,2
18,3,51,11,8,4,7,3,4,1,0,0,23,25,0,100
3,3,5,11,8,2,1,5,4,0,0,0,14,25,0,100
40,3,506,9,12,2,9,0,4,1,30,0,32,25,1,102
31,3,578,1,6,2,13,0,4,1,0,0,32,25,1,103
41,0,469,9,12,0,0,1,4,1,0,0,19,25,0,103
23,3,142,11,8,2,5,0,4,1,0,0,32,25,0,3
26,0,208,9,12,2,0,5,4,0,0,0,5,25,1,100
25,4,817,14,14,2,9,0,4,1,36,0,51,25,1,102
27,6,26,12,13,2,9,0,4,1,33,0,41,25,1,102
16,3,550,5,3,2,6,0,4,1,0,0,32,25,0,103
13,3,8,7,11,4,1,4,0,0,0,0,32,25,0,100
6,3,285,11,8,4,7,1,4,0,0,0,27,25,0,2
6,3,38,11,8,2,5,0,4,1,0,0,32,25,0,3
1,1,823,15,9,4,11,3,4,0,0,0,24,25,0,100
47,2,65,10,15,2,10,0,4,1,0,0,36,25,1,103
17,3,792,15,9,2,3,5,4,0,0,0,36,25,1,2
27,3,513,12,13,0,11,1,4,1,0,0,18,12,0,103
17,3,510,11,8,0,1,1,4,0,0,0,32,25,0,3
26,5,219,11,8,2,3,5,4,0,0,0,32,25,0,100
10,2,230,11,8,2,6,0,4,1,0,0,32,25,0,103
5,3,58,15,9,2,3,5,4,0,0,0,32,25,0,2
24,3,843,9,12,2,2,0,4,1,33,0,44,25,1,102
12,3,439,11,8,0,11,4,4,0,0,0,19,25,0,100
1,3,591,1,6,4,11,3,2,0,0,0,6,25,0,100
30,3,512,15,9,0,10,4,4,0,0,0,17,25,0,100
17,3,735,11,8,5,2,4,4,1,0,0,57,25,0,100
14,3,884,11,8,2,3,0,1,1,0,0,36,25,1,103
24,3,316,11,8,3,1,4,4,0,0,0,32,25,0,2
32,3,601,1,6,2,13,0,4,1,0,12,52,25,0,101
11,3,937,4,2,4,2,2,4,1,0,0,32,17,0,100
23,3,224,11,8,0,2,2,4,0,0,0,32,26,0,100
15,3,561,1,6,2,3,0,4,1,0,0,44,25,0,103
9,0,368,1,6,4,0,1,4,0,0,0,27,9,0,100
15,3,642,12,13,2,3,0,4,1,0,0,44,25,1,103
31,1,968,11,8,3,1,4,4,0,3,0,32,25,0,100
11,3,703,11,8,4,11,3,4,0,0,0,49,25,0,100
61,4,730,0,5,2,4,0,4,1,37,0,41,25,1,102
14,3,248,9,12,4,3,1,4,0,0,0,32,25,0,2
19,3,460,1,6,0,7,1,4,0,0,0,32,25,0,103
28,4,247,11,8,2,2,0,4,1,0,0,41,25,1,103
11,3,666,9,12,4,1,1,4,0,0,0,32,25,0,2
6,3,328,15,9,4,1,1,4,1,0,0,14,25,0,100
22,3,178,11,8,0,11,1,4,0,0,0,32,25,0,3
39,5,74,9,12,0,4,1,4,1,0,0,23,25,0,103
10,4,671,2,7,2,1,0,4,1,0,0,32,25,1,103
40,3,903,9,12,0,3,1,4,0,0,0,36,25,0,3
4,1,445,2,7,4,1,3,2,1,0,0,19,25,0,100
13,2,400,9,12,2,10,0,4,1,0,0,36,25,1,103
15,3,844,15,9,2,11,0,4,1,0,0,41,25,0,3
3,3,101,15,9,4,11,1,4,0,0,0,41,25,0,2
14,3,225,11,8,4,11,3,4,1,0,0,32,25,0,2
25,3,587,14,14,2,12,0,4,1,0,0,51,25,1,103
9,3,329,7,11,2,9,5,4,0,0,0,55,25,0,100
14,3,385,12,13,2,11,0,4,1,0,0,56,25,1,103
2,3,330,11,8,4,6,3,4,0,0,0,26,25,0,2
34,3,306,11,8,2,1,5,4,0,33,0,32,25,1,102
29,2,402,12,13,6,3,4,2,0,0,0,27,25,0,100
14,5,772,11,8,2,7,5,4,0,0,24,32,25,1,101
16,0,607,11,8,0,0,4,4,0,0,0,24,25,0,100
3,2,809,11,8,4,1,3,4,1,0,0,32,25,0,100
42,3,728,11,8,0,7,4,2,0,0,0,27,15,0,100
28,3,677,11,8,6,2,1,4,0,0,0,32,25,0,2
32,5,57,10,15,4,9,1,4,1,40,0,52,25,1,102
18,3,567,9,12,2,9,0,1,1,0,0,32,20,1,103
52,5,358,11,8,2,4,0,4,1,0,0,32,25,0,103
30,0,846,8,10,0,0,1,4,0,0,0,32,25,0,100
19,3,636,13,0,0,7,1,3,1,0,0,53,17,0,103
22,3,807,12,13,0,7,1,4,0,0,0,41,25,1,1
25,5,126,15,9,2,3,0,4,1,0,0,44,25,1,103
12,3,197,11,8,2,5,0,4,1,0,0,33,25,0,3
28,3,487,11,8,4,5,2,4,1,0,0,32,25,0,3
24,4,820,9,12,6,3,1,2,0,0,0,36,25,0,100
7,3,863,11,8,4,13,1,4,0,0,0,41,25,0,2
10,3,177,11,8,4,11,3,1,1,0,0,32,25,0,100
28,1,378,15,9,2,9,0,4,1,0,0,32,25,1,103
30,3,1,11,8,0,7,1,4,0,0,0,32,25,0,3
24,3,822,15,9,2,1,0,4,1,0,0,36,25,1,1
22,3,419,11,8,2,11,0,1,1,0,0,20,0,0,103
41,3,211,11,8,2,4,0,4,1,0,0,36,25,0,3
40,6,699,9,12,2,3,0,3,1,0,3,29,25,0,103
30,1,164,9,12,3,3,1,4,0,0,0,32,25,0,100
7,3,298,11,8,4,1,3,4,0,0,0,23,25,0,100
24,3,769,6,4,2,6,0,4,1,0,0,32,17,0,103
9,3,451,9,12,4,1,1,4,0,0,0,32,25,0,2
44,2,608,9,12,2,9,5,4,0,0,0,23,25,0,100
49,3,271,15,9,2,3,0,4,1,0,0,32,25,1,1
53,3,536,1,6,2,13,0,4,1,0,0,32,25,0,103
42,5,856,9,12,2,3,0,4,1,0,0,27,25,0,103
41,3,102,0,5,2,13,0,4,1,0,0,32,25,1,103
6,3,867,15,9,4,5,3,4,1,0,0,19,25,0,100
49,5,575,14,14,4,9,1,4,1,0,0,14,0,0,103
43,3,345,0,5,2,5,0,2,1,0,0,32,25,0,103
30,3,594,15,9,2,9,0,4,1,0,0,32,25,1,1
14,1,437,8,10,4,3,1,4,0,0,0,32,25,0,100
10,3,407,11,8,2,7,0,4,1,0,0,32,25,0,3
37,3,76,11,8,2,2,0,4,1,0,0,32,25,0,3
26,3,904,15,9,0,5,1,2,1,0,0,32,25,0,103
39,3,727,5,3,2,2,0,4,1,0,0,20,25,0,103
7,2,234,9,12,4,9,3,4,0,0,0,32,25,0,100
6,3,131,15,9,4,2,3,4,1,0,0,23,25,0,100
22,3,502,11,8,4,1,1,4,0,0,0,32,25,0,2
36,3,155,11,8,2,9,0,4,1,0,0,33,25,1,1
9,0,277,9,12,2,0,0,4,1,0,18,32,25,0,101
27,5,752,11,8,2,9,5,4,0,0,0,32,14,1,100
8,3,715,9,12,4,11,1,4,1,0,0,32,25,0,3
33,3,556,11,8,0,5,1,4,1,0,16,30,25,0,101
41,3,668,6,4,4,5,3,4,1,0,0,32,7,0,100
33,6,860,12,13,0,9,4,4,0,0,0,32,25,0,103
12,3,581,11,8,4,6,1,4,0,0,0,32,25,0,2
17,3,405,11,8,2,6,0,4,1,0,0,35,25,1,1
47,3,821,11,8,5,6,4,2,0,0,0,32,25,0,100
12,3,861,11,8,3,2,1,4,1,0,0,32,25,0,3
32,3,354,11,8,5,5,1,4,1,0,0,32,25,0,3
25,2,500,9,12,0,9,4,4,0,0,0,29,25,0,100
8,2,761,15,9,4,1,4,2,0,0,0,32,25,0,100
9,3,504,9,12,4,3,1,4,0,0,0,36,25,0,2
27,3,457,11,8,2,1,0,2,1,0,0,42,25,1,103
14,3,493,9,12,2,9,0,4,1,0,0,32,25,0,3
45,4,3,11,8,6,11,1,4,0,0,0,11,25,0,100
6,0,602,15,9,4,0,3,4,1,0,0,32,25,0,100
15,3,98,11,8,0,1,3,1,0,0,0,32,25,0,100
24,3,16,8,10,0,9,4,4,0,0,0,32,25,0,2
1,3,367,1,6,4,7,3,2,1,0,0,14,25,0,100
29,3,764,14,14,5,9,1,4,1,0,0,41,25,1,1
13,3,235,11,8,4,3,1,4,1,0,0,41,25,0,3
13,5,781,15,9,4,11,2,1,1,0,21,32,24,0,101
16,3,909,11,8,2,5,0,4,1,0,0,27,11,0,103
12,3,975,11,8,3,12,3,2,1,0,0,32,25,0,100
29,3,159,9,12,4,11,1,4,0,0,0,27,25,0,2
36,3,637,15,9,2,13,0,3,1,0,0,49,25,1,103
6,0,651,8,10,4,0,3,2,0,0,0,11,25,0,100
5,3,946,15,9,4,13,3,4,1,0,0,32,25,0,2
42,2,75,9,12,2,9,0,4,1,0,0,41,25,1,103
31,6,236,9,12,2,3,0,4,1,27,0,32,25,1,102
8,3,685,15,9,3,9,4,2,1,0,0,32,25,0,100
14,3,275,6,4,4,4,1,4,1,0,0,32,23,0,103
11,3,695,15,9,2,1,0,4,1,0,0,32,25,0,3
35,3,481,9,12,0,1,1,4,0,0,0,32,25,0,3
29,5,816,9,12,0,7,4,1,0,0,0,49,24,1,103
2,0,114,15,9,4,0,3,1,0,0,0,32,25,0,100
7,3,215,11,8,0,7,4,4,0,0,0,27,25,0,2
51,0,14,11,8,6,0,1,4,0,0,0,9,25,0,100
7,3,722,11,8,2,4,0,4,1,0,0,44,25,0,103
29,3,346,11,8,2,1,5,4,0,0,0,32,25,1,2
26,3,749,11,8,2,13,0,4,1,0,0,41,25,0,3
13,3,514,12,13,2,9,0,1,1,0,0,32,25,1,103
22,5,798,8,10,2,4,0,4,1,0,0,49,25,0,103
29,5,133,11,8,6,7,2,4,0,0,0,32,25,0,100
36,3,459,14,14,2,9,0,4,1,0,0,32,25,1,1
25,3,44,15,9,0,2,1,4,1,17,0,32,25,0,103
10,3,589,9,12,0,1,1,4,0,0,0,27,25,0,2
27,3,588,9,12,2,3,0,4,1,36,0,49,25,1,102
23,3,501,9,12,4,9,1,4,1,0,0,23,25,0,103
29,3,351,11,8,0,3,1,4,0,0,0,49,25,0,103
33,3,470,8,10,2,9,0,4,1,0,0,32,25,1,1
42,5,595,11,8,0,9,1,4,1,0,0,14,8,0,103
13,3,422,9,12,4,3,1,4,1,0,0,33,25,0,3
26,3,450,11,8,5,6,1,4,0,0,0,35,25,0,2
9,3,404,11,8,0,2,1,4,1,0,0,32,25,0,3
28,3,683,0,5,2,1,0,2,1,0,0,32,25,0,103
39,5,213,9,12,2,9,0,4,1,0,0,36,25,0,103
14,3,333,11,8,2,2,0,4,1,0,0,39,25,1,1
39,3,463,4,2,2,6,0,2,1,0,0,32,25,0,103
15,3,744,15,9,0,3,1,4,1,0,0,41,23,0,103
36,3,940,11,8,2,5,0,4,1,0,0,42,25,1,1
33,3,564,13,0,4,7,1,2,0,0,0,32,10,0,100
19,3,362,5,3,2,4,0,4,1,0,0,44,25,0,103
5,0,342,11,8,4,0,4,4,1,0,0,32,25,0,100
7,3,515,15,9,4,1,3,4,0,17,0,42,5,0,100
21,3,202,15,9,2,2,0,4,1,15,0,32,25,1,102
17,3,848,15,9,4,6,1,4,1,0,0,32,8,1,103
17,3,39,15,9,0,6,1,4,0,0,0,32,25,0,2
8,3,782,9,12,4,9,1,4,1,0,0,36,25,0,3
41,3,825,9,12,2,9,0,4,1,0,0,32,25,1,1
24,1,905,11,8,2,12,0,4,1,0,0,32,25,1,103
10,5,223,15,9,4,3,1,4,1,0,0,49,25,1,103
49,5,951,10,15,2,11,0,4,1,0,23,19,25,1,101
16,3,966,11,8,2,13,0,2,1,0,0,32,25,0,103
37,2,295,0,5,2,10,0,4,1,0,0,36,25,0,103
21,3,173,5,3,2,6,5,4,0,0,0,41,1,1,100
16,3,810,9,12,4,3,1,4,0,0,0,32,25,0,2
1,0,887,1,6,4,0,4,2,0,0,0,41,25,0,100
2,3,834,15,9,4,2,3,4,1,1,0,32,25,0,100
45,1,32,15,9,2,9,0,4,1,0,0,32,25,1,103
43,3,499,11,8,2,9,0,4,1,0,0,19,25,0,103
26,4,748,9,12,2,9,0,4,1,0,0,49,25,0,103
48,0,144,11,8,2,0,0,1,1,0,0,39,25,1,103
25,3,646,4,2,5,1,2,4,1,0,0,32,7,0,100
42,3,448,0,5,2,9,0,4,1,0,0,32,25,0,103
12,3,72,11,8,3,10,1,4,1,0,0,32,25,0,3
15,3,138,12,13,2,11,0,4,1,0,0,49,25,1,103
58,5,18,11,8,2,4,0,4,1,20,0,32,25,0,103
41,3,694,3,1,5,4,1,2,1,0,0,41,25,0,103
13,2,870,11,8,2,3,0,4,1,0,0,32,25,0,103
21,3,611,9,12,2,4,0,4,1,0,0,49,25,0,103
23,3,0,15,9,4,2,2,0,1,0,0,23,25,0,100
11,6,511,9,12,4,9,1,4,0,0,10,52,25,0,101
8,3,207,11,8,2,6,0,4,1,0,0,32,25,0,3
11,3,54,15,9,2,11,0,4,1,0,0,32,25,0,3
21,3,204,12,13,2,9,0,4,1,30,0,41,25,1,102
37,5,85,11,8,2,2,0,4,1,0,0,27,25,0,103
40,3,309,3,1,3,7,1,4,1,0,0,27,0,0,103
19,5,892,10,15,4,9,1,4,1,0,0,23,0,1,103
13,3,225,9,12,4,1,2,4,1,0,0,32,25,0,2
35,3,622,9,12,3,3,1,4,0,0,0,33,25,0,2
29,1,800,7,11,0,1,4,4,0,0,0,32,25,0,100
29,3,528,11,8,0,13,1,4,1,0,0,32,25,0,3
6,3,383,11,8,4,5,3,2,1,0,0,32,25,0,100
1,3,786,11,8,2,5,0,4,1,0,0,32,4,0,103
28,3,702,15,9,3,1,1,4,0,0,0,32,25,0,2
17,3,332,15,9,4,1,1,1,0,0,0,27,16,0,100
26,3,403,11,8,4,6,3,4,1,0,0,32,25,0,2
11,3,896,9,12,4,3,1,2,1,7,0,41,25,0,103
13,3,586,15,9,0,11,1,4,1,0,0,47,25,0,103
3,3,251,11,8,2,5,0,4,1,0,0,41,25,0,3
5,3,425,1,6,4,2,2,4,1,0,0,32,25,0,100
28,6,553,14,14,0,9,4,2,1,38,0,28,25,1,102
20,3,676,9,12,2,3,2,4,1,18,0,38,25,0,103
16,3,534,8,10,2,11,0,4,1,0,0,32,25,0,3
1,0,229,1,6,4,0,3,4,1,0,0,9,25,0,100
10,5,639,11,8,4,2,1,4,1,0,21,41,25,0,101
20,5,244,11,8,2,4,0,4,1,0,0,60,25,0,103
34,3,934,11,8,0,3,1,4,0,0,0,32,25,0,3
20,3,718,9,12,0,3,4,4,0,31,0,36,25,1,102
13,2,423,15,9,4,1,3,4,0,0,0,7,25,0,100
19,3,166,15,9,2,6,0,4,1,0,11,32,25,1,101
21,3,246,9,12,2,6,0,4,1,0,0,41,25,1,1
39,3,363,6,4,0,11,4,4,0,0,0,32,25,0,2
18,3,349,11,8,2,13,0,4,1,0,0,49,25,0,103
15,3,812,15,9,4,2,1,4,0,0,0,32,25,0,2
34,3,294,2,7,6,6,1,4,1,0,2,32,25,1,103
14,3,248,15,9,4,11,3,4,0,0,0,32,25,0,2
18,3,191,11,8,0,3,4,4,0,0,0,14,25,0,100
23,6,428,15,9,0,1,1,2,0,0,0,27,25,0,103
28,3,375,12,13,2,3,0,2,1,0,0,32,25,1,103
16,3,490,8,10,2,2,0,2,1,0,0,32,25,0,103
25,3,264,11,8,2,6,0,4,1,0,0,32,25,0,3
5,3,111,11,8,2,11,0,2,1,0,0,32,25,0,103
16,2,454,11,8,0,13,4,4,0,0,0,34,25,0,100
35,3,420,11,8,2,11,0,4,1,0,12,49,25,1,101
14,3,624,2,7,4,11,3,4,1,0,0,24,25,0,100
0,3,323,1,6,4,7,3,2,1,0,0,14,25,0,100
32,3,95,1,6,2,2,0,4,1,0,0,32,25,0,103
10,5,54,11,8,4,2,1,4,1,0,0,23,25,0,103
10,3,184,1,6,2,2,0,4,1,0,0,32,25,0,103
25,3,410,11,8,0,6,1,4,1,0,0,44,25,0,103
42,3,273,11,8,0,7,1,4,0,0,0,32,25,0,3
8,3,877,8,10,4,7,3,4,0,0,0,11,25,0,100
17,2,593,15,9,0,10,4,2,0,0,0,32,25,0,100
14,3,198,8,10,0,2,4,4,1,0,0,32,25,0,3
13,0,388,1,6,4,0,4,4,1,0,0,32,25,0,100
28,3,406,9,12,0,1,4,4,0,25,0,27,25,1,102
23,2,217,12,13,2,9,0,4,1,0,0,32,25,0,103
22,3,465,6,4,2,2,0,4,1,0,0,32,25,0,3
3,3,544,15,9,4,7,3,4,0,0,0,29,25,0,2
38,3,771,8,10,2,1,0,4,1,0,0,32,25,0,3
22,6,318,15,9,2,10,0,4,1,0,0,32,25,0,103
13,3,464,10,15,4,9,1,4,0,0,0,11,25,0,100
12,3,874,9,12,4,11,1,4,0,0,0,49,25,0,100
1,0,604,15,9,4,0,3,4,0,0,0,32,25,0,100
11,3,663,11,8,2,6,0,4,1,0,0,32,25,0,3
39,6,483,7,11,4,1,1,4,0,0,0,36,25,0,103
30,2,79,15,9,2,10,0,4,1,0,0,35,25,0,103
24,3,555,12,13,0,3,4,2,0,0,0,49,25,1,103
53,3,152,9,12,2,11,0,4,1,0,0,52,25,1,103
11,6,839,9,12,2,9,0,4,1,0,0,14,25,0,103
8,3,278,15,9,5,1,2,3,0,0,0,32,6,0,100
40,0,849,15,9,2,0,0,4,1,0,0,41,25,0,103
25,5,4,9,12,0,2,1,4,1,0,0,51,25,0,103
7,3,321,15,9,4,5,3,4,1,0,0,41,25,0,2
15,3,766,8,10,0,1,1,4,1,0,0,32,25,0,3
26,3,657,11,8,2,6,0,4,1,0,0,32,21,0,103
59,0,118,7,11,6,0,1,4,0,0,0,2,25,0,100
45,3,599,12,13,2,3,0,4,1,0,0,44,25,0,103
7,2,379,9,12,4,9,1,4,0,0,0,49,25,0,100
9,3,813,11,8,4,7,1,4,1,0,0,49,25,0,103
17,3,907,11,8,2,12,0,4,1,0,0,32,25,0,3
9,3,399,15,9,2,3,0,4,1,0,0,49,25,0,103
2,3,48,15,9,4,7,3,4,0,0,0,11,25,0,100
14,3,754,4,2,4,13,1,4,1,0,0,23,7,0,100
31,3,181,9,12,2,3,0,4,1,30,0,49,25,1,102
17,3,474,9,12,2,3,0,4,1,15,0,44,25,1,102
11,3,571,11,8,2,2,0,4,1,0,0,32,25,0,3
10,3,916,9,12,2,9,5,4,0,0,0,59,25,1,100
31,3,623,9,12,2,9,0,4,1,0,0,32,25,1,1
14,5,369,8,10,2,11,0,4,1,0,0,39,25,0,103
25,3,216,11,8,2,6,5,4,0,0,0,32,25,0,2
5,4,53,15,9,2,2,0,4,1,0,0,32,25,0,103
17,3,372,9,12,2,9,0,4,1,0,0,32,25,1,1
29,3,167,9,12,5,3,4,4,0,0,0,32,25,0,2
20,3,461,1,6,5,11,4,2,0,0,0,32,25,0,100
33,3,617,12,13,2,3,0,4,1,36,0,51,25,1,102
13,3,719,9,12,2,11,0,4,1,0,0,32,25,1,1
23,1,503,11,8,2,1,0,4,1,30,0,41,25,1,102
20,0,852,11,8,0,0,1,4,0,0,0,23,25,0,100
14,3,682,11,8,4,13,3,2,1,0,0,32,25,0,100
47,3,706,11,8,2,11,5,4,0,0,0,15,25,0,100
9,3,894,11,8,2,11,0,4,1,13,0,32,25,0,103
8,5,296,7,11,2,1,5,4,0,0,0,27,25,1,100
18,3,530,11,8,2,2,0,4,1,0,0,32,25,1,1
15,3,15,11,8,2,13,0,4,1,0,0,32,25,0,3
11,5,845,15,9,4,6,1,2,1,0,0,32,25,0,103
24,3,827,9,12,2,2,0,4,1,40,0,32,25,1,102
14,3,641,11,8,2,7,0,3,1,0,0,32,25,0,103
30,3,200,5,3,5,7,1,4,0,0,0,30,25,0,100
20,2,527,11,8,5,10,1,4,1,0,16,27,25,0,101
28,3,340,15,9,0,1,4,4,0,0,0,39,25,0,2
17,3,868,11,8,4,7,1,4,0,0,0,22,25,0,100
20,5,416,11,8,2,11,0,4,1,0,12,36,25,1,101
4,0,616,15,9,4,0,4,4,0,0,0,27,25,0,100
44,3,185,11,8,2,2,0,4,1,0,0,29,25,0,3
6,4,847,11,8,4,1,1,4,0,0,0,32,25,0,100
10,6,763,15,9,2,13,0,4,1,18,0,32,25,0,103
7,3,664,8,10,4,6,3,4,1,0,0,32,25,0,2
34,3,84,11,8,2,2,0,0,1,0,0,32,25,0,103
17,3,10,9,12,2,4,0,4,1,0,0,41,25,1,1
4,0,762,15,9,2,0,0,4,1,0,0,32,25,0,103
15,2,391,11,8,2,2,0,4,1,0,0,32,25,0,103
36,1,531,11,8,0,12,4,4,1,0,0,32,25,0,103
48,6,872,15,9,2,6,0,2,1,0,0,32,25,1,103
11,3,814,11,8,2,11,0,4,1,0,6,49,25,0,103
21,2,347,11,8,4,13,1,4,1,0,0,32,25,0,103
23,3,747,15,9,2,11,0,4,1,36,0,41,25,1,102
16,3,193,11,8,0,10,1,4,1,0,0,52,25,0,103
13,3,915,11,8,2,1,0,4,1,0,0,41,25,0,3
13,3,183,15,9,2,2,1,4,1,0,0,32,17,0,103
17,1,468,8,10,0,1,3,2,0,5,0,32,25,0,100
14,3,220,11,8,2,13,0,4,1,0,0,32,25,1,1
16,3,242,11,8,2,3,0,4,1,0,0,32,25,0,3
33,3,808,11,8,2,13,0,4,1,0,0,32,25,1,1
41,1,640,9,12,2,3,0,4,1,0,0,32,25,1,103
37,6,408,12,13,3,9,1,1,0,0,0,32,2,0,100
36,3,322,8,10,0,9,4,4,0,0,0,32,25,0,2
22,3,266,10,15,4,9,1,4,1,0,0,36,25,0,3
16,3,413,11,8,4,13,1,4,1,0,0,49,25,0,103
26,3,797,11,8,0,6,1,4,1,0,0,36,25,0,3
20,5,613,11,8,2,11,0,4,1,0,0,36,25,0,103
33,3,180,9,12,2,3,5,4,0,0,24,14,25,1,101
19,3,970,0,5,0,3,4,4,0,0,0,32,25,0,100
22,6,770,10,15,4,9,1,4,1,0,26,41,25,1,101
51,3,900,15,9,2,1,0,4,1,0,0,32,25,0,3
1,0,396,2,7,4,0,3,2,0,0,0,11,25,0,100
6,3,701,15,9,4,5,3,2,1,0,0,16,25,0,100
10,3,348,11,8,4,7,1,4,0,0,0,41,25,1,2
28,3,179,8,10,0,3,1,4,1,0,0,32,25,1,1
0,3,590,1,6,4,5,3,4,0,0,0,12,25,0,100
15,3,190,11,8,2,2,0,4,1,11,0,32,25,0,103
18,3,305,12,13,2,9,2,4,1,30,0,32,25,1,102
21,3,45,9,12,2,3,0,4,1,36,0,51,25,1,102
27,3,199,12,13,2,9,0,4,1,0,0,35,25,1,1
10,3,495,4,2,4,8,2,4,0,8,0,32,7,0,100
29,3,290,1,6,0,6,4,0,1,0,0,34,9,0,100
0,3,545,6,4,4,11,1,4,0,0,0,23,25,0,100
19,3,19,15,9,2,2,0,4,1,30,0,32,25,1,102
19,3,472,11,8,2,2,0,4,1,0,0,27,25,0,3
14,3,592,9,12,4,2,1,1,1,0,0,32,26,0,100
49,4,773,11,8,2,11,0,4,1,0,9,7,25,1,101
15,3,270,11,8,4,2,1,4,1,0,0,32,25,0,3
34,3,897,11,8,0,1,4,4,0,0,22,32,25,0,101
19,3,352,11,8,2,2,0,4,1,0,0,44,25,1,103
34,3,299,15,9,2,1,0,4,1,30,0,32,25,1,102
29,3,866,11,8,2,2,0,2,1,0,0,32,25,0,103
28,4,635,7,11,0,3,1,4,0,0,4,32,25,0,103
44,3,129,11,8,5,13,4,1,1,0,0,36,25,1,100
44,0,112,11,8,2,0,0,4,1,0,0,29,25,0,103
23,3,176,9,12,2,9,0,4,1,0,0,41,25,0,3
56,3,339,5,3,2,11,0,4,1,0,0,27,25,1,103
20,3,127,15,9,2,12,0,4,1,0,0,32,25,1,1
35,3,395,11,8,4,7,4,4,1,0,0,32,25,0,2
1,3,953,1,6,4,1,3,4,0,0,0,11,25,0,100
14,5,796,8,10,2,3,0,4,1,16,0,41,25,0,103
8,3,43,9,12,4,9,1,4,0,0,0,41,25,0,2
12,3,492,15,9,4,3,1,4,1,0,0,36,25,0,3
2,3,931,15,9,4,11,3,4,1,0,0,32,25,0,2
4,3,895,15,9,4,9,1,4,0,0,0,32,25,0,2
8,3,252,9,12,4,9,1,4,0,0,0,32,25,0,2
40,5,304,1,6,2,11,0,4,1,0,0,11,25,0,103
18,1,523,9,12,4,9,3,4,0,0,0,32,25,0,100
6,3,958,11,8,4,5,3,4,1,0,0,41,25,0,2
6,3,366,11,8,0,2,1,4,1,24,0,41,13,0,102
33,2,288,9,12,4,9,3,4,0,0,0,32,25,1,100
28,5,113,14,14,2,9,0,4,1,30,0,49,25,1,102
14,3,147,0,5,0,6,1,4,1,0,0,32,25,0,103
28,2,777,11,8,4,1,1,4,0,0,0,32,25,0,100
5,0,22,15,9,4,0,3,4,1,0,0,41,25,0,100
21,3,875,5,3,2,4,0,4,1,22,0,58,22,0,103
19,3,850,9,12,2,11,0,4,1,0,0,41,25,1,1
4,0,864,15,9,4,0,1,4,0,0,0,34,25,0,100
42,3,203,0,5,2,13,0,4,1,0,1,32,25,1,103
37,3,927,0,5,5,13,4,2,1,0,0,36,25,1,100
41,3,265,12,13,0,1,1,4,0,0,16,36,25,0,101
35,3,525,11,8,2,2,0,4,1,0,0,32,0,0,103
18,5,245,15,9,2,2,0,0,1,0,0,49,25,0,103
7,3,100,8,10,4,12,4,2,0,0,0,32,25,0,100
27,3,535,11,8,2,11,0,4,1,0,0,32,25,1,1
9,3,107,15,9,0,1,1,4,0,0,0,32,25,0,2
54,2,697,11,8,6,3,2,4,0,0,0,25,25,0,100
13,3,889,14,14,4,9,1,4,1,0,4,57,25,0,103
47,3,430,11,8,6,7,2,4,1,0,0,22,25,0,100
30,1,61,9,12,3,3,1,4,1,0,0,49,25,1,103
17,3,954,11,8,2,7,0,2,1,0,0,23,25,0,103
14,3,632,11,8,4,7,4,2,0,0,0,26,25,0,100
23,4,658,15,9,2,3,0,4,1,30,0,51,25,1,102
12,6,723,11,8,4,1,4,4,0,0,0,32,25,0,100
10,5,692,9,12,4,11,2,1,1,0,0,41,0,0,100
39,2,466,2,7,0,13,1,4,1,0,0,32,25,0,103
7,3,374,15,9,4,11,3,4,0,0,0,32,25,0,2
35,3,116,11,8,3,1,1,4,0,0,0,41,25,0,2
56,0,117,15,9,2,0,0,4,1,0,0,7,25,0,103
4,3,793,15,9,4,1,1,2,0,0,0,14,25,0,100
21,3,659,11,8,0,5,1,4,1,0,0,32,25,0,3
29,3,674,11,8,2,13,0,4,1,36,0,35,25,1,102
5,3,859,11,8,4,5,1,4,1,0,0,23,25,0,100
46,3,835,11,8,0,10,1,4,1,0,0,32,25,0,3
6,2,653,7,11,4,10,3,2,0,0,0,27,25,0,100
17,3,938,9,12,4,11,1,4,1,0,0,32,25,0,3
28,4,562,9,12,2,3,0,4,1,0,0,36,25,1,103
1,3,709,11,8,4,6,3,4,1,0,0,32,25,0,2
4,3,128,11,8,4,7,1,4,0,0,0,50,25,0,100
5,2,276,15,9,4,3,3,4,0,0,0,19,25,0,100
30,2,40,12,13,2,9,0,4,1,0,0,49,25,1,103
60,2,130,3,1,6,4,1,1,1,2,0,14,20,0,100
52,5,188,5,3,2,11,0,4,1,0,0,44,25,0,103
34,3,381,11,8,2,2,0,4,1,0,0,41,25,0,3
8,3,648,11,8,2,12,2,4,0,0,0,39,25,1,2
27,0,779,8,10,2,0,0,1,1,0,19,32,21,0,101
0,3,205,0,5,4,11,3,4,0,0,0,9,25,0,100
24,3,680,15,9,5,7,1,2,1,0,0,32,25,0,100
14,2,550,11,8,0,10,1,4,1,0,0,38,25,1,103
6,3,289,8,10,4,1,4,4,0,0,0,32,25,0,2
2,3,939,11,8,4,7,3,4,1,0,0,14,25,0,100
13,3,153,11,8,2,6,0,1,1,0,0,32,26,1,103
9,3,831,11,8,4,6,1,4,1,0,0,32,25,0,3
22,3,891,11,8,2,11,5,4,0,0,0,28,25,0,2
30,3,686,4,2,5,11,4,4,0,0,0,32,17,0,100
20,3,574,11,8,2,2,3,4,1,16,0,32,25,0,103
46,0,755,14,14,2,0,0,4,1,0,0,23,25,1,103
13,4,906,11,8,2,5,0,4,1,0,0,49,25,0,103
32,3,914,9,12,2,3,0,4,1,0,0,34,25,1,1
18,3,552,5,3,2,2,0,4,1,0,0,32,25,0,103
22,3,103,15,9,2,3,0,4,1,0,0,32,25,0,3
33,3,580,2,7,0,5,4,4,1,0,0,32,25,0,103
21,3,263,9,12,2,3,0,4,1,0,0,32,0,1,103
2,1,660,15,9,4,1,3,4,0,0,0,7,25,0,100
5,3,716,15,9,4,1,3,2,0,0,0,19,25,0,100
41,4,700,15,9,6,11,1,4,0,0,0,14,25,1,100
35,3,293,5,3,2,5,0,4,1,0,0,32,6,0,103
13,3,291,15,9,4,1,3,4,1,0,0,36,25,0,2
17,3,134,11,8,2,13,0,2,1,0,0,32,25,0,103
30,3,387,9,12,2,3,0,4,1,0,0,36,1,1,103
12,3,957,9,12,2,9,0,4,1,0,0,32,25,1,1
24,3,105,9,12,0,9,3,4,0,0,0,32,25,0,2
10,3,237,11,8,4,6,4,2,0,0,0,27,25,0,100
3,0,443,15,9,4,0,3,4,0,0,0,14,25,0,100
4,3,918,11,8,4,1,3,4,0,0,0,27,25,0,2
29,3,537,15,9,4,3,4,4,0,0,0,36,25,0,2
16,2,249,9,12,0,10,4,4,0,0,0,49,9,0,100
43,2,162,15,9,2,7,0,1,1,0,0,49,20,0,103
3,0,28,15,9,4,0,1,0,0,0,0,22,25,0,100
14,3,335,9,12,2,2,0,4,1,0,0,32,25,1,1
36,3,836,11,8,0,6,4,2,1,0,0,24,25,0,103
31,3,377,15,9,0,9,1,4,1,0,0,32,25,1,1
30,6,354,11,8,0,1,4,4,1,0,0,30,25,0,103
37,1,87,11,8,4,1,4,2,1,0,0,32,25,0,100
46,5,34,9,12,2,9,0,1,1,0,15,24,2,1,101
13,3,551,9,12,4,6,1,4,0,0,0,32,25,0,2
13,3,356,11,8,2,11,0,4,1,0,0,33,25,0,3
29,3,380,9,12,2,13,0,4,1,0,0,32,25,1,1
1,0,890,1,6,4,0,3,4,1,0,0,12,25,0,100
12,6,154,12,13,2,1,0,4,1,0,0,28,25,0,103
13,5,942,11,8,2,9,0,4,1,0,15,11,25,1,101
13,2,63,9,12,2,9,0,4,1,0,0,32,25,0,103
15,3,704,15,9,2,6,0,4,1,0,0,41,25,0,3
11,2,163,15,9,2,10,0,4,1,0,0,32,25,1,103
5,3,572,11,8,4,4,3,4,1,0,0,32,25,0,2
9,3,826,15,9,4,11,1,4,1,0,0,36,25,0,3
14,3,688,11,8,4,6,1,4,0,0,0,32,25,0,2
25,3,788,1,6,2,2,0,4,1,0,0,27,25,1,103
36,3,488,15,9,2,11,0,4,1,0,0,36,25,1,1
4,3,37,11,8,4,10,1,2,1,0,0,8,25,0,100
18,3,7,1,6,4,7,4,0,1,0,0,32,25,0,100
25,3,496,11,8,2,13,0,4,1,0,0,32,25,0,3
11,5,507,11,8,4,3,3,4,1,0,0,32,25,0,100
32,5,378,4,2,2,7,0,4,1,0,0,32,25,1,103
4,3,707,11,8,4,4,3,4,1,0,0,51,25,0,100
22,3,140,9,12,2,11,0,4,1,0,0,32,25,0,3
30,3,238,11,8,0,2,1,4,1,0,0,32,25,1,1
12,3,189,11,8,0,11,1,4,0,0,0,26,25,0,2
13,2,712,9,12,4,9,3,4,0,0,0,11,25,0,100
26,0,67,11,8,0,0,1,0,1,0,0,36,25,0,103
21,6,812,11,8,0,7,1,4,1,0,0,32,25,0,103
13,3,122,11,8,2,11,2,1,0,0,0,32,0,0,100
26,3,26,15,9,3,2,4,4,1,0,27,32,25,1,101
24,5,253,15,9,4,11,3,4,1,0,0,32,25,0,103
45,0,546,15,9,2,0,0,4,1,0,0,11,25,0,103
5,3,300,15,9,4,1,4,2,0,0,0,23,25,0,100
17,3,964,15,9,4,9,1,4,1,0,0,41,25,1,1
32,1,195,8,10,2,2,0,1,1,0,0,32,25,1,103
15,2,629,11,8,4,1,1,2,0,0,0,29,25,0,100
12,3,282,11,8,2,2,0,4,1,0,0,32,25,0,3
14,3,930,9,12,4,1,1,4,1,0,0,41,25,0,3
53,5,41,9,12,2,9,0,4,1,37,0,27,25,1,102
19,3,268,1,6,2,3,0,4,1,0,3,32,25,0,103
13,3,11,11,8,2,1,5,4,0,0,0,32,25,0,2
12,3,279,1,6,5,7,3,2,0,0,0,32,25,0,100
6,3,901,15,9,4,7,1,4,0,0,0,18,25,0,100
36,6,239,11,8,2,10,0,4,1,0,0,32,25,0,103
38,3,547,5,3,2,2,0,4,1,0,0,49,25,0,103
26,3,737,11,8,5,1,1,2,0,0,0,24,25,0,100
25,3,476,8,10,2,3,0,4,1,36,0,44,25,1,102
2,0,542,15,9,4,0,3,4,0,0,0,19,25,0,100
56,0,529,9,12,2,0,0,4,1,0,0,32,25,0,103
19,3,376,9,12,2,11,0,4,1,0,12,32,25,1,101
39,3,625,15,9,2,3,0,4,1,0,0,32,25,1,1
10,3,570,11,8,4,2,3,2,1,0,0,32,25,0,100
8,3,456,15,9,4,1,3,4,0,0,0,32,25,0,2
20,3,520,8,10,4,2,1,4,1,0,0,36,25,0,3
17,3,453,15,9,0,1,4,4,0,0,0,23,25,0,100
48,0,791,5,3,2,0,0,4,1,9,0,21,25,0,103
27,2,336,11,8,2,7,5,2,0,0,0,30,15,1,100
30,0,497,0,5,2,0,5,4,0,0,0,14,4,0,100
27,3,120,9,12,2,3,0,4,1,0,0,41,25,0,3
43,4,156,11,8,2,1,5,4,0,0,0,6,25,1,100
27,3,888,9,12,2,6,0,4,1,0,15,32,25,1,101
22,3,548,9,12,0,11,4,4,1,0,0,49,25,0,103
16,3,482,12,13,2,9,5,4,0,27,0,7,25,1,102
1,3,255,1,6,4,11,3,4,0,0,0,40,25,0,100
33,1,42,15,9,2,1,0,4,1,0,0,32,25,1,103
54,0,206,15,9,2,0,0,4,1,19,0,14,25,0,103
50,0,742,8,10,6,0,1,4,0,0,0,0,25,0,100
40,3,409,2,7,2,2,0,4,1,0,0,32,25,0,103
40,3,432,8,10,0,3,4,4,0,0,0,41,25,0,2
25,0,82,15,9,1,0,5,4,0,0,0,10,25,0,100
34,3,899,15,9,0,9,4,4,0,0,0,32,25,0,2
17,2,96,11,8,4,1,3,4,0,0,0,32,25,0,100
51,5,960,11,8,2,4,0,4,1,0,0,14,25,0,103
3,3,886,11,8,2,7,5,4,0,0,0,32,19,0,100
11,3,585,15,9,6,2,3,4,1,0,0,49,25,0,100
13,5,479,15,9,3,2,3,4,1,0,0,49,25,1,103
33,3,319,0,5,0,1,4,4,0,0,0,32,25,0,100
17,6,618,12,13,2,9,0,4,1,0,0,41,25,1,103
22,4,268,15,9,2,9,0,4,1,0,0,19,25,0,103
31,3,517,15,9,2,2,0,4,1,0,0,32,25,1,1
18,4,427,9,12,2,11,0,4,1,0,0,41,25,0,103
1,3,418,11,8,4,11,3,4,0,0,0,16,25,0,100
44,3,137,11,8,6,1,1,4,0,0,0,32,25,0,2
5,0,746,1,6,5,0,4,2,0,0,0,32,25,0,100
40,6,21,12,13,2,9,0,4,1,0,0,41,25,1,103
5,3,169,11,8,4,5,3,4,0,0,0,32,25,0,2
17,5,720,1,6,2,11,5,4,0,0,0,23,25,0,100
14,3,240,15,9,4,3,1,4,0,0,0,32,25,1,2
30,6,724,11,8,2,10,0,4,1,0,0,32,25,0,103
13,3,86,11,8,4,1,4,4,1,0,17,33,25,0,101
27,1,741,15,9,0,3,4,4,1,0,0,49,25,1,103
5,3,717,11,8,2,6,0,4,1,0,0,32,25,0,3
23,3,338,11,8,2,3,0,4,1,0,1,32,25,1,103
49,3,364,5,3,6,7,1,2,0,0,0,7,25,0,100
26,3,548,11,8,2,8,0,4,1,0,0,32,25,1,1
26,3,198,11,12,2,8,0,4,1,0,0,34,25,1,1
30,3,616,9,11,2,8,0,4,1,0,0,32,25,1,1
20,3,398,11,8,1,6,0,4,1,0,0,34,25,1,1
33,3,606,15,9,2,6,0,4,1,0,0,32,25,1,1
30,3,377,13,9,0,10,0,4,1,0,0,32,25,1,1
29,3,926,11,8,2,4,0,4,1,0,0,41,25,1,1
36,3,401,10,9,2,6,0,4,1,0,0,32,25,1,1
35,3,940,11,8,2,5,0,4,1,0,0,41,25,1,1
26,3,547,11,8,2,8,0,4,1,0,0,32,25,1,1
23,3,784,11,10,2,9,0,4,1,0,0,34,25,1,1
40,3,435,12,10,2,7,0,4,1,0,0,32,25,1,1
37,3,155,11,9,2,7,0,4,1,0,0,33,25,1,1
35,3,612,15,9,2,5,0,4,1,0,0,32,25,1,1
24,3,425,12,10,2,7,0,4,1,0,0,33,25,1,1
20,3,210,11,10,2,11,0,4,1,0,0,33,25,1,1
20,3,808,12,10,2,4,0,4,1,0,0,36,25,1,1
41,3,404,12,8,1,6,0,4,1,0,0,32,25,1,1
30,3,751,13,9,2,9,0,4,1,0,0,32,25,1,1
39,3,442,12,11,2,7,0,4,1,0,0,32,25,1,1
29,3,579,13,8,2,9,0,4,1,0,0,32,25,1,1
19,3,411,11,8,2,6,0,4,1,0,0,34,25,1,1
27,3,767,13,13,4,9,0,4,1,0,0,40,25,1,1
19,3,847,9,11,2,10,0,4,1,0,0,40,25,1,1
18,3,798,10,12,1,8,0,4,0,0,0,37,25,1,1
24,3,389,13,8,0,7,0,4,1,0,0,33,25,1,1
35,3,155,11,8,2,8,0,4,1,0,0,32,25,1,1
17,3,373,9,11,2,8,0,4,1,0,0,32,25,1,1
27,3,803,10,9,2,11,0,4,1,0,0,33,25,1,1
32,3,623,10,11,2,7,0,4,1,0,0,32,25,1,1
32,3,242,11,8,0,2,0,4,1,0,0,32,25,1,1
27,3,382,9,11,2,12,0,4,1,0,0,32,25,1,1
35,3,458,13,13,2,8,0,4,1,0,0,32,25,1,1
33,3,920,9,10,2,3,0,4,1,0,0,36,25,1,1
23,3,392,12,8,1,7,0,4,1,0,0,33,25,1,1
25,3,783,13,13,2,8,1,4,0,0,0,41,25,1,1
17,3,326,11,8,2,2,0,4,1,0,0,38,25,1,1
35,3,614,15,9,2,5,0,4,1,0,0,32,25,1,1
22,3,934,9,12,2,5,0,4,1,0,0,33,25,1,1
34,3,769,14,9,2,9,0,4,1,0,0,32,25,1,1
24,3,820,14,8,2,2,0,4,1,0,0,35,25,1,1
32,3,808,11,8,2,12,0,4,1,0,0,32,25,1,1
17,3,233,9,10,2,9,0,4,1,0,0,36,25,1,1
17,3,855,9,11,2,9,0,4,1,0,0,41,25,1,1
23,3,170,11,9,2,2,0,4,1,0,0,33,25,1,1
43,3,409,11,8,1,6,0,4,1,0,0,32,25,1,1
33,3,397,10,9,2,7,0,4,1,0,0,32,25,1,1
14,3,334,9,11,2,2,0,4,1,0,0,32,25,1,1
13,3,720,9,11,2,10,0,4,1,0,0,32,25,1,1
19,3,173,11,8,2,2,0,4,1,0,0,32,25,1,1
36,3,165,10,11,1,3,0,4,1,0,0,35,25,1,1
33,3,500,15,9,2,7,0,4,1,0,0,34,25,1,1
27,3,180,8,10,0,3,0,4,1,0,0,32,25,1,1
22,3,146,12,9,1,8,0,4,1,0,0,32,25,1,1
35,3,488,14,8,2,10,0,4,1,0,0,35,25,1,1
22,3,235,9,12,2,6,0,4,1,0,0,39,25,1,1
11,3,901,10,8,2,4,0,4,1,0,0,38,25,1,1
28,3,765,13,13,4,9,0,4,1,0,0,40,25,1,1
30,3,188,12,13,2,7,0,4,1,0,0,35,25,1,1
14,3,744,9,12,2,10,0,4,1,0,0,33,25,1,1
14,3,755,9,12,2,10,0,4,1,0,0,33,25,1,1
20,3,106,13,8,2,9,0,4,1,0,0,32,25,1,1
25,3,810,11,12,0,7,0,4,0,0,0,39,25,1,1
21,3,522,11,8,2,3,0,4,1,0,0,32,25,1,1
30,3,784,13,10,1,8,0,4,0,0,0,36,25,1,1
35,3,633,14,8,2,2,0,4,1,0,0,32,25,1,1
34,3,455,13,13,2,8,0,4,1,0,0,32,25,1,1
22,3,551,11,8,2,4,0,4,1,0,0,32,25,1,1
36,3,814,10,9,2,11,0,4,1,0,0,32,25,1,1
20,3,222,11,8,2,11,0,4,1,0,0,32,25,1,1
15,3,353,9,12,2,5,0,4,1,0,0,32,25,1,1
40,3,159,11,12,1,3,0,4,1,0,0,36,25,1,1
25,3,377,9,12,2,11,0,4,1,0,0,32,25,1,1
20,3,126,14,8,2,11,0,4,1,0,0,32,25,1,1
28,3,586,13,8,2,8,0,4,1,0,0,32,25,1,1
28,3,821,10,9,2,12,0,4,1,0,0,34,25,1,1
31,3,809,11,8,2,11,0,4,1,0,0,32,25,1,1
31,3,764,14,12,4,9,0,4,1,0,0,38,25,1,1
12,3,956,9,11,2,8,0,4,1,0,0,32,25,1,1
28,3,574,10,9,2,10,0,4,1,0,0,32,25,1,1
12,3,877,10,8,2,4,0,4,1,0,0,41,25,1,1
27,3,548,11,8,2,10,0,4,1,0,0,32,25,1,1
27,3,773,13,13,3,8,1,4,0,0,0,41,25,1,1
34,3,480,11,9,2,10,0,4,1,0,0,34,25,1,1
14,3,752,9,12,2,10,0,4,1,0,0,33,25,1,1
20,3,245,9,11,2,6,0,4,1,0,0,40,25,1,1
37,3,290,13,8,2,2,0,4,1,0,0,34,25,1,1
23,3,808,11,12,0,7,0,4,0,0,0,40,25,1,1
14,3,218,11,8,2,12,0,4,1,0,0,32,25,1,1
23,3,374,11,10,1,9,0,4,1,0,0,32,25,1,1
19,3,530,11,8,2,3,0,4,1,0,0,32,25,1,1
13,3,720,9,12,2,10,0,4,1,0,0,32,25,1,1
24,3,513,12,8,2,5,0,4,1,0,0,33,25,1,1
28,3,561,12,8,2,10,0,4,1,0,0,32,25,1,1
31,3,385,9,11,2,11,0,4,1,0,0,32,25,1,1
20,3,374,9,12,2,10,0,4,1,0,0,32,25,1,1
22,3,185,11,10,2,5,0,4,1,0,0,33,25,1,1
29,3,750,13,9,2,9,0,4,1,0,0,32,25,1,1
25,3,522,13,8,2,2,0,4,1,0,0,32,25,1,1
29,3,521,12,8,2,11,0,4,1,0,0,33,25,1,1
34,3,927,10,9,2,4,0,4,1,0,0,38,25,1,1
14,3,960,11,10,2,9,0,4,1,0,0,36,25,1,1
17,3,375,9,11,2,8,0,4,1,0,0,32,25,1,1
18,3,221,11,8,2,12,0,4,1,0,0,32,25,1,1
29,3,804,10,8,2,12,0,4,1,0,0,32,25,1,1
16,3,367,9,12,2,8,0,4,1,0,0,32,25,1,1
30,3,521,14,8,2,2,0,4,1,0,0,32,25,1,1
19,3,226,11,8,1,9,0,4,1,0,0,32,25,1,1
19,3,225,11,8,1,9,0,4,1,0,0,32,25,1,1
27,3,593,10,9,2,7,0,4,1,0,0,32,25,1,1
35,3,459,13,13,2,9,0,4,1,0,0,32,25,1,1
25,3,169,11,9,2,2,0,4,1,0,0,33,25,1,1
16,3,193,11,8,2,6,0,4,1,0,0,32,25,1,1
19,3,537,11,8,2,2,0,4,1,0,0,32,25,1,1
28,3,821,10,9,2,12,0,4,1,0,0,34,25,1,1
23,3,150,11,9,1,7,0,4,1,0,0,32,25,1,1
24,3,390,13,8,0,7,0,4,1,0,0,33,25,1,1
14,3,334,9,11,2,2,0,4,1,0,0,33,25,1,1
26,3,385,9,11,2,11,0,4,1,0,0,32,25,1,1
19,3,522,10,8,2,2,0,4,1,0,0,32,25,1,1
20,3,48,10,9,2,5,0,4,1,0,0,34,25,1,1
47,3,269,14,9,2,3,0,4,1,0,0,32,25,1,1
24,3,937,11,10,2,5,0,4,1,0,0,37,25,1,1
22,3,785,10,11,2,9,0,4,1,0,0,34,25,1,1
19,3,134,14,8,2,10,0,4,1,0,0,32,25,1,1
35,3,162,11,11,2,2,0,4,1,0,0,35,25,1,1
40,3,434,9,8,2,7,0,4,1,0,0,32,25,1,1
20,3,527,11,8,2,2,0,4,1,0,0,32,25,1,1
16,3,341,10,8,2,4,0,4,1,0,0,37,25,1,1
20,3,222,11,8,2,11,0,4,1,0,0,32,25,1,1
23,3,243,9,10,1,4,0,4,1,0,0,38,25,1,1
37,3,237,10,9,2,6,0,4,1,0,0,34,25,1,1
34,3,796,12,8,2,11,0,4,1,0,0,32,25,1,1
36,3,482,14,9,2,10,0,4,1,0,0,35,25,1,1
30,3,751,13,9,2,9,0,4,1,0,0,32,25,1,1
19,3,40,10,9,2,5,0,4,1,0,0,36,25,1,1
37,3,134,11,12,2,3,0,4,1,0,0,37,25,1,1
22,3,236,9,12,2,6,0,4,1,0,0,39,25,1,1
46,3,239,11,8,2,5,0,4,1,0,0,32,25,1,1
14,3,339,9,12,2,2,0,4,1,0,0,32,25,1,1
31,3,752,13,9,2,9,0,4,1,0,0,32,25,1,1
25,3,564,11,8,2,5,0,4,1,0,0,32,25,1,1
26,3,366,13,9,0,7,0,4,1,0,0,32,25,1,1
18,3,530,11,8,2,2,0,4,1,0,0,32,25,1,1
20,3,373,10,11,1,9,0,4,1,0,0,32,25,1,1
25,3,368,9,10,2,10,0,4,1,0,0,33,25,1,1
28,3,252,10,11,2,5,0,4,1,0,0,38,25,1,1
20,3,129,14,9,1,11,0,4,1,0,0,32,25,1,1
32,3,510,15,9,2,3,0,4,1,0,0,32,25,1,1
16,3,361,9,12,2,6,0,4,1,0,0,32,25,1,1
30,3,377,13,9,0,10,0,4,1,0,0,32,25,1,1
28,3,766,13,13,4,8,1,4,0,0,0,41,25,1,1
28,3,567,13,8,2,9,0,4,1,0,0,32,25,1,1
32,3,807,10,8,2,12,0,4,1,0,0,32,25,1,1
27,3,205,11,12,1,7,0,4,1,0,0,34,25,1,1
16,3,794,9,12,1,8,0,4,0,0,0,36,25,1,1
27,3,184,9,10,0,4,0,4,1,0,0,32,25,1,1
16,3,874,10,8,2,4,0,4,1,0,0,39,25,1,1
33,3,239,9,10,2,6,0,4,1,0,0,36,25,1,1
19,3,805,11,10,2,5,0,4,1,0,0,36,25,1,1
42,3,406,11,8,1,6,0,4,1,0,0,32,25,1,1
24,3,782,11,10,2,9,0,4,1,0,0,34,25,1,1
15,3,891,10,8,2,3,0,4,1,0,0,39,25,1,1
36,3,472,14,11,2,9,0,4,1,0,0,33,25,1,1
48,3,266,14,8,2,3,0,4,1,0,0,32,25,1,1
27,3,895,10,9,2,7,0,4,1,0,0,41,25,1,1
16,3,859,9,10,2,8,0,4,1,0,0,41,25,1,1
28,3,109,11,8,2,7,0,4,1,0,0,32,25,1,1
29,3,807,11,9,1,11,0,4,0,0,0,34,25,1,1
33,3,764,14,11,3,9,0,4,1,0,0,36,25,1,1
22,3,171,11,8,2,2,0,4,1,0,0,32,25,1,1
15,3,948,9,12,2,7,0,4,1,0,0,32,25,1,1
15,3,776,9,12,2,9,0,4,1,0,0,35,25,1,1
22,3,805,12,12,0,7,0,4,0,0,0,40,25,1,1
34,3,754,14,8,2,8,0,4,1,0,0,32,25,1,1
29,3,581,14,8,2,9,0,4,1,0,0,32,25,1,1
14,3,220,11,8,2,12,0,4,1,0,0,32,25,1,1
37,3,624,13,9,2,4,0,4,1,0,0,32,25,1,1
12,3,956,9,12,2,9,0,4,1,0,0,32,25,1,1
18,3,347,9,12,2,4,0,4,1,0,0,32,25,1,1
22,3,393,12,8,1,7,0,4,1,0,0,33,25,1,1
38,3,156,11,10,2,5,0,4,1,0,0,35,25,1,1
26,3,582,10,9,2,6,0,4,1,0,0,32,25,1,1
13,3,707,9,10,2,7,0,4,1,0,0,32,25,1,1
23,3,76,11,8,2,6,0,4,1,0,0,32,25,1,1
40,3,156,11,12,2,3,0,4,1,0,0,36,25,1,1
26,3,494,9,9,2,6,0,4,1,0,0,32,25,1,1
30,3,814,10,12,0,7,0,4,0,0,0,37,25,1,1
15,3,863,12,8,2,2,0,4,1,0,0,39,25,1,1
40,3,235,10,8,2,6,0,4,1,0,0,33,25,1,1
39,3,235,11,8,1,4,0,4,1,0,0,32,25,1,1
29,3,161,11,8,2,6,0,4,1,0,0,32,25,1,1
24,3,720,12,8,2,4,0,4,1,0,0,32,25,1,1
14,3,333,10,9,2,2,0,4,1,0,0,36,25,1,1
22,3,169,11,8,2,3,0,4,1,0,0,32,25,1,1
15,3,216,10,8,1,12,0,4,1,0,0,32,25,1,1
25,3,363,13,9,0,6,0,4,1,0,0,32,25,1,1
16,3,963,14,9,3,9,0,4,1,0,0,40,25,1,1
30,3,594,15,9,2,8,0,4,1,0,0,32,25,1,1
47,3,250,12,8,2,4,0,4,1,0,0,32,25,1,1
20,3,866,10,9,2,4,0,4,1,0,0,38,25,1,1
22,3,317,11,8,3,1,3,4,0,0,0,31,25,0,2
45,3,140,14,8,5,9,3,4,0,0,0,32,25,0,2
6,3,592,7,8,1,6,2,4,0,0,0,27,25,0,2
10,3,503,9,11,4,2,1,4,0,0,0,35,25,0,2
8,3,334,13,8,4,5,2,4,0,0,0,41,25,0,2
7,3,215,10,8,0,6,3,4,0,0,0,27,25,0,2
5,3,572,11,8,4,4,2,4,0,0,0,32,25,0,2
11,3,106,14,9,0,1,1,4,0,0,0,32,25,0,2
13,3,877,12,8,2,11,1,4,0,0,0,32,25,0,2
29,3,158,9,11,4,11,1,4,0,0,0,27,25,0,2
31,3,827,11,8,5,11,3,4,0,0,0,32,25,0,2
9,3,51,15,9,1,4,3,4,0,0,0,32,25,0,2
9,3,343,11,8,4,6,1,4,0,0,0,41,25,0,2
5,3,595,10,9,2,3,2,4,0,0,0,33,25,0,2
26,3,51,12,8,0,3,2,4,0,0,0,32,25,0,2
8,3,588,11,8,4,5,1,4,0,0,0,33,25,0,2
25,3,103,9,12,0,9,3,4,0,0,0,32,25,0,2
14,3,668,9,9,4,4,2,4,0,0,0,32,25,0,2
19,3,497,11,8,4,1,1,4,0,0,0,32,25,0,2
13,3,489,11,8,4,1,1,4,0,0,0,32,25,0,2
8,3,591,9,10,1,1,1,4,0,0,0,29,25,0,2
9,3,334,11,8,3,4,3,4,0,0,0,27,25,0,2
7,3,590,11,8,4,4,2,4,0,0,0,34,25,0,2
5,3,951,11,8,4,6,3,4,1,0,0,38,25,0,2
13,3,225,10,9,4,7,2,4,1,0,0,32,25,0,2
36,3,624,9,11,3,2,1,4,0,0,0,32,25,0,2
23,3,53,10,9,1,4,2,4,0,0,0,35,25,0,2
33,3,84,11,8,2,6,4,4,0,0,0,32,25,0,2
32,3,397,11,8,4,6,3,4,1,0,0,32,25,0,2
17,3,909,12,8,2,4,3,4,0,0,0,29,25,0,2
3,3,598,10,7,4,4,3,4,1,0,0,35,25,0,2
14,3,238,14,8,4,3,1,4,0,0,0,32,25,0,2
22,3,21,9,9,0,8,3,4,0,0,0,32,25,0,2
8,3,588,11,8,4,5,1,4,0,0,0,33,25,0,2
4,3,941,15,9,4,12,3,4,1,0,0,32,25,0,2
11,3,13,11,8,2,1,4,4,0,0,0,34,25,0,2
24,3,904,13,8,1,6,3,4,0,0,0,30,25,0,2
3,3,896,15,9,4,9,1,4,0,0,0,32,25,0,2
22,3,19,12,8,2,6,4,4,0,0,0,35,25,0,2
16,3,670,13,8,6,1,2,4,0,0,0,32,25,0,2
20,3,26,11,9,0,7,2,4,0,0,0,32,25,0,2
5,3,545,13,9,4,6,2,4,0,0,0,29,25,0,2
25,3,325,12,8,1,1,4,4,0,0,0,34,25,0,2
26,3,330,13,8,1,1,4,4,0,0,0,36,25,0,2
29,3,110,9,10,1,5,2,4,0,0,0,36,25,0,2
12,3,677,10,9,4,3,1,4,0,0,0,32,25,0,2
4,3,564,12,8,4,4,3,4,0,0,0,31,25,0,2
25,3,890,13,8,1,9,3,4,0,0,0,32,25,0,2
29,3,399,11,8,4,6,3,4,1,0,0,32,25,0,2
8,3,454,13,9,4,1,2,4,0,0,0,32,25,0,2
25,3,675,11,8,6,1,1,4,0,0,0,32,25,0,2
19,3,507,9,12,4,10,1,4,0,0,0,33,25,0,2
21,3,507,9,11,4,10,1,4,0,0,0,32,25,0,2
15,3,504,9,10,2,5,1,4,0,0,0,34,25,0,2
25,3,50,12,8,0,3,2,4,0,0,0,32,25,0,2
14,3,247,9,11,4,3,1,4,0,0,0,32,25,0,2
11,3,124,15,9,4,11,1,4,0,0,0,32,25,0,2
5,3,183,11,8,2,5,3,4,0,0,0,30,25,0,2
3,3,704,11,8,4,6,2,4,0,0,0,32,25,0,2
9,3,866,11,8,3,12,1,4,0,0,0,39,25,0,2
43,3,647,10,8,5,1,1,4,0,0,0,32,25,0,2
2,3,329,11,8,4,5,3,4,0,0,0,26,25,0,2
11,3,672,13,8,5,2,3,4,0,0,0,32,25,0,2
12,3,678,12,8,4,3,2,4,0,0,0,32,25,0,2
20,3,683,11,8,4,4,1,4,0,0,0,32,25,0,2
14,3,426,11,8,2,6,2,4,0,0,0,32,25,0,2
15,3,900,11,8,2,7,4,4,0,0,0,27,25,0,2
13,3,462,11,8,4,3,2,4,0,0,0,33,25,0,2
30,3,56,11,8,0,2,3,4,0,0,0,32,25,0,2
12,3,349,10,7,3,7,1,4,0,0,0,40,25,0,2
2,3,931,15,9,4,11,3,4,1,0,0,32,25,0,2
13,3,879,11,8,3,11,2,4,0,0,0,30,25,0,2
26,3,505,10,8,0,11,2,4,0,0,0,32,25,0,2
29,3,111,9,12,2,9,4,4,0,0,0,30,25,0,2
27,3,406,10,8,3,5,3,4,0,0,0,33,25,0,2
21,3,505,9,10,4,6,1,4,0,0,0,32,25,0,2
8,3,650,10,8,2,10,1,4,0,0,0,38,25,0,2
34,3,622,9,11,2,3,1,4,0,0,0,33,25,0,2
28,3,346,11,8,2,1,4,4,0,0,0,32,25,1,2
9,3,181,11,8,1,8,1,4,0,0,0,28,25,0,2
34,3,120,10,9,3,4,3,4,0,0,0,31,25,0,2
7,3,320,14,8,3,4,3,4,0,0,0,40,25,0,2
15,3,109,12,10,1,3,2,4,0,0,0,31,25,0,2
3,3,597,6,4,4,12,3,4,1,0,0,27,25,0,2
29,3,409,10,8,3,5,3,4,0,0,0,34,25,0,2
21,3,14,8,9,0,7,4,4,0,0,0,32,25,0,2
8,3,105,14,8,0,1,1,4,0,0,0,31,25,0,2
9,3,871,10,9,4,11,1,4,0,0,0,34,25,0,2
6,3,299,10,9,4,2,3,4,0,0,0,35,25,0,2
29,3,110,9,10,1,5,2,4,0,0,0,36,25,0,2
15,3,20,13,8,3,5,3,4,0,0,0,37,25,0,2
15,3,424,11,8,2,6,2,4,0,0,0,32,25,0,2
25,3,103,9,12,0,9,3,4,0,0,0,32,25,0,2
11,3,253,12,10,4,1,2,4,0,0,0,36,25,0,2
7,3,211,11,8,0,7,3,4,0,0,0,26,25,0,2
22,3,103,9,11,0,9,3,4,0,0,0,31,25,0,2
5,3,485,10,9,4,2,2,4,0,0,0,33,25,0,2
8,3,363,13,8,4,9,2,4,0,0,0,35,25,0,2
6,3,707,11,8,3,4,2,4,0,0,0,32,25,0,2
39,3,126,11,8,4,1,1,4,0,0,0,36,25,0,2
46,3,143,14,8,5,11,3,4,0,0,0,32,25,0,2
22,3,673,12,8,6,1,1,4,0,0,0,32,25,0,2
12,3,290,14,8,4,1,2,4,0,0,0,35,25,0,2
14,3,242,13,9,4,3,1,4,0,0,0,32,25,0,2
19,3,105,10,11,0,6,2,4,0,0,0,32,25,0,2
5,3,868,11,8,4,12,1,4,0,0,0,33,25,0,2
20,3,22,8,10,0,9,3,4,0,0,0,34,25,0,2
32,3,59,11,8,0,2,4,4,0,0,0,32,25,0,2
11,3,323,11,8,3,3,3,4,0,0,0,28,25,0,2
31,3,349,9,7,1,3,4,4,0,0,0,32,25,0,2
36,3,425,8,9,0,3,3,4,0,0,0,38,25,0,2
13,3,823,14,8,4,4,1,4,0,0,0,33,25,0,2
14,3,19,11,9,2,6,3,4,0,0,0,37,25,0,2
17,3,105,11,10,0,5,2,4,0,0,0,32,25,0,2
9,3,668,14,8,5,1,3,4,0,0,0,32,25,0,2
4,3,910,12,8,4,3,2,4,0,0,0,28,25,0,2
45,3,146,14,9,5,11,4,4,0,0,0,32,25,0,2
28,3,340,14,8,0,1,4,4,0,0,0,38,25,0,2
20,3,119,11,10,3,10,2,4,0,0,0,30,25,0,2
14,3,245,14,8,4,11,3,4,0,0,0,32,25,0,2
11,3,124,15,9,4,11,1,4,0,0,0,32,25,0,2
15,3,910,12,8,2,4,3,4,0,0,0,28,25,0,2
10,3,16,12,8,2,2,4,4,0,0,0,36,25,0,2
5,3,595,11,8,4,4,2,4,0,0,0,35,25,0,2
8,3,891,13,9,4,9,1,4,0,0,0,34,25,0,2
22,3,613,9,10,2,2,2,4,0,0,0,32,25,0,2
41,3,130,11,8,5,1,1,4,0,0,0,34,25,0,2
15,3,669,9,9,4,4,2,4,0,0,0,32,25,0,2
9,3,340,12,8,4,6,1,4,0,0,0,41,25,0,2
4,3,584,11,8,4,4,3,4,1,0,0,33,25,0,2
35,3,153,9,10,5,2,2,4,0,0,0,32,25,0,2
13,3,227,10,8,4,10,2,4,0,0,0,32,25,0,2
19,3,891,11,8,2,10,4,4,0,0,0,28,25,0,2
10,3,21,13,9,3,5,3,4,0,0,0,38,25,0,2
28,3,112,9,12,2,9,4,4,0,0,0,30,25,0,2
14,3,247,15,9,4,10,2,4,0,0,0,32,25,0,2
34,3,103,11,11,2,6,3,4,0,0,0,35,25,0,2
27,3,537,13,8,2,2,4,4,0,0,0,34,25,0,2
15,3,506,9,12,4,7,1,4,0,0,0,34,25,0,2
6,3,289,8,9,3,1,4,4,0,0,0,32,25,0,2
33,3,224,7,5,2,10,5,4,0,0,0,36,25,0,2
11,3,277,15,9,4,1,3,4,0,0,0,38,25,0,2
12,3,690,11,8,4,6,1,4,0,0,0,32,25,0,2
34,3,109,11,9,2,3,2,4,0,0,0,38,25,0,2
33,3,418,9,9,1,4,3,4,0,0,0,36,25,0,2
14,3,302,9,9,3,1,4,4,0,0,0,32,25,0,2
33,3,65,11,8,0,3,4,4,0,0,0,32,25,0,2
7,3,456,9,11,4,1,1,4,0,0,0,32,25,0,2
6,3,288,8,9,4,1,3,4,0,0,0,31,25,0,2
8,3,653,12,8,3,8,2,4,0,0,0,36,25,0,2
23,3,16,8,9,0,8,3,4,0,0,0,32,25,0,2
25,3,812,12,8,4,8,4,4,0,0,0,33,25,0,2
3,3,552,13,8,4,6,3,4,0,0,0,29,25,0,2
12,3,855,12,8,2,4,0,4,1,0,0,34,25,0,3
9,3,717,9,11,3,11,0,4,1,0,0,33,25,0,3
26,3,118,9,11,2,3,0,4,1,0,0,40,25,0,3
35,3,208,10,8,1,3,0,4,1,0,0,35,25,0,3
11,3,677,13,8,3,6,0,4,1,0,0,32,25,0,3
14,3,394,11,8,0,9,1,4,1,0,0,39,25,0,3
9,3,405,11,8,0,4,0,4,1,0,0,32,25,0,3
10,3,219,11,8,4,5,0,4,1,0,0,33,25,0,3
23,3,466,6,4,2,2,0,4,1,0,0,32,25,0,3
11,3,858,11,8,3,2,1,4,1,0,0,32,25,0,3
26,3,525,10,8,1,9,1,4,1,0,0,33,25,0,3
26,3,749,10,8,2,12,0,4,1,0,0,40,25,0,3
17,3,930,9,11,3,1,1,4,0,0,0,39,25,0,3
7,3,698,13,8,2,4,0,4,1,0,0,32,25,0,3
5,3,718,10,8,2,6,0,4,1,0,0,31,25,0,3
3,3,713,11,8,2,7,0,4,1,0,0,32,25,0,3
6,3,704,12,8,3,9,0,4,1,0,0,35,25,0,3
21,3,652,9,10,1,8,0,4,1,0,0,36,25,0,3
20,3,469,6,5,2,3,0,4,1,0,0,32,25,0,3
32,3,218,12,8,2,4,0,4,1,0,0,34,25,0,3
14,3,544,10,8,2,11,0,4,1,0,0,40,25,0,3
6,3,699,13,8,2,5,0,4,1,0,0,32,25,0,3
22,3,810,12,8,0,7,0,4,1,0,0,37,25,0,3
5,3,704,12,8,3,9,0,4,1,0,0,34,25,0,3
13,3,554,9,8,2,5,0,4,1,0,0,32,25,0,3
48,3,900,13,9,1,1,0,4,0,0,0,32,25,0,3
21,3,538,8,11,2,9,0,4,1,0,0,32,25,0,3
13,3,925,14,8,2,3,0,4,1,0,0,32,25,0,3
3,3,712,10,9,4,10,1,4,1,0,0,31,25,0,3
11,3,198,11,8,2,5,0,4,1,0,0,32,25,0,3
22,3,852,11,8,2,4,1,4,1,0,0,32,25,0,3
20,3,104,12,8,2,4,0,4,1,0,0,32,25,0,3
24,3,496,10,8,2,12,0,4,1,0,0,32,25,0,3
23,3,746,10,8,2,12,0,4,1,0,0,39,25,0,3
13,3,396,11,8,0,10,0,4,1,0,0,38,25,0,3
12,3,561,11,8,2,6,0,4,1,0,0,35,25,0,3
5,3,704,12,8,3,9,0,4,1,0,0,34,25,0,3
20,3,142,9,12,2,8,0,4,1,0,0,33,25,0,3
16,3,557,11,8,1,5,0,4,1,0,0,32,25,0,3
33,3,934,11,8,0,2,1,4,0,0,0,32,25,0,3
2,3,709,11,8,3,8,0,4,1,0,0,32,25,0,3
21,3,198,13,8,2,7,0,4,1,0,0,32,25,0,3
15,3,736,9,10,3,10,0,4,1,0,0,35,25,0,3
18,3,535,8,10,2,10,0,4,1,0,0,32,25,0,3
19,3,142,11,8,2,5,0,4,1,0,0,32,25,0,3
16,3,142,11,8,2,5,0,4,1,0,0,32,25,0,3
16,3,673,12,8,1,5,1,4,1,0,0,32,25,0,3
29,3,90,13,8,2,2,0,4,1,0,0,32,25,0,3
14,3,544,10,8,2,12,0,4,1,0,0,38,25,0,3
21,3,134,9,10,2,8,0,4,1,0,0,32,25,0,3
9,3,203,11,8,2,5,0,4,1,0,0,32,25,0,3
18,3,11,11,8,1,11,0,4,0,0,0,32,25,0,3
20,3,140,9,11,2,10,0,4,1,0,0,32,25,0,3
14,3,394,11,8,0,10,0,4,1,0,0,40,25,0,3
14,3,394,11,8,0,10,1,4,1,0,0,40,25,0,3
30,3,86,11,8,2,3,0,4,1,0,0,32,25,0,3
16,3,767,9,10,3,10,0,4,1,0,0,38,25,0,3
6,3,37,11,8,2,5,0,4,1,0,0,32,25,0,3
14,3,197,8,9,0,2,3,4,0,0,0,32,25,0,3
15,3,923,8,9,2,1,1,4,1,0,0,39,25,0,3
48,3,900,13,9,1,1,0,4,0,0,0,32,25,0,3
30,3,486,11,8,3,4,1,4,1,0,0,32,25,0,3
24,3,538,8,11,2,8,0,4,1,0,0,32,25,0,3
17,3,937,9,11,3,10,1,4,0,0,0,32,25,0,3
10,3,144,11,8,2,4,0,4,1,0,0,32,25,0,3
8,3,146,11,8,3,3,0,4,1,0,0,32,25,0,3
21,3,104,13,8,2,3,0,4,1,0,0,32,25,0,3
5,3,148,11,8,3,2,0,4,1,0,0,32,25,0,3
30,3,179,9,10,2,6,0,4,1,0,0,36,25,0,3
21,3,539,11,8,1,13,0,4,1,0,0,36,25,0,3
10,3,776,9,11,3,9,0,4,1,0,0,36,25,0,3
14,3,18,11,8,2,12,0,4,1,0,0,32,25,0,3
11,3,570,11,8,2,2,0,4,1,0,0,32,25,0,3
18,3,187,8,10,0,5,2,4,1,0,0,36,25,0,3
21,3,649,9,11,1,10,0,4,1,0,0,39,25,0,3
6,3,149,10,8,3,2,0,4,1,0,0,33,25,0,3
13,3,492,14,8,3,4,0,4,1,0,0,35,25,0,3
12,3,397,11,8,0,7,1,4,1,0,0,37,25,0,3
20,3,474,11,8,2,2,0,4,1,0,0,27,25,0,3
8,3,782,9,11,3,8,0,4,1,0,0,36,25,0,3
21,3,647,9,11,2,11,0,4,1,0,0,40,25,0,3
20,3,355,11,8,3,8,0,4,1,0,0,32,25,0,3
11,3,394,11,8,2,6,0,4,1,0,0,34,25,0,3
32,3,933,11,8,0,2,0,4,0,0,0,32,25,0,3
19,3,250,11,8,2,4,0,4,1,0,0,32,25,0,3
20,3,106,10,8,2,5,0,4,1,0,0,32,25,0,3
9,3,204,10,8,1,5,0,4,1,0,0,32,25,0,3
11,3,697,15,9,2,2,0,4,1,0,0,34,25,0,3
21,3,315,11,8,3,8,0,4,1,0,0,40,25,0,3
14,3,290,11,8,2,3,0,4,1,0,0,34,25,0,3
24,3,271,11,8,2,3,1,4,0,0,0,32,25,0,3
16,3,673,12,8,1,5,1,4,1,0,0,32,25,0,3
16,3,940,13,8,2,2,1,4,0,0,0,32,25,0,3
7,3,147,11,8,3,2,0,4,1,0,0,32,25,0,3
21,3,656,10,8,0,6,0,4,1,0,0,33,25,0,3
34,3,783,9,8,2,1,0,4,1,0,0,34,25,0,3
10,3,339,11,8,2,4,0,4,1,0,0,32,25,0,3
32,3,378,11,8,2,2,0,4,1,0,0,40,25,0,3
21,3,62,13,8,2,7,0,4,1,0,0,32,25,0,3
11,3,682,13,8,2,3,0,4,1,0,0,32,25,0,3
19,3,96,14,8,2,4,0,4,1,0,0,32,25,0,3
18,3,272,11,8,2,4,0,4,1,0,0,32,25,0,3
19,3,738,10,8,2,12,0,4,1,0,0,40,25,0,3
19,3,140,9,10,2,9,0,4,1,0,0,32,25,0,3
16,3,937,9,11,3,10,0,4,1,0,0,32,25,0,3
19,3,517,8,9,2,1,1,4,0,0,0,34,25,0,3
13,3,237,11,8,3,3,0,4,1,0,0,38,25,0,3
34,3,481,9,11,0,1,1,4,0,0,0,32,25,0,3
34,3,903,9,11,0,5,0,4,0,0,0,35,25,0,3
8,3,207,11,8,2,5,0,4,1,0,0,32,25,0,3
18,3,146,9,10,2,3,0,4,1,0,0,34,25,0,3
12,3,231,11,8,4,3,1,4,1,0,0,39,25,0,3
22,3,495,11,8,2,10,0,4,1,0,0,32,25,0,3
25,3,532,11,8,0,13,0,4,1,0,0,33,25,0,3
4,3,709,10,9,4,11,1,4,1,0,0,32,25,0,3
21,3,670,10,9,0,6,0,4,1,0,0,33,25,0,3
34,3,932,11,8,0,2,0,4,0,0,0,32,25,0,3
8,3,30,11,8,2,7,0,4,1,0,0,32,25,0,3
18,3,738,11,8,2,12,0,4,1,0,0,40,25,0,3
13,3,197,8,9,0,2,3,4,1,0,0,32,25,0,3
20,3,947,11,8,1,5,0,4,0,0,0,32,25,0,3
34,3,930,10,8,0,3,1,4,0,0,0,32,25,0,3
14,3,197,8,9,0,2,3,4,0,0,0,32,25,0,3
17,3,146,9,12,2,5,0,4,1,0,0,35,25,0,3
12,3,940,11,10,4,6,1,4,1,0,0,32,25,0,3
14,3,395,11,8,0,10,0,4,1,0,0,39,25,0,3
16,3,281,11,8,4,3,1,4,1,0,0,34,25,0,3
16,3,789,9,10,2,7,1,4,1,0,0,36,25,0,3
14,3,816,13,8,2,9,1,4,1,0,0,36,25,0,3
10,3,209,11,8,3,5,0,4,1,0,0,33,25,0,3
19,3,931,9,10,2,1,1,4,0,0,0,38,25,0,3
26,3,832,11,8,2,7,1,4,1,0,0,32,25,0,3
30,3,258,11,8,0,5,0,4,0,0,0,32,25,0,3
16,3,196,8,9,0,2,3,4,1,0,0,31,25,0,3
23,3,179,9,11,2,9,0,4,1,0,0,39,25,0,3
9,3,940,13,9,4,1,1,4,1,0,0,34,25,0,3
5,3,149,10,8,3,2,0,4,1,0,0,32,25,0,3
28,3,527,10,8,0,11,1,4,1,0,0,32,25,0,3
18,3,776,9,9,0,2,1,4,1,0,0,33,25,0,3
14,3,939,10,11,4,8,1,4,1,0,0,32,25,0,3
29,3,90,13,8,2,2,0,4,1,0,0,32,25,0,3
14,3,269,11,8,3,2,0,4,1,0,0,32,25,0,3
19,3,685,10,11,2,8,0,4,1,0,0,34,25,0,3
14,3,483,13,8,3,2,0,4,1,0,0,32,25,0,3
41,3,902,9,11,0,2,0,4,0,0,0,35,25,0,3
20,3,144,10,9,2,4,0,4,1,0,0,33,25,0,3
19,3,494,12,8,2,8,0,4,1,0,0,33,25,0,3
9,3,260,11,8,3,3,0,4,1,0,0,36,25,0,3
37,3,208,11,8,2,5,0,4,1,0,0,35,25,0,3
25,3,13,11,8,0,7,0,4,0,0,0,32,25,0,3
13,3,929,9,11,3,1,0,4,1,0,0,39,25,0,3
1,3,547,6,4,4,9,1,3,0,0,0,24,25,0,100
7,3,864,10,9,4,7,1,4,0,0,0,32,25,0,100
15,2,867,11,8,4,5,1,4,0,0,0,23,25,0,100
13,1,435,8,10,4,2,1,4,0,0,0,32,23,0,100
8,2,252,4,8,2,10,3,4,0,0,0,44,17,0,100
14,2,795,11,9,2,1,2,2,0,0,0,21,25,0,100
26,2,290,8,11,3,6,3,4,0,0,0,30,25,1,100
16,2,449,13,9,0,1,3,4,0,0,0,25,25,0,100
21,2,454,6,9,2,9,4,3,0,0,0,27,25,0,100
11,1,866,12,8,4,3,1,4,0,0,0,27,25,0,100
30,1,967,10,7,3,1,3,4,0,2,0,32,24,0,100
7,4,713,11,8,4,2,3,4,0,0,0,43,25,0,100
4,3,915,13,8,4,7,1,4,0,0,0,16,25,0,100
15,3,462,6,11,4,9,2,3,0,0,0,19,25,0,100
9,3,80,9,11,2,3,4,2,0,0,0,37,25,0,100
2,2,816,12,8,4,1,3,4,1,0,0,32,25,0,100
23,0,849,9,8,0,0,1,4,0,0,0,26,25,0,100
35,3,1,12,8,5,7,1,2,0,0,0,16,25,0,100
21,1,802,8,10,1,1,3,4,0,0,0,32,25,0,100
32,2,288,8,11,3,8,3,3,0,0,0,32,24,0,100
28,1,784,9,8,2,1,1,4,0,0,0,32,25,0,100
19,2,453,11,13,1,9,3,4,0,0,0,19,25,0,100
52,2,118,3,7,6,8,1,4,0,0,0,18,25,0,100
30,3,787,11,12,4,4,4,1,0,0,0,33,4,0,100
23,0,850,10,8,0,0,1,4,0,0,0,25,25,0,100
26,1,91,9,8,4,5,4,2,0,0,0,32,25,0,100
17,3,283,8,7,2,3,2,1,0,0,0,32,7,0,100
4,1,882,4,8,4,3,3,4,0,0,0,11,25,0,100
17,1,95,11,8,4,1,3,3,0,0,0,32,25,0,100
3,3,62,14,8,4,7,1,4,0,0,0,51,25,0,100
9,3,129,11,8,4,7,1,4,0,0,0,46,25,0,100
10,3,572,11,8,4,2,3,2,1,0,0,34,25,0,100
7,3,776,13,8,3,7,2,2,0,0,0,19,25,0,100
2,3,419,8,7,4,8,2,4,0,0,0,20,25,0,100
9,4,688,11,10,3,10,2,1,1,0,0,36,11,0,100
26,2,290,10,11,4,7,3,3,0,0,0,29,25,0,100
35,0,86,11,8,3,0,4,2,0,0,0,28,25,0,100
2,0,112,14,9,4,1,3,1,0,0,0,32,25,0,100
22,2,583,14,5,1,8,2,2,0,0,0,32,19,0,100
1,0,888,1,6,4,0,3,4,0,0,0,11,25,0,100
19,5,363,11,12,0,4,3,4,0,3,0,35,25,0,100
13,1,748,4,6,3,3,4,2,0,0,0,32,20,0,100
15,3,590,10,11,4,2,1,1,0,1,0,32,21,0,100
9,4,691,9,11,3,10,2,1,1,0,0,40,2,0,100
10,3,684,15,9,3,8,3,2,1,0,0,32,25,0,100
2,0,398,3,7,4,0,3,2,0,0,0,10,25,0,100
13,3,524,10,7,4,4,1,4,1,0,0,15,25,0,100
13,4,780,14,9,3,10,1,1,1,0,20,32,23,0,101
22,3,70,10,9,3,3,2,3,1,0,16,30,18,0,101
40,3,264,12,12,0,1,0,4,0,0,15,35,25,0,101
38,3,911,10,9,0,3,2,4,0,0,22,28,25,0,101
22,3,616,7,7,3,1,0,4,1,0,21,28,25,0,101
44,4,29,8,11,2,8,0,1,1,0,15,25,5,1,101
16,2,351,9,12,2,8,0,4,1,0,13,32,25,0,101
13,3,89,10,8,3,1,4,4,0,0,17,32,25,0,101
26,4,417,11,8,2,11,0,4,1,0,12,41,25,1,101
27,2,200,9,12,2,2,3,4,0,0,22,17,25,0,101
15,3,72,11,8,3,1,4,4,1,0,19,32,25,0,101
19,4,523,7,10,3,7,0,4,0,0,12,40,25,0,101
15,2,356,10,9,2,6,0,4,1,0,14,34,25,0,101
23,3,137,9,10,2,2,4,4,0,0,20,22,25,0,101
9,0,274,9,12,2,0,0,4,0,0,18,31,25,0,101
13,3,427,9,10,4,8,2,4,1,0,13,39,25,0,101
30,3,604,1,6,2,12,0,4,1,0,12,51,25,0,101
21,1,529,10,7,4,9,0,4,1,0,16,25,25,0,101
27,3,398,10,9,2,11,0,4,1,0,12,40,25,1,101
14,4,630,9,7,3,1,0,4,1,0,21,36,25,0,101
26,3,26,14,9,2,2,3,3,1,0,26,31,24,1,101
14,2,468,9,10,5,8,2,4,1,0,14,35,25,0,101
19,3,394,9,10,2,11,0,4,1,0,12,33,25,1,101
20,3,830,11,8,0,3,0,4,1,0,19,50,25,0,101
16,5,534,6,10,3,10,0,4,0,0,10,52,25,0,101
15,3,124,12,8,3,3,2,4,1,0,14,32,25,0,101
22,1,776,8,9,2,2,1,1,0,0,20,32,22,0,101
25,3,611,7,7,3,1,0,4,1,0,21,25,25,0,101
16,3,68,12,8,3,1,4,4,1,0,19,32,25,0,101
20,2,775,9,8,2,3,2,2,0,0,21,32,23,0,101
17,5,771,10,11,2,7,3,4,0,0,24,36,25,1,101
17,2,834,10,8,0,1,0,3,1,0,20,55,24,0,101
30,2,590,2,6,2,12,0,4,1,0,12,48,25,0,101
14,4,787,11,8,1,5,4,4,0,0,23,37,25,0,101
19,3,149,15,9,2,5,0,4,1,0,12,32,25,1,101
19,3,152,15,9,2,5,0,4,1,0,12,32,25,1,101
29,3,904,13,11,2,5,0,4,1,0,15,27,25,1,101
15,2,343,9,12,2,7,0,4,1,0,13,32,25,0,101
14,1,219,12,10,2,3,0,4,1,0,14,32,25,0,101
11,3,432,9,12,5,7,2,4,1,0,13,40,25,0,101
17,2,497,10,9,5,9,1,4,1,0,15,31,25,0,101
15,3,400,9,12,3,9,1,4,1,0,12,35,25,0,101
12,0,275,9,12,1,0,0,4,0,0,17,32,25,0,101
32,3,586,4,6,1,10,0,4,1,0,13,44,25,0,101
17,5,771,10,11,2,7,3,4,0,0,24,36,25,1,101
30,5,946,10,11,2,9,0,4,1,0,18,14,25,1,101
24,3,877,9,11,1,5,0,4,1,0,16,37,25,0,101
22,3,169,13,9,2,5,1,4,0,0,13,27,25,1,101
11,3,442,9,12,5,7,2,4,0,0,13,42,25,0,101
19,0,273,9,12,1,0,0,4,0,0,17,33,25,0,101
13,4,940,11,8,1,8,0,4,0,0,15,11,25,0,101
39,4,102,9,12,2,6,2,2,0,0,19,19,12,1,101
29,3,891,12,8,0,1,2,4,0,0,18,32,25,0,101
19,4,409,10,8,2,11,0,4,1,0,12,35,25,1,101
15,5,778,13,10,4,10,1,1,1,0,22,34,24,0,101
21,3,116,15,9,2,4,1,4,1,0,16,32,25,1,101
14,3,103,11,8,3,2,3,4,1,0,15,32,25,0,101
42,3,785,11,8,1,9,0,4,1,0,11,16,25,0,101
24,3,892,14,10,2,3,0,4,1,0,13,29,25,1,101
22,3,41,13,8,3,1,4,4,1,0,24,32,25,0,101
27,3,911,11,8,0,3,2,4,0,0,19,25,25,0,101
20,4,446,11,8,2,10,0,4,1,0,13,33,25,0,101
17,2,185,13,9,2,4,0,4,1,0,12,32,25,0,101
28,1,539,8,7,4,7,0,4,1,0,18,19,25,0,101
19,2,780,11,9,3,5,1,1,1,0,20,32,22,0,101
15,3,76,11,8,3,1,4,4,1,0,18,32,25,0,101
22,3,385,9,11,2,11,0,4,1,0,12,35,25,1,101
32,3,895,10,8,0,1,3,4,0,0,20,32,25,0,101
21,2,536,9,7,4,10,0,4,1,0,15,30,25,0,101
28,3,25,8,9,2,2,1,4,1,0,15,35,25,0,101
34,3,6,8,9,2,3,0,4,1,0,14,35,25,1,101
37,4,47,9,10,2,6,1,1,1,0,15,26,7,0,101
42,4,38,9,11,2,8,0,1,1,0,15,24,4,0,101
29,3,176,10,11,2,3,3,4,0,0,21,17,25,1,101
39,4,775,12,8,2,11,0,3,1,0,12,13,24,0,101
15,3,824,12,8,1,4,1,3,1,0,21,51,24,0,101
20,3,159,14,9,2,6,0,3,1,0,11,31,23,1,101
44,3,774,10,8,2,8,0,3,1,0,11,12,24,0,101
20,5,790,10,12,2,6,1,4,1,0,24,45,25,0,101
18,3,866,13,8,1,2,0,4,1,0,14,40,25,0,101
28,0,778,8,9,2,0,0,1,1,0,18,30,21,0,101
14,1,332,9,12,2,6,0,4,1,0,14,32,25,0,101
13,4,780,14,8,3,11,1,1,1,0,20,31,24,0,101
44,4,772,10,9,2,10,0,4,1,0,11,12,25,1,101
34,3,419,10,8,2,11,0,4,1,0,12,48,25,1,101
30,5,770,10,12,3,9,0,4,1,0,20,30,25,1,101
32,3,564,9,7,0,6,0,4,1,0,15,33,25,0,101
19,2,780,11,9,3,5,1,1,1,0,20,32,22,0,101
18,3,60,12,8,3,1,4,4,1,0,21,32,25,0,101
18,3,870,14,8,1,2,0,4,1,0,13,37,25,0,101
18,4,920,10,9,2,7,0,4,1,0,15,19,25,1,101
24,0,792,8,9,1,0,0,1,1,0,19,37,21,0,101
22,4,535,10,9,1,6,1,4,0,0,13,40,25,0,101
14,3,78,11,8,3,1,4,4,1,0,18,32,25,0,101
27,3,82,11,9,2,4,0,4,1,0,13,34,25,1,101
19,4,404,10,9,2,11,0,4,1,0,12,34,25,1,101
23,4,920,11,8,1,5,1,4,0,0,18,21,25,0,101
29,5,770,10,12,3,9,0,4,1,0,21,31,25,1,101
29,2,604,6,7,3,1,0,4,1,0,21,21,25,0,101
18,3,888,14,8,2,3,0,4,1,0,11,28,25,1,101
19,4,408,10,8,2,11,0,4,1,0,12,35,25,1,101
21,5,944,10,9,2,9,0,4,1,0,16,12,25,1,101
48,4,949,10,14,2,10,0,4,1,0,22,19,25,1,101
46,0,567,2,6,1,0,0,4,1,0,22,4,25,0,101
40,1,556,2,7,2,1,0,4,0,0,20,12,25,0,101
18,2,374,9,12,2,10,0,4,1,0,12,32,25,0,101
25,3,885,10,11,2,5,0,4,1,0,14,32,25,1,101
33,3,180,9,12,1,2,4,4,0,0,23,14,25,0,101
27,3,543,10,9,1,6,1,4,0,0,14,35,25,0,101
26,3,873,11,8,0,1,2,4,0,0,21,42,25,0,101
25,3,886,13,8,1,1,1,4,0,0,15,32,25,0,101
21,3,856,11,8,0,1,1,4,0,0,21,50,25,0,101
42,4,929,10,12,1,6,1,4,0,0,22,24,25,0,101
21,4,416,11,8,2,11,0,4,1,0,12,37,25,1,101
26,0,778,8,9,2,0,0,1,0,0,19,32,21,0,101
23,3,82,15,9,2,3,2,4,1,0,20,32,25,1,101
14,1,213,12,10,2,3,0,4,1,0,14,32,25,0,101
14,2,465,9,10,5,8,2,4,1,0,14,36,25,0,101
32,3,591,3,6,1,11,0,4,1,0,12,47,25,0,101
37,4,30,11,10,2,6,1,2,1,0,19,27,11,1,101
30,1,542,7,7,3,6,0,4,1,0,18,17,25,0,101
13,5,775,12,8,2,8,3,2,0,0,22,32,24,0,101
34,3,55,8,10,2,3,1,4,0,0,17,29,25,1,101
32,3,7,9,9,2,2,0,4,1,0,17,35,25,1,101
32,3,892,11,8,0,1,3,4,0,0,21,33,25,0,101
15,3,820,12,8,1,4,1,3,1,0,21,49,24,0,101
16,3,836,10,8,0,2,1,4,1,0,21,57,25,0,101
40,3,263,12,12,0,1,0,4,0,0,15,35,25,0,101
15,4,912,12,8,2,5,0,4,1,0,13,20,25,1,101
22,1,779,10,9,2,3,0,1,1,0,19,32,21,0,101
21,2,530,11,8,4,9,1,4,1,0,16,27,25,0,101
30,3,408,10,9,2,11,0,4,1,0,12,44,25,1,101
17,2,496,10,9,5,9,1,4,1,0,15,31,25,0,101
31,0,777,8,9,2,2,0,1,1,0,17,27,21,0,101
28,3,400,10,9,2,11,0,4,1,0,12,41,25,1,101
35,3,240,12,12,0,2,0,4,0,0,14,35,25,0,101
29,3,570,11,8,0,4,1,4,1,0,16,31,25,0,101
30,3,906,13,11,2,5,0,4,1,0,15,27,25,1,101
45,4,772,11,8,2,10,0,4,0,0,10,9,25,1,101
18,2,824,10,8,0,1,0,3,1,0,20,51,23,0,101
40,4,925,9,13,2,8,0,4,1,0,19,24,25,1,101
36,3,220,10,12,1,2,3,4,0,0,20,24,25,0,101
23,4,920,11,8,1,5,1,4,0,0,18,21,25,0,101
31,3,334,11,10,0,5,0,4,0,0,14,36,25,0,101
15,4,518,9,10,4,9,1,4,0,0,12,40,25,0,101
21,3,427,9,10,4,8,1,4,1,0,13,44,25,0,101
15,4,773,10,8,2,5,4,3,0,0,23,32,24,0,101
22,3,617,5,6,2,8,0,4,1,0,15,47,25,0,101
30,3,904,11,8,0,2,3,4,0,0,20,28,25,0,101
32,3,101,12,10,2,7,0,2,1,0,12,28,13,1,101
43,4,38,9,11,2,8,0,1,1,0,15,24,3,0,101
14,5,478,9,10,3,9,0,4,0,0,10,46,25,0,101
30,3,885,11,8,0,1,3,4,0,0,21,37,25,0,101
30,3,903,11,8,0,2,3,4,0,0,20,28,25,0,101
24,4,417,11,8,2,11,0,4,1,0,12,40,25,1,101
15,5,771,10,9,2,7,4,4,0,0,24,33,25,1,101
18,3,883,14,8,2,2,0,4,1,0,11,30,25,1,101
34,3,420,10,8,2,10,0,4,1,0,12,48,25,0,101
11,2,443,9,11,5,7,2,4,1,0,14,39,25,0,101
35,2,557,9,7,0,4,0,4,1,0,16,26,25,0,101
11,5,493,9,12,4,8,1,4,0,0,10,49,25,0,101
20,2,529,11,8,4,9,1,4,1,0,16,27,25,0,101
29,3,891,12,8,0,1,2,4,0,0,18,32,25,0,101
24,2,774,8,12,2,4,0,2,1,0,22,36,22,0,101
34,5,771,10,11,3,9,0,4,1,0,18,25,25,1,101
32,3,161,9,11,2,2,4,4,0,0,24,16,25,1,101
32,4,98,11,10,2,7,0,2,1,0,13,27,13,1,101
23,3,590,11,8,1,3,1,4,1,0,18,34,25,0,101
27,3,21,13,9,2,2,3,4,1,0,24,32,25,1,101
34,3,86,8,10,2,3,2,4,0,0,19,25,25,1,101
36,3,243,12,12,0,2,0,4,0,0,14,35,25,0,101
14,4,807,13,8,2,7,1,2,1,0,21,43,24,0,101
14,0,275,9,12,1,0,0,4,0,0,17,32,25,0,101
29,3,549,10,8,0,5,1,4,0,0,15,33,25,0,101
22,1,776,9,9,2,2,1,2,0,0,20,32,22,0,101
27,3,888,12,8,0,1,2,4,0,0,16,32,25,0,101
28,3,878,11,8,0,1,3,4,0,0,21,40,25,0,101
24,3,895,9,11,2,6,0,4,1,0,15,28,25,1,101
27,3,22,13,9,2,2,3,4,1,0,25,32,25,1,101
26,0,777,8,10,2,1,0,1,1,0,19,33,21,0,101
26,3,872,11,8,0,1,2,4,0,0,21,42,25,0,101
33,2,598,1,6,2,11,0,4,1,0,13,47,25,0,101
21,3,885,14,9,2,2,0,4,1,0,12,30,25,1,101
47,4,946,10,14,1,10,0,4,0,0,22,20,25,0,101
15,5,528,7,10,3,9,0,4,0,0,10,52,25,0,101
38,3,252,12,12,0,1,0,4,0,0,15,35,25,0,101
11,0,275,9,12,1,0,0,4,0,0,17,32,25,0,101
13,2,336,9,10,2,4,0,4,1,0,15,33,25,0,101
21,3,865,9,10,1,4,0,4,1,0,17,44,25,0,101
21,4,472,9,10,3,9,0,4,0,0,10,50,25,0,101
44,0,565,3,6,1,1,0,4,1,0,21,9,25,0,101
19,3,377,9,11,2,11,0,4,1,0,12,32,25,1,101
19,5,772,11,13,4,9,1,3,1,0,24,38,24,0,101
24,3,350,9,12,1,8,0,4,0,0,12,32,25,0,101
15,3,839,11,8,0,2,1,3,1,0,21,57,24,0,101
16,5,771,10,10,2,7,3,4,0,0,24,34,25,1,101
39,1,585,3,6,2,0,0,4,1,0,22,10,25,0,101
19,4,915,10,9,2,7,0,4,1,0,15,21,25,1,101
48,0,570,1,6,2,0,0,4,1,0,22,3,25,0,101
22,3,592,11,8,1,3,1,4,1,0,18,34,25,0,101
31,3,178,9,11,2,3,4,4,0,0,22,15,25,1,101
26,4,777,13,8,3,11,1,2,1,0,16,22,24,0,101
13,4,627,11,8,3,2,1,4,1,0,20,39,25,0,101
14,4,782,11,8,1,6,4,4,0,0,23,36,25,0,101
9,0,276,9,12,2,0,0,4,0,0,18,31,25,0,101
16,4,772,11,8,2,7,4,4,0,0,22,29,25,1,101
18,2,366,9,12,2,9,0,4,1,0,12,32,25,0,101
15,1,339,9,12,2,6,0,4,1,0,14,32,25,0,101
18,3,877,14,8,1,2,0,4,1,0,11,33,25,0,101
15,3,835,11,8,0,2,1,4,0,0,21,56,25,0,101
34,3,29,12,10,2,5,2,2,1,0,21,28,14,1,101
30,3,418,11,8,2,11,0,4,1,0,12,45,25,1,101
32,3,894,10,9,0,2,2,4,0,0,20,32,25,0,101
28,3,73,13,9,2,2,4,4,0,0,26,26,25,1,101
25,0,779,8,9,2,1,0,1,1,0,19,32,21,0,101
23,1,271,10,12,1,0,0,4,0,0,17,33,25,0,101
27,5,945,10,10,2,9,0,4,1,0,18,14,25,1,101
20,3,40,10,11,2,2,0,4,1,34,0,47,25,1,102
43,3,591,12,13,2,6,0,4,1,36,0,49,25,1,102
27,3,583,9,12,1,3,0,3,1,36,0,46,25,1,102
26,3,667,12,8,2,8,0,4,1,33,0,41,25,1,102
24,3,839,9,12,2,2,0,4,1,33,0,44,25,1,102
24,3,662,13,8,2,6,0,4,1,31,0,46,25,1,102
30,3,627,8,10,2,3,0,4,1,33,0,49,25,1,102
36,3,493,9,10,2,9,0,4,1,31,0,38,25,1,102
16,3,474,9,12,2,3,0,4,0,15,0,42,25,1,102
20,3,819,11,10,2,5,0,4,1,35,0,35,25,1,102
25,4,13,11,10,0,11,2,4,1,32,0,35,25,0,102
28,2,338,11,11,2,6,1,4,0,33,0,28,25,1,102
26,5,25,12,12,2,8,0,4,1,32,0,40,25,1,102
25,3,324,11,8,1,1,3,4,0,30,0,34,21,0,102
32,3,634,9,11,2,3,0,4,1,34,0,49,25,1,102
25,3,459,9,10,2,8,1,4,0,38,0,40,25,1,102
29,3,632,13,11,2,3,0,4,1,33,0,51,25,1,102
27,3,26,10,11,1,11,2,4,1,35,0,40,25,0,102
32,2,313,11,8,2,2,4,4,0,33,0,31,25,1,102
22,3,30,13,10,2,4,0,4,1,32,0,37,25,1,102
18,3,340,11,8,0,1,2,4,0,27,0,37,18,0,102
36,3,722,5,9,0,3,2,4,0,33,0,38,25,1,102
27,4,51,9,13,3,6,0,4,1,38,0,51,25,1,102
23,3,480,11,11,2,6,5,4,0,30,0,10,25,1,102
18,3,818,12,10,2,9,0,4,1,29,0,42,25,1,102
25,4,16,11,10,1,10,1,4,1,32,0,37,25,0,102
39,3,503,9,11,2,9,0,4,1,30,0,33,25,1,102
32,1,509,11,8,2,2,0,4,1,29,0,37,25,1,102
37,4,562,13,13,0,9,2,2,1,37,0,37,25,1,102
23,1,500,10,8,2,1,0,4,1,30,0,41,25,1,102
31,3,649,8,9,2,4,0,4,1,33,0,46,25,1,102
23,3,775,13,9,2,8,0,4,1,35,0,41,25,1,102
34,3,299,14,8,2,1,0,4,0,30,0,32,25,1,102
28,3,672,11,8,2,12,0,4,1,35,0,36,25,1,102
32,4,749,6,9,0,7,0,4,1,38,0,31,25,1,102
18,3,304,11,12,2,8,1,4,1,29,0,32,25,1,102
32,2,307,14,9,2,2,0,4,1,30,0,31,25,1,102
25,1,499,11,8,2,1,0,4,0,30,0,37,25,1,102
23,1,498,10,8,2,1,0,4,1,30,0,41,25,1,102
24,2,486,9,9,2,2,0,4,1,33,0,42,25,1,102
32,3,620,12,12,2,3,0,4,0,34,0,48,25,1,102
19,3,22,14,9,2,2,0,4,1,30,0,34,25,1,102
28,3,669,11,8,2,12,0,4,0,33,0,34,25,1,102
28,3,634,13,11,2,3,0,4,1,33,0,51,25,1,102
35,3,490,10,9,2,10,0,4,1,31,0,39,25,1,102
27,4,112,13,13,2,9,0,4,1,30,0,48,25,1,102
22,3,438,9,12,1,7,1,4,0,35,0,42,25,1,102
27,3,660,13,8,2,11,2,4,0,28,0,33,25,1,102
24,3,655,15,9,2,5,1,4,0,28,0,45,25,1,102
25,3,44,9,12,2,3,0,4,1,36,0,47,25,1,102
24,3,817,13,13,2,8,0,4,1,36,0,50,25,1,102
7,3,357,11,8,0,3,1,4,1,24,0,39,14,0,102
52,4,40,9,11,2,8,0,4,1,36,0,27,25,1,102
25,3,238,13,11,2,6,0,4,1,30,0,37,25,1,102
26,3,322,11,8,1,1,3,4,0,30,0,34,21,0,102
39,3,481,10,8,2,2,4,4,0,34,0,20,25,1,102
27,3,617,11,10,2,6,2,4,0,29,0,40,25,1,102
27,3,409,9,12,0,1,3,4,0,24,0,27,25,1,102
25,3,419,9,12,0,1,3,4,0,23,0,30,25,1,102
18,3,303,11,12,2,8,1,4,1,29,0,32,25,1,102
29,3,667,10,8,2,10,0,4,1,35,0,37,25,1,102
30,3,165,10,12,2,4,0,4,1,30,0,49,25,1,102
34,3,16,10,9,0,11,2,4,1,33,0,30,25,0,102
21,3,48,8,11,2,3,0,4,1,36,0,50,25,1,102
23,3,775,13,9,2,8,0,4,1,35,0,41,25,1,102
31,3,182,9,12,2,3,0,4,1,29,0,48,25,1,102
21,3,202,14,9,2,3,0,4,1,17,0,33,25,1,102
45,4,740,3,7,1,5,0,4,1,37,0,35,25,1,102
30,5,80,11,14,3,9,0,4,1,35,0,50,25,1,102
26,3,651,15,9,2,9,3,4,0,24,0,36,25,1,102
22,3,745,14,9,1,10,0,4,0,35,0,40,25,1,102
32,1,510,11,8,2,2,0,4,1,29,0,37,25,1,102
19,3,811,14,11,2,11,0,4,1,31,0,45,25,1,102
22,3,20,10,9,0,8,2,4,1,33,0,39,25,0,102
17,3,468,9,12,2,5,0,4,1,21,0,45,25,1,102
22,3,8,12,8,0,9,2,4,1,31,0,32,25,0,102
27,4,574,10,12,1,5,1,3,1,36,0,40,25,1,102
26,4,542,13,12,0,7,3,2,1,36,0,30,25,1,102
25,2,367,11,12,1,8,0,4,0,31,0,27,25,1,102
31,4,54,10,14,3,8,0,4,1,39,0,50,25,1,102
31,4,750,6,10,0,7,0,4,1,38,0,30,25,1,102
29,5,41,10,14,3,9,0,4,1,36,0,46,25,1,102
25,3,421,9,12,0,1,3,4,0,22,0,30,25,1,102
31,3,625,12,11,2,5,1,4,0,32,0,46,25,1,102
30,5,240,9,12,2,3,0,4,1,27,0,32,25,1,102
30,3,656,9,9,2,7,0,4,1,34,0,42,25,1,102
32,3,625,10,12,2,3,0,4,1,35,0,50,25,1,102
20,4,745,9,12,0,7,1,4,0,36,0,29,25,1,102
22,4,21,13,10,2,4,0,4,1,31,0,35,25,1,102
54,4,717,2,5,2,3,0,4,1,35,0,42,25,1,102
52,4,40,9,11,2,8,0,4,1,36,0,27,25,1,102
24,4,813,13,13,1,9,0,4,1,36,0,49,25,1,102
22,3,475,9,10,2,5,0,4,1,20,0,44,25,1,102
28,3,662,12,8,2,12,2,4,0,30,0,33,25,1,102
40,3,597,12,13,2,5,0,4,1,36,0,50,25,1,102
20,3,447,9,12,1,9,0,4,0,38,0,46,25,1,102
21,3,201,14,9,2,2,0,4,1,15,0,32,25,1,102
46,4,32,9,11,1,9,0,4,1,35,0,28,25,0,102
42,3,579,10,12,2,6,0,4,1,36,0,49,25,1,102
11,2,364,11,9,0,4,0,4,1,26,0,37,16,0,102
23,3,841,9,12,1,2,0,4,1,33,0,43,25,1,102
25,3,648,14,9,2,3,0,4,1,31,0,51,25,1,102
31,1,509,11,8,2,2,0,4,1,29,0,38,25,1,102
29,5,91,12,14,2,9,0,4,1,33,0,50,25,1,102
18,4,777,11,10,0,10,0,4,1,34,0,32,25,1,102
20,3,456,8,11,2,9,0,4,1,39,0,48,25,1,102
29,3,598,10,12,2,3,0,4,1,36,0,49,25,1,102
27,3,583,9,12,1,3,0,3,1,36,0,46,25,1,102
34,3,304,12,8,2,1,3,4,0,32,0,32,25,1,102
48,3,532,11,9,2,6,0,4,1,30,0,35,25,1,102
46,3,587,11,12,2,7,0,4,1,36,0,49,25,1,102
23,3,750,14,9,2,10,0,4,1,36,0,41,25,1,102
23,3,16,10,9,0,9,2,4,1,33,0,37,25,0,102
15,3,318,11,11,1,7,1,4,1,28,0,33,22,0,102
28,3,673,11,8,2,12,0,4,1,35,0,35,25,1,102
23,3,212,11,12,2,7,0,4,1,29,0,38,25,1,102
29,3,666,10,8,2,10,0,4,1,35,0,38,25,1,102
29,4,48,11,13,3,7,0,4,1,37,0,47,25,1,102
43,3,513,9,10,2,7,0,4,1,29,0,32,25,1,102
21,3,201,12,13,2,9,0,4,1,30,0,41,25,1,102
33,3,285,13,9,2,1,0,4,1,29,0,32,25,1,102
25,4,13,11,10,0,11,2,4,1,32,0,35,25,0,102
20,2,325,12,13,2,9,1,4,1,31,0,30,25,1,102
49,3,550,11,10,2,7,0,4,1,33,0,41,25,1,102
29,4,68,9,13,3,9,0,4,1,38,0,48,25,1,102
25,3,193,12,10,2,2,0,4,1,21,0,39,25,1,102
33,3,290,14,9,2,1,0,4,1,29,0,32,25,1,102
25,4,754,7,11,0,8,0,4,1,38,0,28,25,1,102
29,3,478,9,8,2,7,0,4,1,34,0,44,25,1,102
22,3,208,11,12,2,8,0,4,1,29,0,39,25,1,102
18,2,482,9,10,2,2,0,4,1,19,0,43,25,1,102
44,5,47,9,13,2,9,0,4,1,38,0,36,25,1,102
23,3,432,9,12,1,6,1,4,0,33,0,39,25,1,102
46,3,519,10,8,2,6,0,4,1,29,0,32,25,1,102
17,3,470,9,12,2,4,0,4,1,18,0,44,25,1,102
27,3,250,13,11,2,5,0,4,1,30,0,36,25,1,102
18,4,775,11,10,0,10,0,4,1,34,0,31,25,1,102
31,5,60,10,14,3,9,0,4,1,39,0,51,25,1,102
21,3,441,9,12,1,8,0,4,0,36,0,43,25,1,102
19,4,770,10,11,0,10,0,4,1,35,0,30,25,1,102
30,3,174,9,12,2,3,0,4,1,30,0,49,25,1,102
30,3,182,9,12,2,3,0,4,1,30,0,48,25,1,102
20,4,740,9,12,0,6,2,4,0,35,0,31,25,1,102
32,4,272,12,10,2,1,0,4,1,28,0,32,25,1,102
33,3,480,10,8,2,10,0,4,1,32,0,44,25,1,102
14,3,322,11,11,1,6,1,4,1,28,0,34,21,0,102
22,3,707,9,11,0,5,3,4,0,32,0,35,25,1,102
28,3,672,11,8,2,11,0,4,1,35,0,36,25,1,102
60,4,730,0,5,1,4,0,4,1,37,0,40,25,1,102
31,4,54,10,14,3,8,0,4,1,39,0,50,25,1,102
39,2,515,11,8,2,4,0,4,1,29,0,34,25,1,102
35,3,476,10,8,2,1,3,4,0,36,0,23,25,1,102
29,3,647,9,9,2,3,0,4,1,32,0,49,25,1,102
21,4,753,11,10,0,9,0,4,1,37,0,32,25,1,102
25,2,355,12,12,2,9,0,4,1,32,0,27,25,1,102
20,4,738,9,12,0,6,2,4,0,35,0,31,25,1,102
38,3,476,10,8,2,1,4,4,0,36,0,18,25,1,102
31,3,622,12,12,2,3,0,4,1,35,0,51,25,1,102
25,4,11,11,9,0,11,2,4,1,32,0,35,25,0,102
6,2,365,11,8,0,2,0,4,1,24,0,40,13,0,102
30,3,305,11,9,2,2,4,4,0,32,0,32,25,1,102
15,3,803,14,9,1,12,0,4,1,27,0,40,25,1,102
27,3,645,14,9,2,10,4,4,0,23,0,32,25,1,102
27,2,396,9,12,0,2,3,4,0,26,0,27,25,1,102
35,4,541,12,11,0,7,2,2,1,34,0,29,25,1,102
27,3,648,14,9,2,9,4,4,0,24,0,34,25,1,102
49,3,734,4,6,2,6,0,4,1,36,0,41,25,1,102
28,3,670,11,8,2,12,0,4,0,34,0,34,25,1,102
13,3,328,11,11,1,6,1,4,1,27,0,35,20,0,102
27,3,406,9,12,0,1,3,4,0,24,0,27,25,1,102
34,3,16,10,9,0,11,2,4,1,33,0,30,25,0,102
24,4,88,7,11,2,9,0,4,1,35,0,41,25,1,102
31,4,56,10,14,3,8,0,4,1,39,0,51,25,1,102
40,4,744,4,8,0,6,0,4,1,38,0,33,25,1,102
38,4,563,13,13,0,9,2,2,1,37,0,38,25,1,102
23,3,323,13,8,1,1,0,4,1,27,0,35,20,0,102
25,4,87,12,13,2,6,0,4,1,32,0,49,25,1,102
22,3,837,9,11,2,3,0,4,1,32,0,43,25,1,102
31,3,644,9,9,2,4,0,4,0,31,0,45,25,1,102
16,3,794,15,9,2,12,0,4,1,28,0,41,25,1,102
26,2,381,10,12,1,5,1,4,0,29,0,27,25,1,102
43,3,528,11,9,1,6,0,3,1,31,0,31,25,1,102
46,3,517,11,8,2,6,0,4,1,29,0,33,25,1,102
20,3,24,14,9,2,2,0,4,1,31,0,34,25,1,102
30,5,235,9,11,2,2,0,4,1,26,0,32,25,1,102
33,2,308,11,8,2,1,4,4,0,33,0,31,25,1,102
30,5,233,9,12,2,3,0,4,1,27,0,32,25,1,102
22,3,749,13,9,1,10,0,4,1,36,0,37,25,1,102
26,5,18,11,11,1,10,1,4,1,32,0,38,25,0,102
24,4,93,7,11,2,9,0,4,1,35,0,41,25,1,102
26,4,222,10,12,2,5,0,4,1,28,0,35,25,1,102
26,5,20,11,11,1,9,0,4,1,32,0,38,25,0,102
23,3,816,9,11,2,3,0,4,1,39,0,33,25,1,102
22,3,661,14,9,1,3,0,4,0,30,0,50,25,1,102
19,2,360,11,11,1,7,0,4,1,30,0,30,21,0,102
24,3,817,13,13,2,8,0,4,1,35,0,50,25,1,102
26,1,503,10,8,2,2,0,4,1,30,0,38,25,1,102
26,2,350,12,12,2,8,0,4,1,32,0,27,25,1,102
30,5,233,9,11,2,2,0,4,1,26,0,32,25,1,102
47,3,517,11,8,2,5,0,4,0,29,0,30,25,1,102
24,3,663,13,8,2,6,0,4,1,31,0,45,25,1,102
16,3,475,9,12,2,4,1,4,0,17,0,34,25,1,102
27,3,305,11,10,2,4,3,4,0,31,0,32,25,1,102
