col_1,col_2,col_3,col_4,col_5,col_6,col_7,col_8,col_9,col_10,col_11,col_12,col_13,col_14,col_15,class,cluster
1,81,45,2,1,13,8,23,0,0,0,1,0,23,0,1,2
1,3,129,2,1,11,8,3,0,1,1,1,0,0,68,1,2
2,99,17,2,1,13,8,4,0,1,1,0,0,70,109,1,2
1,321,204,2,1,2,8,92,1,1,7,0,0,0,199,0,0
2,216,51,3,3,2,1,6,1,0,0,1,0,25,108,1,100
1,248,33,2,1,1,8,17,0,0,0,0,0,61,83,1,2
1,94,177,2,1,3,4,72,1,1,6,0,0,111,111,0,0
2,130,101,2,1,13,8,116,1,0,0,1,0,152,0,0,0
2,108,179,3,3,9,4,30,0,0,0,1,0,0,17,1,100
2,33,0,3,3,6,3,0,0,1,4,0,0,124,1,1,100
2,144,55,3,3,14,4,1,0,0,0,0,0,10,1,1,100
2,74,76,3,3,2,8,4,0,0,0,0,0,23,151,1,100
1,183,12,2,1,3,8,9,0,0,0,0,0,80,34,0,2
2,283,129,2,1,13,4,126,1,1,12,0,0,0,137,0,101
2,287,7,3,3,9,8,6,1,1,11,0,0,103,196,0,103
2,5,75,2,1,13,8,2,0,1,1,0,0,0,6,1,2
1,18,0,3,3,8,3,0,0,0,0,0,0,161,0,1,100
1,19,163,2,1,14,4,25,1,1,11,0,0,0,199,0,101
2,183,58,2,1,2,8,36,0,0,0,0,1,8,0,1,102
2,71,47,3,3,13,8,66,1,1,6,0,0,159,0,0,103
2,105,29,2,1,9,8,9,0,1,2,1,0,31,3,1,2
1,99,36,2,1,11,8,31,1,1,2,0,0,40,0,1,2
1,38,21,3,3,2,8,25,0,1,1,0,0,41,2,1,100
1,159,84,2,1,3,4,16,1,1,9,1,0,35,0,0,101
1,328,93,2,1,11,4,65,1,1,6,0,0,118,119,0,0
2,206,101,2,1,2,1,57,1,1,6,0,0,0,103,0,0
2,39,12,2,1,11,8,46,1,1,2,1,0,159,0,0,0
1,2,12,2,1,2,8,25,0,0,0,0,0,8,18,1,2
2,209,91,2,1,11,8,72,0,0,0,0,0,126,35,1,2
1,40,25,2,1,2,8,21,1,1,5,1,0,15,5,1,2
2,218,122,2,1,11,4,117,1,1,7,1,0,80,5,1,0
2,314,168,2,1,6,3,84,1,1,5,0,0,0,225,0,0
2,337,205,2,1,14,4,128,1,1,9,1,0,0,149,0,101
1,171,17,2,1,3,8,1,1,0,0,0,0,122,229,0,0
2,47,150,3,3,2,8,57,1,0,0,0,2,110,0,0,102
1,325,150,2,1,11,8,75,1,1,14,0,0,0,175,0,101
2,138,184,2,1,4,4,13,0,0,0,0,0,55,0,1,2
2,0,86,3,3,13,8,42,1,1,2,1,0,8,149,0,103
2,148,16,2,1,2,8,42,1,1,11,0,0,85,117,0,101
1,31,92,3,3,2,4,64,1,0,0,0,0,61,0,0,100
2,279,65,2,1,10,1,57,1,1,12,1,0,113,194,0,101
1,73,61,2,1,11,4,52,1,1,7,1,0,15,192,0,0
1,283,41,2,1,7,7,8,0,0,0,0,0,0,56,1,2
2,202,63,2,1,13,8,3,0,1,2,0,0,51,1,1,2
1,52,101,3,3,6,3,0,0,0,0,0,0,0,0,1,100
2,76,65,2,1,2,8,27,1,1,11,1,0,147,185,0,101
2,77,0,2,1,3,8,2,1,0,0,0,0,0,0,0,2
2,348,108,2,1,0,0,14,1,0,0,0,0,0,98,1,2
2,78,181,2,1,2,8,3,0,1,2,0,0,0,216,1,2
2,234,101,2,1,6,3,0,0,1,2,0,0,28,1,1,2
1,17,138,2,1,1,8,33,1,0,0,1,0,0,0,0,2
1,94,163,3,3,1,8,80,1,0,0,0,0,8,0,1,100
2,72,168,2,1,7,8,10,0,0,0,0,0,0,0,1,2
2,102,179,2,1,3,8,29,1,1,22,1,0,15,88,0,101
2,171,126,2,1,5,1,38,1,0,0,1,2,116,0,1,102
2,9,69,2,1,1,8,17,0,1,1,0,0,159,21,1,2
1,4,71,2,1,11,8,2,0,0,0,0,0,8,0,1,2
2,28,156,2,1,6,3,10,0,0,0,0,0,159,0,1,2
1,141,51,3,3,9,8,30,0,0,0,1,0,74,0,1,100
2,65,60,2,1,7,8,3,0,0,0,0,0,23,10,1,2
2,201,25,2,1,9,8,36,0,0,0,1,0,57,0,1,2
2,153,68,3,3,10,8,3,0,0,0,1,2,159,0,1,102
2,102,77,2,1,2,4,52,0,1,1,1,0,115,21,1,2
2,85,138,2,1,1,8,6,0,0,0,1,0,0,0,1,2
1,317,197,2,1,8,3,0,1,1,15,0,0,0,86,0,101
2,43,133,2,1,1,8,45,1,1,14,0,0,147,67,0,101
2,319,176,2,1,10,8,30,1,1,4,1,0,40,0,0,0
2,162,25,3,3,1,8,72,0,0,0,1,0,86,0,1,100
2,74,6,2,1,10,8,2,0,0,0,0,2,0,0,1,102
2,161,196,2,1,2,8,13,1,0,0,0,0,8,0,1,2
1,166,75,2,1,6,3,65,0,1,2,1,0,40,4,1,2
2,135,45,3,3,2,8,36,1,0,0,1,0,0,80,1,100
2,342,138,2,1,6,3,75,0,1,1,0,0,152,6,1,2
2,103,25,2,1,2,1,6,1,0,0,0,0,92,23,0,2
2,324,123,2,1,10,8,123,1,1,6,1,0,96,166,0,0
2,292,203,2,1,6,3,0,1,1,1,0,0,166,0,1,2
2,174,45,2,1,3,4,92,1,1,3,1,0,0,0,0,0
2,228,114,2,1,10,8,31,1,1,5,1,0,3,154,0,0
2,186,94,2,1,1,8,25,1,0,0,1,0,61,0,1,2
2,168,86,3,3,3,8,36,0,0,0,1,0,8,0,1,100
1,49,155,2,1,11,8,18,1,1,2,1,0,133,0,0,0
1,91,72,2,1,11,4,43,1,1,18,0,0,0,114,0,101
1,97,179,2,1,4,8,25,0,0,0,1,0,34,152,1,2
2,236,17,3,3,1,8,13,1,1,3,0,0,40,149,0,103
1,103,16,2,1,2,4,23,1,0,0,1,0,134,0,0,2
2,48,39,3,3,2,4,33,1,1,3,1,0,15,78,1,103
2,84,45,2,1,4,4,44,1,1,6,0,0,40,97,0,0
2,98,18,2,1,2,8,7,1,1,7,1,0,167,213,0,0
2,165,1,3,3,10,8,1,0,0,0,0,0,0,0,1,100
2,51,99,3,3,13,8,51,1,1,1,1,0,159,93,0,103
2,284,210,2,1,13,8,42,1,1,3,0,0,8,14,0,0
2,179,73,3,3,2,4,47,1,1,1,1,0,34,234,0,103
1,112,66,3,3,6,3,0,0,0,0,1,0,34,40,1,100
1,69,163,3,3,11,8,64,1,0,0,1,0,69,0,1,100
2,283,81,2,1,1,8,72,1,0,0,0,2,56,0,0,102
1,214,65,2,1,7,4,5,0,0,0,0,0,67,85,1,2
2,35,143,2,1,11,8,25,1,0,0,1,0,147,108,0,0
2,70,45,3,3,1,8,14,0,0,0,1,0,8,41,1,100
2,204,66,2,1,6,3,0,0,0,0,0,0,0,149,1,2
1,349,81,2,1,4,8,64,1,0,0,1,0,80,0,1,2
1,60,172,2,1,2,8,6,0,0,0,1,0,34,0,1,2
1,128,12,2,1,11,8,15,1,1,4,0,0,159,0,0,0
2,163,198,2,1,4,8,64,1,1,9,0,0,62,132,0,101
2,78,45,2,1,11,8,54,1,1,3,1,0,0,121,0,0
2,125,45,2,1,13,8,51,0,1,1,1,0,1,3,1,2
2,290,61,2,1,6,3,7,0,0,0,0,0,40,3,1,2
2,61,163,2,1,14,8,7,1,1,6,0,0,9,0,0,0
2,261,72,2,1,11,4,95,1,1,11,0,0,159,0,0,101
2,34,86,3,3,7,8,25,0,0,0,1,0,96,149,1,100
1,349,166,2,1,6,3,0,0,0,0,0,0,170,214,1,2
1,320,91,3,3,6,3,84,0,0,0,1,0,0,4,1,100
1,332,199,2,1,11,8,116,1,0,0,1,0,45,228,0,0
2,261,212,2,1,11,4,5,1,1,1,0,0,158,46,1,0
1,116,186,2,1,11,4,84,1,1,2,0,0,0,212,0,0
1,49,157,2,1,3,4,8,1,1,1,1,0,159,35,0,0
2,34,143,2,1,13,8,36,1,0,0,0,0,8,188,0,0
2,231,113,2,1,3,4,114,1,1,14,1,0,109,0,0,101
2,145,53,2,1,2,4,79,1,0,0,0,0,67,76,0,0
1,210,10,2,1,6,3,0,0,1,10,0,0,40,18,1,101
2,25,38,3,3,5,2,0,0,0,0,0,0,1,0,1,100
2,121,179,2,1,1,1,6,0,0,0,1,0,154,0,1,2
2,322,135,2,1,5,4,100,1,1,3,0,0,0,0,0,0
1,131,81,2,1,13,8,22,1,0,0,0,2,74,0,0,102
2,8,28,2,1,10,8,2,1,0,0,0,2,40,0,1,102
2,64,27,2,1,2,4,50,0,0,0,1,0,10,0,0,2
1,123,45,2,1,10,8,46,1,0,0,0,2,97,0,1,102
1,91,188,2,1,11,4,36,0,0,0,0,0,74,1,1,2
1,151,42,2,1,13,4,1,0,1,3,0,0,0,28,1,2
2,31,0,2,1,11,8,17,0,0,0,0,0,23,1,1,2
2,242,60,3,3,14,4,114,1,0,0,1,0,32,0,1,100
2,177,65,3,3,13,8,100,0,0,0,1,0,74,0,1,100
2,33,51,3,3,2,8,53,0,0,0,1,0,5,6,1,100
2,229,48,2,1,2,8,36,1,1,10,0,0,36,211,0,101
1,338,191,2,1,6,3,0,1,1,11,1,0,0,170,0,101
1,164,72,3,3,8,5,0,0,0,0,0,0,23,20,1,100
2,90,39,2,1,2,8,6,0,0,0,0,0,4,0,1,2
1,89,33,3,3,6,3,13,1,1,3,0,0,34,64,1,103
2,41,122,2,1,2,8,13,0,0,0,0,0,0,0,1,2
1,270,159,2,1,11,8,84,1,1,7,1,0,0,0,0,0
2,113,68,3,3,3,8,89,1,1,1,0,0,47,0,0,103
2,123,54,2,1,14,4,25,1,1,4,0,0,15,223,0,0
2,125,32,3,3,4,4,64,0,0,0,0,0,32,116,1,100
1,274,184,2,1,7,1,88,1,1,9,1,0,0,0,0,101
2,96,114,2,1,2,8,25,1,1,3,0,0,0,0,0,0
1,68,110,2,1,11,8,59,1,1,7,0,0,11,201,0,0
1,132,32,2,1,11,8,25,1,1,2,1,0,26,114,1,2
2,58,26,3,3,3,8,17,0,0,0,0,0,23,0,1,100
2,114,36,2,1,14,4,30,1,0,0,0,0,0,215,0,0
1,3,19,2,1,2,4,36,1,1,2,0,0,1,0,0,0
1,301,118,2,1,7,1,66,0,0,0,1,0,155,0,1,2
2,6,25,2,1,2,8,42,1,1,5,1,0,94,129,0,0
2,172,72,2,1,4,8,4,0,0,0,1,0,8,0,1,2
2,256,88,2,1,1,8,1,0,0,0,0,0,3,49,1,2
2,89,185,3,3,1,8,1,0,0,0,1,0,8,112,1,100
0,128,19,2,1,1,8,1,0,0,0,0,0,67,150,1,2
2,188,69,2,1,7,1,57,0,0,0,1,0,58,76,1,2
1,93,39,2,1,6,3,0,1,0,0,0,0,159,0,1,2
1,305,122,2,1,1,4,64,0,0,0,0,0,0,0,1,2
2,71,66,3,3,2,4,59,1,0,0,0,0,0,0,0,100
0,269,32,2,1,11,8,3,0,0,0,1,0,68,0,1,2
1,9,8,2,1,1,8,3,0,0,0,0,0,40,1,1,2
2,187,2,3,3,10,1,1,1,1,1,1,0,74,179,0,103
1,75,172,2,1,14,4,13,1,1,2,1,0,80,118,0,0
1,203,32,2,1,2,8,46,1,1,11,0,0,0,110,0,101
1,200,174,2,1,11,4,123,1,1,8,0,0,0,220,0,101
2,42,9,2,1,11,8,3,0,0,0,0,0,40,0,1,2
2,148,118,2,1,3,8,67,1,1,8,0,0,88,157,0,101
2,22,108,2,1,9,8,13,1,0,0,0,0,159,0,0,2
2,340,108,2,1,5,9,120,1,1,1,1,0,0,0,0,0
1,60,51,3,3,8,5,0,0,0,0,0,0,23,0,1,100
2,250,14,2,1,2,4,5,1,1,6,0,0,51,146,0,0
1,90,22,2,1,1,4,42,1,0,0,0,0,111,0,1,2
2,24,5,2,1,4,8,6,0,0,0,1,2,74,0,1,102
2,71,159,2,1,11,4,32,1,0,0,0,0,1,0,0,2
1,69,134,3,3,14,8,56,0,0,0,0,0,25,0,0,100
1,97,186,3,3,6,3,46,0,1,1,1,0,40,1,1,100
1,306,195,2,1,2,8,92,1,1,14,0,0,0,187,0,101
2,331,192,2,1,6,3,129,1,1,15,1,0,0,149,0,101
2,199,199,3,3,2,8,75,1,0,0,0,0,159,0,1,100
2,208,25,3,3,4,8,15,0,0,0,0,0,61,3,1,100
2,140,18,2,1,13,8,7,0,1,1,0,0,90,197,1,2
2,113,51,3,3,2,8,25,1,1,5,1,0,23,217,0,103
2,101,11,2,1,9,4,72,0,0,0,1,0,90,0,1,2
2,48,106,2,1,11,8,9,1,1,1,0,0,23,0,1,2
2,187,65,2,1,2,8,25,0,0,0,0,0,128,16,1,2
2,78,86,2,1,2,1,6,1,0,0,1,0,23,0,0,2
1,267,95,2,1,9,4,25,0,0,0,1,2,61,0,1,102
1,239,127,3,3,11,4,107,1,1,14,0,0,0,191,0,101
1,121,192,2,1,14,4,66,1,1,1,0,0,8,11,0,0
1,184,25,2,1,9,1,25,1,1,3,1,0,48,0,1,2
2,114,54,2,1,4,8,19,0,0,0,1,0,159,0,1,2
2,79,45,2,1,2,4,34,1,0,0,0,0,117,76,0,2
2,124,40,2,1,9,4,6,0,0,0,1,2,15,0,1,102
2,282,84,2,1,7,1,25,0,0,0,0,0,1,2,1,2
2,197,80,2,1,2,4,108,0,0,0,1,0,0,0,1,2
1,107,137,2,1,1,8,34,1,0,0,0,0,23,65,0,2
1,71,25,2,1,2,8,46,0,1,2,1,0,40,106,1,2
2,257,39,2,1,10,8,122,0,1,1,1,0,94,53,1,2
1,59,168,3,3,8,5,0,1,1,11,1,0,0,0,0,103
2,329,69,2,1,13,8,42,1,1,5,1,0,147,38,0,0
2,141,98,2,1,10,8,46,0,1,1,1,0,128,42,1,2
2,124,19,3,3,3,8,6,1,1,2,0,0,67,114,0,103
2,76,65,2,1,6,3,2,0,0,0,1,0,1,208,1,2
2,88,178,2,1,11,4,38,1,0,0,1,0,8,0,0,2
1,225,45,2,1,6,3,0,0,0,0,0,0,157,0,1,2
2,35,162,2,1,2,1,15,0,1,2,1,0,40,7,1,2
2,64,167,2,1,9,8,38,0,0,0,1,0,1,160,1,2
1,95,66,3,3,1,8,6,1,0,0,1,0,99,0,0,103
2,230,143,2,1,10,8,98,1,1,14,0,0,61,210,0,101
2,126,72,2,1,13,8,19,0,0,0,1,0,80,41,1,2
2,66,15,2,1,9,8,3,0,0,0,1,0,74,37,1,2
2,48,28,3,3,2,8,46,0,0,0,1,2,61,0,1,102
2,188,105,2,1,13,8,2,0,0,0,1,0,77,6,0,2
1,154,174,2,1,2,8,46,1,1,1,0,0,51,19,0,0
1,32,140,3,3,2,8,25,1,1,4,1,0,159,114,0,103
0,89,182,2,1,2,1,83,1,1,2,0,0,155,109,0,0
1,140,35,3,3,14,8,25,0,0,0,0,0,74,13,1,100
1,140,15,2,1,9,8,14,1,1,4,0,0,103,114,0,0
1,31,143,2,1,13,8,39,1,1,6,1,0,110,124,0,0
2,198,94,2,1,14,4,94,0,0,0,1,2,153,0,0,102
2,95,50,2,1,14,8,40,1,1,1,1,0,107,20,0,0
1,89,16,2,1,11,4,36,1,0,0,0,0,74,140,0,0
2,198,65,2,1,9,8,80,1,1,7,0,0,19,164,0,0
2,238,207,2,1,5,9,130,1,1,11,0,0,0,157,0,101
2,349,1,3,3,4,8,77,0,0,0,1,0,128,0,1,100
2,102,59,3,3,1,8,75,1,0,0,0,0,37,0,1,100
1,118,39,2,1,6,3,0,0,1,1,0,0,163,93,1,2
2,236,101,2,1,7,1,5,0,0,0,0,0,143,0,1,2
1,127,195,3,3,5,9,0,1,0,0,0,0,0,231,0,103
2,256,72,2,1,7,1,25,1,0,0,0,0,0,76,1,2
2,336,17,2,1,2,8,15,1,1,3,1,0,34,0,1,2
2,70,151,2,1,14,8,1,1,1,9,0,0,147,107,0,101
2,135,37,2,1,9,8,13,1,0,0,0,2,74,0,1,102
2,252,33,2,1,13,8,84,1,1,6,1,0,136,227,0,0
2,144,39,3,3,9,8,6,0,0,0,0,0,53,0,1,100
2,71,5,2,1,2,5,51,0,0,0,1,2,0,0,0,102
2,9,88,2,1,7,4,10,0,0,0,1,0,8,0,1,2
1,78,113,2,1,11,8,69,1,1,10,0,0,8,84,0,101
2,138,194,2,1,1,8,85,1,1,5,1,0,27,0,0,0
2,199,76,2,1,14,4,73,1,0,0,1,0,151,0,1,2
2,75,25,2,1,10,8,13,1,0,0,1,2,86,0,1,102
1,46,28,2,1,11,8,38,1,1,1,0,0,0,0,0,0
2,84,19,3,3,3,4,3,0,0,0,0,0,61,1,1,100
2,69,168,3,3,10,8,36,0,0,0,1,0,0,205,1,100
1,42,39,2,1,2,8,0,0,0,0,0,0,0,0,1,2
1,81,138,2,1,11,8,109,1,1,5,1,0,8,0,0,0
1,82,27,2,1,11,8,10,0,1,1,1,0,40,11,1,2
2,182,11,3,3,3,8,2,0,0,0,0,0,34,0,1,100
2,94,166,2,1,2,8,57,1,1,17,0,0,40,158,0,101
1,212,97,2,1,6,3,0,0,0,0,0,0,23,0,1,2
2,240,101,2,1,2,8,84,1,1,7,0,0,0,200,0,0
2,134,141,2,1,11,4,93,1,1,6,0,0,104,70,0,0
1,241,150,2,1,11,4,42,1,0,0,0,0,76,142,0,0
2,163,27,2,1,14,8,32,1,1,8,1,0,81,202,0,101
1,218,108,2,1,11,8,3,1,0,0,1,0,55,0,0,2
2,147,33,3,3,7,1,13,1,1,10,1,0,13,26,1,103
2,194,195,2,1,12,6,91,1,1,9,1,0,0,60,0,101
2,243,1,2,1,5,8,1,0,1,1,0,2,145,0,0,102
2,26,158,3,3,1,8,3,1,0,0,0,0,8,104,1,100
2,21,5,2,1,11,6,5,0,0,0,0,0,40,31,0,2
2,125,86,3,3,7,4,94,1,1,2,1,0,156,0,1,103
2,31,13,3,3,2,8,4,0,1,1,0,0,40,1,1,100
1,119,10,2,1,10,4,3,0,1,1,1,0,70,51,1,2
2,34,0,3,3,10,1,0,0,0,0,1,2,136,1,0,102
2,298,1,2,1,14,4,1,1,0,0,0,0,0,199,0,0
2,349,86,2,1,14,8,84,1,1,3,1,0,77,189,0,0
1,265,0,2,1,2,8,57,1,0,0,0,0,0,0,0,2
2,119,47,2,1,3,4,43,1,1,12,1,0,146,130,0,101
2,244,39,3,3,13,8,6,0,0,0,0,0,0,74,1,100
1,89,63,3,3,2,8,0,0,0,0,0,0,8,0,1,100
2,176,65,2,1,1,8,42,0,1,2,1,0,154,0,1,2
1,34,136,2,1,3,4,19,1,1,7,0,0,167,0,0,0
1,92,94,2,1,13,8,25,0,0,0,1,0,96,6,1,2
2,77,0,0,0,0,0,0,0,0,0,0,1,170,0,0,102
1,167,114,2,1,4,8,30,0,0,0,0,0,70,0,1,2
2,90,179,2,1,13,8,23,1,0,0,1,0,67,0,1,2
2,233,48,2,1,2,8,36,0,0,0,0,0,0,95,1,2
2,236,117,2,1,11,8,1,1,1,1,0,0,40,93,0,0
1,24,150,2,1,13,8,25,0,1,1,0,0,8,1,1,2
0,140,54,3,3,5,4,46,0,0,0,0,0,66,17,1,100
2,213,86,2,1,2,1,84,1,0,0,1,2,74,0,1,102
2,28,111,2,1,4,8,14,0,0,0,0,0,8,0,1,2
1,50,135,2,1,2,8,4,0,0,0,0,0,0,101,1,2
1,278,131,2,1,5,1,98,1,1,6,0,0,102,238,0,0
2,92,69,2,1,2,8,51,1,1,6,0,0,170,124,0,0
2,49,103,3,3,8,8,7,0,0,0,0,0,15,73,1,100
2,41,39,3,3,9,8,3,0,0,0,0,0,15,4,1,100
1,178,96,2,1,11,4,39,1,1,2,0,0,0,0,0,0
2,122,55,3,3,1,8,46,1,1,3,1,0,99,119,0,103
2,122,77,3,3,11,4,86,0,1,2,1,0,98,1,1,100
1,39,8,2,1,11,4,7,1,1,11,0,0,159,48,0,101
2,168,86,2,1,10,8,57,1,0,0,1,0,96,0,0,0
1,152,118,2,1,2,1,75,1,1,7,1,0,0,200,0,0
0,254,51,3,3,0,0,0,0,0,0,1,0,19,1,1,100
1,26,140,2,1,11,8,29,1,1,4,0,0,147,117,0,0
0,111,68,3,3,0,0,2,0,0,0,0,2,159,0,1,102
2,240,45,2,1,7,1,0,0,0,0,0,2,80,0,1,102
2,175,65,2,1,3,4,62,1,1,6,0,0,23,182,0,0
2,207,57,3,3,13,8,2,1,1,1,0,0,135,156,0,103
1,66,39,3,3,6,3,70,0,0,0,0,0,74,0,1,100
2,125,46,2,1,13,8,73,1,1,5,1,0,1,3,0,0
1,101,0,0,0,0,0,0,0,0,0,0,1,170,0,0,102
1,82,19,3,3,6,3,3,0,0,0,0,0,8,45,1,100
2,214,67,2,1,3,8,4,0,0,0,1,0,0,115,1,2
2,53,9,3,3,2,4,6,0,0,0,0,0,74,77,1,100
2,61,46,2,1,9,8,2,0,0,0,1,0,95,0,1,2
1,133,49,2,1,11,8,55,1,0,0,1,0,122,0,1,2
2,78,32,2,1,2,8,22,1,0,0,0,2,80,0,0,102
2,123,25,2,1,11,4,4,0,0,0,1,0,51,87,1,2
2,115,17,2,1,9,3,0,0,0,0,0,0,1,0,1,2
2,141,94,2,1,13,8,103,1,1,2,1,0,88,0,0,0
1,83,24,2,1,13,8,6,0,1,1,1,0,61,4,1,2
2,81,76,3,3,9,8,10,0,1,1,1,0,74,44,1,100
2,72,163,2,1,11,8,57,1,1,7,1,0,1,139,0,0
2,84,21,2,1,2,8,4,0,0,0,0,0,1,0,0,2
2,311,142,2,1,6,3,124,1,1,11,1,0,79,93,0,101
2,299,195,2,1,2,8,109,1,1,9,0,0,0,0,0,101
2,8,0,3,3,1,8,6,0,0,0,0,0,147,0,1,100
2,108,28,2,1,3,8,28,0,0,0,0,0,1,0,1,2
1,180,65,3,3,2,8,57,0,0,0,1,0,0,2,1,100
2,345,200,2,1,6,3,0,1,0,0,1,0,0,0,0,2
2,36,125,2,1,10,8,1,0,1,1,0,0,1,1,1,2
0,179,60,3,3,3,8,72,0,0,0,1,0,40,62,1,100
2,186,103,3,3,7,1,27,0,0,0,1,0,131,0,1,100
1,6,11,2,1,6,3,0,0,1,1,0,0,23,58,1,2
2,48,13,2,1,2,8,3,0,0,0,0,0,0,34,1,2
2,193,34,2,1,10,8,28,0,0,0,0,2,73,0,1,102
2,246,101,2,1,11,4,84,1,1,6,1,0,130,0,0,0
1,82,168,3,3,9,4,64,0,0,0,1,0,39,16,1,100
1,271,86,2,1,8,5,0,1,0,0,0,0,1,147,0,0
2,286,91,2,1,10,8,3,1,0,0,1,0,54,0,0,2
2,142,43,2,1,13,4,19,1,1,1,0,0,61,49,0,0
2,1,122,2,1,5,8,25,0,0,0,0,0,148,0,1,2
2,113,193,2,1,7,1,0,0,0,0,1,0,33,0,1,2
2,305,118,2,1,9,8,97,1,1,15,0,0,0,230,0,101
1,47,173,2,1,2,4,95,1,0,0,0,0,90,0,0,0
2,217,0,0,0,0,0,0,0,0,0,0,1,170,0,0,102
2,183,39,2,1,13,8,28,0,0,0,0,0,8,0,1,2
1,38,21,2,1,13,8,40,0,0,0,0,0,51,5,1,2
2,156,0,2,1,13,8,30,1,1,1,0,0,42,0,0,0
2,255,100,3,3,13,8,68,1,0,0,1,0,140,172,0,103
2,79,170,3,3,13,8,22,1,0,0,1,0,23,93,0,103
2,179,32,2,1,14,8,19,1,1,7,1,0,90,206,0,0
2,37,145,2,1,1,8,20,0,0,0,0,0,159,100,1,2
2,205,201,2,1,13,8,2,0,0,0,0,0,86,204,1,2
2,212,4,3,3,2,8,36,0,0,0,1,0,58,54,0,100
2,186,108,3,3,2,8,36,0,0,0,1,0,147,0,1,100
2,12,78,2,1,7,8,8,0,0,0,1,0,15,2,1,2
2,327,68,2,1,2,8,55,0,0,0,1,0,86,0,1,2
2,61,9,2,1,4,4,17,1,0,0,1,0,0,0,0,2
2,347,209,2,1,5,9,119,1,1,1,1,0,0,52,0,0
2,66,138,2,1,1,8,2,0,0,0,0,0,0,0,1,2
2,237,118,2,1,1,1,72,1,1,1,0,0,0,114,0,0
2,349,12,2,1,4,8,23,1,0,0,1,2,164,0,1,102
2,297,150,2,1,7,1,0,1,1,11,0,0,0,162,0,101
2,129,104,2,1,14,8,83,1,1,2,0,0,116,7,0,0
1,243,55,3,3,11,4,3,1,1,20,1,0,127,161,0,101
2,211,77,2,1,11,4,112,1,0,0,1,0,2,126,0,0
2,80,19,2,1,2,4,2,1,0,0,0,0,34,0,1,2
2,339,163,2,1,5,9,130,1,1,7,1,0,50,0,0,0
2,38,19,2,1,6,3,0,0,1,3,0,0,93,136,1,2
2,259,12,3,3,2,8,9,1,1,8,1,0,80,69,0,103
1,20,154,2,1,6,3,0,0,0,0,0,0,0,35,1,2
2,62,17,3,3,14,8,1,1,1,1,1,0,160,39,0,103
1,49,144,2,1,7,8,1,0,0,0,0,0,40,149,1,2
2,182,69,2,1,10,8,77,1,1,6,0,0,43,0,0,0
2,46,0,0,0,0,0,0,0,0,0,0,1,170,0,1,102
2,134,192,2,1,4,8,3,0,0,0,0,0,0,92,1,2
2,304,45,2,1,4,8,73,0,0,0,1,0,0,100,1,2
2,126,54,2,1,9,4,76,1,1,2,1,0,35,0,0,0
2,279,10,2,1,2,1,125,1,1,19,0,0,0,232,0,101
1,146,106,2,1,5,2,51,1,1,5,1,0,169,114,0,0
2,291,128,2,1,7,1,104,1,1,15,1,0,0,212,0,101
1,273,15,2,1,3,4,10,1,1,11,1,0,122,6,0,101
1,46,159,3,3,14,4,0,0,0,0,1,0,21,27,1,100
2,94,174,2,1,9,8,51,1,1,2,1,0,8,5,1,2
2,114,94,3,3,2,1,57,0,0,0,0,0,40,159,1,100
2,36,45,3,3,3,8,46,1,0,0,1,0,1,20,1,100
1,108,54,2,1,8,5,0,0,0,0,1,0,72,1,1,2
1,333,101,2,1,1,8,75,1,1,4,0,0,0,48,0,0
1,133,84,2,1,2,8,6,0,1,1,1,0,110,66,1,2
2,76,168,2,1,7,8,72,1,1,9,0,0,144,133,0,101
1,122,72,2,1,10,8,63,0,1,1,1,0,74,10,1,2
1,344,0,0,0,0,0,0,0,0,0,0,1,170,0,0,102
2,240,78,2,1,10,8,72,0,0,0,1,2,111,0,1,102
2,39,150,3,3,9,4,22,1,0,0,1,0,15,0,1,100
2,23,155,2,1,2,4,27,0,0,0,0,0,86,13,1,2
1,71,26,2,1,7,8,2,0,0,0,0,0,17,0,1,2
2,195,65,3,3,13,8,64,0,0,0,0,2,40,0,1,102
0,170,45,2,1,2,8,6,0,0,0,1,0,101,57,1,2
2,216,28,2,1,5,8,1,0,0,0,0,0,8,5,1,2
2,173,138,3,3,13,4,89,1,0,0,1,0,21,0,0,103
2,37,10,2,1,9,8,7,0,0,0,0,0,74,102,1,2
2,46,35,2,1,11,8,36,0,0,0,0,0,3,7,1,2
1,62,171,2,1,9,4,2,0,0,0,0,0,86,5,1,2
2,102,10,3,3,2,8,36,0,0,0,1,0,23,0,1,100
2,109,46,2,1,13,8,3,0,0,0,0,0,1,0,1,2
2,247,46,2,1,7,1,72,0,0,0,0,0,49,0,0,2
1,20,17,2,1,2,8,42,0,1,1,1,0,159,5,1,2
1,32,138,2,1,1,8,19,1,1,2,0,0,162,123,0,0
2,139,39,2,1,2,4,6,0,1,2,1,0,111,51,1,2
2,235,16,2,1,10,8,6,1,0,0,0,2,75,0,1,102
1,5,5,2,1,1,8,25,0,1,2,1,0,86,1,1,2
1,133,82,2,1,7,1,13,1,0,0,1,0,30,0,1,2
2,10,4,2,1,2,8,4,0,0,0,0,0,13,0,1,2
2,100,12,2,1,10,8,6,1,1,3,0,0,67,233,0,0
2,165,65,2,1,1,8,103,1,0,0,1,0,142,0,1,2
2,139,39,2,1,13,8,42,0,0,0,0,0,40,0,1,2
2,260,101,2,1,7,1,51,0,0,0,1,0,16,0,1,2
1,245,32,2,1,7,1,51,1,0,0,1,0,0,93,0,0
1,37,5,2,1,11,8,1,0,0,0,1,0,103,0,1,2
2,190,91,2,1,7,1,70,1,1,2,0,0,71,125,0,0
2,119,49,2,1,3,4,86,1,1,9,0,0,109,141,0,101
2,136,12,2,1,2,8,7,0,0,0,0,0,51,61,1,2
2,233,91,2,1,2,1,98,1,1,16,0,0,7,159,0,101
1,349,45,2,1,6,3,0,0,1,2,1,0,40,50,1,2
2,103,16,2,1,2,8,35,1,1,5,1,0,84,0,0,0
2,330,46,2,1,11,8,3,1,0,0,1,0,67,0,0,2
2,334,182,3,3,2,4,84,1,0,0,0,0,5,0,1,100
2,136,195,2,1,2,4,90,1,1,11,0,0,0,190,0,101
2,133,83,2,1,1,8,6,0,0,0,1,0,1,0,1,2
1,195,39,3,3,7,4,13,0,0,0,1,0,23,0,1,100
2,69,4,3,3,9,8,3,0,0,0,0,0,40,43,1,100
1,326,206,2,1,7,1,114,1,1,13,0,0,0,221,0,101
1,72,116,2,1,1,8,4,0,0,0,0,0,51,149,1,2
2,196,65,2,1,13,8,0,1,0,0,1,0,59,76,0,2
1,30,126,2,1,11,8,61,1,1,5,0,0,170,235,0,0
2,57,147,2,1,2,8,6,1,0,0,0,0,15,0,1,2
2,106,32,2,1,11,8,42,1,0,0,1,0,74,0,0,2
2,248,51,2,1,9,8,5,1,0,0,0,0,23,0,1,2
1,180,72,3,3,1,8,46,0,0,0,0,0,34,0,1,100
1,228,86,2,1,2,8,64,0,0,0,0,0,131,0,1,2
2,349,159,2,1,14,8,98,1,0,0,0,0,0,0,0,0
1,185,47,3,3,6,3,0,1,0,0,0,0,86,0,1,100
1,169,44,2,1,13,8,27,1,1,16,0,0,8,183,0,101
1,28,150,2,1,4,8,10,0,0,0,0,0,159,33,1,2
1,68,166,3,3,14,4,19,1,1,4,0,0,0,96,0,103
2,181,51,2,1,14,4,80,1,1,4,1,0,64,143,0,0
2,83,174,2,1,2,8,48,0,0,0,0,2,159,0,1,102
2,117,25,2,1,2,4,77,1,1,3,1,0,84,65,0,0
2,288,135,2,1,2,4,118,1,1,9,0,0,35,176,0,101
1,153,160,2,1,11,4,2,0,1,12,1,0,11,3,1,101
1,80,26,3,3,11,8,36,1,1,2,1,0,159,108,0,103
1,11,16,2,1,7,8,4,0,1,6,1,0,61,29,1,2
1,69,135,2,1,11,8,42,1,1,10,0,0,159,148,1,101
1,57,114,2,1,1,8,57,1,1,3,0,0,159,145,0,0
2,267,135,2,1,3,4,123,1,1,1,1,0,162,179,0,0
2,173,108,2,1,11,4,92,1,1,12,1,0,112,149,0,101
2,85,29,2,1,10,8,2,0,1,4,0,0,65,178,1,2
1,149,108,2,1,9,8,92,0,0,0,1,2,1,0,1,102
2,75,25,2,1,10,8,13,0,0,0,1,2,86,0,1,102
1,48,72,2,1,11,8,4,1,1,3,0,0,1,6,0,0
2,88,54,2,1,5,2,4,0,1,2,0,0,86,165,1,2
2,23,64,2,1,2,6,24,0,1,2,1,0,23,122,1,2
2,242,16,3,3,10,8,13,0,0,0,1,0,12,0,1,100
2,43,109,2,1,13,8,41,1,0,0,0,2,8,0,0,102
2,316,214,3,3,2,8,131,1,1,21,0,0,0,15,0,101
2,15,118,2,1,7,8,3,0,0,0,0,0,147,49,1,2
2,64,62,2,1,9,8,19,0,0,0,0,0,34,0,1,2
2,287,118,2,1,11,4,95,1,0,0,1,0,93,0,0,0
2,300,72,3,3,6,3,36,0,0,0,0,0,34,4,1,100
2,205,14,3,3,13,8,7,0,0,0,1,0,82,2,1,100
2,150,16,2,1,4,4,2,0,0,0,1,2,63,0,1,102
2,195,86,2,1,4,1,118,1,0,0,1,0,170,0,1,2
1,74,39,2,1,11,8,6,0,0,0,1,0,8,139,1,2
1,75,53,2,1,8,5,0,0,1,1,0,0,40,36,1,2
1,198,84,2,1,6,3,0,0,1,6,0,0,0,76,1,2
2,211,92,3,3,9,8,6,1,1,10,1,0,86,0,0,103
2,91,17,2,1,10,8,25,0,0,0,1,0,8,1,1,2
2,244,87,2,1,3,4,100,1,1,8,0,0,86,0,0,101
2,266,122,3,3,2,8,39,0,0,0,0,0,23,2,1,100
2,275,112,2,1,13,8,92,0,0,0,0,0,129,65,1,2
2,7,1,2,1,2,8,1,0,0,0,0,0,0,0,0,2
1,239,132,3,3,9,8,4,0,1,2,0,0,170,18,1,100
2,144,81,2,1,2,8,4,0,0,0,0,0,49,0,1,2
2,303,42,3,3,2,4,113,1,0,0,1,0,40,49,1,100
1,98,56,2,1,2,4,62,1,0,0,1,0,96,1,1,2
1,10,39,2,1,11,8,6,0,1,1,0,0,3,47,1,2
2,207,85,2,1,13,8,28,1,0,0,1,0,40,0,1,2
1,22,12,1,2,3,3,114,0,0,0,1,2,80,0,0,102
1,69,13,2,1,7,8,8,0,0,0,1,2,17,0,1,102
1,289,45,2,1,8,5,0,1,0,0,1,0,1,25,1,2
2,116,60,2,1,7,1,13,0,0,0,1,0,150,205,1,2
2,57,168,2,1,7,8,13,1,0,0,1,0,1,42,1,2
1,87,65,3,3,7,1,80,0,0,0,0,0,40,110,1,100
2,12,9,2,1,11,8,8,0,1,4,0,0,23,8,1,2
2,282,115,2,1,9,8,1,0,0,0,0,0,0,195,0,2
0,143,21,2,1,13,8,6,0,0,0,1,0,80,0,1,2
1,34,19,3,3,1,8,15,1,0,0,1,0,23,0,1,100
2,300,55,3,3,6,3,36,0,0,0,0,0,8,1,1,100
1,85,16,2,1,11,4,30,1,1,1,0,0,0,127,0,0
2,264,163,3,3,4,8,36,1,0,0,0,2,0,0,1,102
1,45,150,2,1,2,4,25,1,1,4,0,0,135,173,0,0
1,91,179,2,1,1,8,36,1,1,12,1,0,8,120,0,101
2,11,11,3,3,9,8,7,0,0,0,0,2,40,0,1,102
2,226,51,2,1,9,8,13,0,0,0,1,0,80,2,1,2
2,189,72,2,1,3,4,102,1,0,0,1,0,0,0,0,0
1,178,48,2,1,4,8,14,0,0,0,1,0,0,0,1,2
2,219,153,2,1,14,8,57,1,1,6,0,0,141,75,0,0
2,244,41,2,1,4,8,4,0,0,0,0,0,27,0,1,2
1,313,124,2,1,9,4,99,1,1,3,1,0,1,35,1,0
2,110,184,2,1,5,2,0,0,0,0,1,0,15,155,1,2
2,197,65,2,1,7,8,25,0,0,0,1,0,46,0,1,2
1,337,5,2,1,6,3,0,1,1,1,0,0,58,49,0,0
2,188,139,2,1,2,8,80,1,1,12,1,0,0,79,0,101
1,276,25,2,1,11,4,62,1,1,1,0,0,89,144,0,0
2,41,164,2,1,2,8,46,0,0,0,1,0,14,0,1,2
2,264,16,2,1,10,8,115,1,0,0,0,2,111,0,1,102
2,310,16,3,3,9,4,74,1,0,0,0,0,34,94,0,103
1,94,29,2,1,14,4,26,1,0,0,1,0,23,219,0,0
1,132,73,3,3,14,4,58,1,1,1,0,0,152,0,0,103
1,263,120,2,1,11,8,101,1,1,3,1,0,0,0,0,0
2,56,25,3,3,12,6,19,0,0,0,1,0,13,2,1,100
2,54,45,2,1,13,8,36,0,0,0,0,0,19,8,0,2
1,321,11,2,1,7,1,25,1,0,0,1,0,63,186,1,2
2,196,101,2,1,14,4,103,1,1,6,1,0,0,149,0,0
2,12,3,3,3,2,8,1,0,0,0,0,0,15,131,1,100
2,289,3,2,1,11,4,1,1,0,1,0,0,8,189,0,0
2,141,43,2,1,13,4,19,1,1,1,0,0,61,48,0,0
1,54,153,2,1,8,6,40,1,0,1,0,0,135,108,0,0
1,292,7,2,1,13,4,17,1,0,0,0,0,24,184,0,0
1,37,141,2,1,5,5,18,1,1,5,0,0,157,0,0,0
1,325,94,2,1,10,4,67,1,1,5,0,0,119,121,0,0
2,334,156,2,1,5,7,122,1,1,6,0,0,37,0,0,0
2,125,65,2,1,12,8,47,1,0,0,1,0,102,11,0,0
1,84,33,2,1,6,4,38,1,1,3,0,0,23,109,0,0
2,321,180,2,1,13,8,74,1,0,1,0,0,3,5,0,0
1,23,40,2,1,2,4,33,1,1,2,0,0,0,0,0,0
1,47,172,2,1,2,4,91,1,0,0,0,0,92,0,0,0
2,242,185,2,1,12,5,28,1,1,3,0,0,150,58,0,0
1,249,16,2,1,2,3,12,1,0,5,0,0,43,137,0,0
1,27,135,2,1,11,8,38,1,1,4,0,0,153,152,0,0
1,132,21,2,1,11,6,16,1,1,3,0,0,129,14,0,0
2,64,41,2,1,9,8,51,1,1,3,1,0,17,122,0,0
1,287,145,2,1,10,6,89,1,1,5,1,0,0,13,0,0
1,31,142,2,1,11,8,36,1,1,5,0,0,116,123,0,0
1,41,157,2,1,2,4,63,1,0,2,0,0,122,0,0,0
1,98,172,2,1,3,4,74,1,1,6,0,0,110,106,0,0
2,262,103,2,1,6,5,111,1,1,2,1,0,154,193,0,0
1,101,35,2,1,14,4,25,1,0,1,0,0,20,220,0,0
1,332,37,2,1,9,5,21,1,1,3,0,0,102,43,0,0
2,209,75,2,1,11,4,110,1,0,0,1,0,4,126,0,0
1,55,157,2,1,6,4,20,1,1,3,0,0,115,153,0,0
1,36,64,2,1,7,6,34,1,1,4,0,0,162,0,0,0
1,35,146,2,1,7,6,20,1,1,2,0,0,151,84,0,0
1,48,156,2,1,3,4,8,1,1,1,0,0,158,36,0,0
2,319,163,2,1,8,6,51,1,1,3,0,0,27,0,0,0
1,77,45,2,1,11,4,44,1,1,4,0,0,9,169,0,0
1,239,140,2,1,8,3,50,1,0,0,0,0,53,133,0,0
2,133,100,2,1,13,8,90,1,1,2,0,0,105,4,0,0
2,131,119,2,1,12,6,87,1,1,3,0,0,110,34,0,0
1,161,16,2,1,3,8,1,1,0,0,0,0,114,229,0,0
2,114,24,2,1,5,6,30,1,1,3,0,0,77,14,0,0
1,89,124,2,1,5,8,61,1,1,3,0,0,3,0,0,0
1,29,138,2,1,5,8,23,1,1,2,0,0,155,120,0,0
2,291,129,2,1,5,5,123,1,1,3,1,0,133,173,0,0
2,216,106,2,1,5,3,37,1,1,4,0,0,13,99,0,0
2,277,150,2,1,11,4,63,1,0,0,0,0,115,16,0,0
1,228,61,2,1,4,1,53,1,0,2,0,0,0,97,0,0
2,92,63,2,1,2,8,46,1,1,6,0,0,169,133,0,0
1,33,141,2,1,7,8,22,1,0,0,0,0,152,113,0,0
1,327,146,2,1,6,6,116,1,1,5,1,0,28,15,0,0
1,89,16,2,1,10,4,32,1,0,0,0,0,84,147,0,0
1,335,17,2,1,7,3,8,1,1,1,0,0,75,46,0,0
1,39,147,2,1,4,5,26,1,1,4,0,0,138,156,0,0
1,77,58,2,1,11,4,49,1,0,6,0,0,13,194,0,0
2,68,161,2,1,11,8,55,1,0,6,0,0,1,142,0,0
1,43,151,2,1,13,6,31,1,1,4,1,0,101,122,0,0
1,270,158,2,1,10,7,84,1,1,6,0,0,0,0,0,0
2,102,48,2,1,13,7,36,1,1,1,0,0,100,24,0,0
2,180,48,2,1,14,4,71,1,1,4,1,0,67,151,0,0
1,178,91,2,1,10,4,45,1,1,2,0,0,6,0,0,0
2,151,53,2,1,7,4,49,1,0,3,0,0,14,194,0,0
1,29,127,2,1,11,8,57,1,1,4,0,0,167,220,0,0
1,100,44,2,1,13,8,36,1,1,1,0,0,114,16,0,0
1,88,148,2,1,11,7,100,1,1,4,0,0,8,2,0,0
1,113,169,2,1,5,8,95,1,1,5,1,0,18,0,0,0
1,238,130,2,1,11,6,17,1,0,0,0,0,54,112,0,0
2,131,102,2,1,13,8,81,1,0,1,0,0,114,6,0,0
2,134,32,2,1,13,8,59,1,1,3,0,0,13,2,0,0
2,309,91,2,1,12,6,66,1,0,2,1,0,122,20,0,0
2,207,105,2,1,10,3,94,1,1,4,0,0,0,139,0,0
1,261,12,2,1,2,3,4,1,1,5,0,0,51,133,0,0
1,171,17,2,1,3,8,1,1,0,0,0,0,121,228,0,0
2,201,103,2,1,12,3,98,1,1,5,0,0,0,143,0,0
2,205,101,2,1,2,1,57,1,1,6,0,0,0,103,0,0
1,46,131,2,1,12,8,44,1,0,2,0,0,9,192,0,0
1,322,146,2,1,7,5,104,1,1,2,1,0,0,39,0,0
1,134,24,2,1,10,8,22,1,0,3,0,0,148,0,0,0
1,73,163,2,1,12,6,58,1,0,0,0,0,4,199,0,0
1,270,161,2,1,11,8,81,1,1,6,0,0,0,0,0,0
1,142,162,2,1,2,8,41,1,1,1,0,0,40,15,0,0
1,144,106,2,1,4,2,51,1,1,4,0,0,168,114,0,0
1,113,17,2,1,2,8,5,1,0,5,0,0,157,216,0,0
1,313,124,2,1,8,6,117,1,1,6,0,0,97,182,0,0
1,320,178,2,1,7,4,95,1,0,3,0,0,15,226,0,0
1,271,162,2,1,11,8,80,1,1,6,0,0,0,1,0,0
1,228,28,2,1,10,8,59,1,0,4,0,0,131,227,0,0
2,130,100,2,1,13,8,115,1,0,0,1,0,149,0,0,0
1,177,87,2,1,9,4,47,1,1,2,0,0,0,0,0,0
1,143,17,2,1,2,8,3,1,0,2,0,0,139,222,0,0
2,173,105,2,1,12,6,108,1,1,4,1,0,84,2,0,0
1,65,165,2,1,13,4,15,1,0,1,1,0,95,115,0,0
1,27,141,2,1,10,7,27,1,1,3,0,0,147,111,0,0
2,268,8,2,1,6,4,3,1,0,3,0,0,31,166,0,0
1,52,69,2,1,2,6,30,1,1,2,0,0,0,0,0,0
2,132,20,2,1,11,8,11,1,1,4,0,0,76,221,0,0
1,39,148,2,1,11,6,24,1,1,3,0,0,128,117,0,0
2,107,18,2,1,2,6,48,1,1,4,1,0,84,20,0,0
1,141,36,3,3,11,8,16,0,0,0,0,0,64,6,1,100
1,96,185,3,3,5,3,46,0,0,0,0,0,39,0,1,100
2,46,35,3,3,8,6,32,0,0,0,1,0,9,3,1,100
2,97,12,3,3,2,6,27,0,0,0,0,0,32,0,1,100
1,40,150,3,3,9,4,23,0,0,0,1,0,15,0,1,100
1,56,53,3,3,4,3,68,0,0,0,0,0,70,0,0,100
2,71,170,3,3,8,8,31,0,0,0,1,0,0,193,1,100
2,259,27,3,3,8,6,19,0,0,0,0,0,10,0,1,100
1,100,176,3,3,9,4,26,0,0,0,1,0,2,18,1,100
1,33,15,3,3,2,8,10,0,1,1,0,0,40,1,1,100
1,186,54,3,3,4,6,38,0,0,0,1,0,9,1,1,100
2,120,75,3,3,10,4,85,0,0,1,0,0,94,0,1,100
1,90,164,3,3,3,6,75,0,0,0,0,0,17,4,1,100
1,64,48,3,3,4,6,6,0,0,0,0,0,16,17,1,100
2,169,3,3,3,8,8,1,0,0,0,0,0,9,0,1,100
2,63,35,3,3,2,8,15,0,0,0,0,0,15,19,1,100
1,295,54,3,3,5,2,32,0,0,0,0,0,9,1,1,100
2,126,65,3,3,2,5,44,0,0,0,0,0,16,113,1,100
1,41,20,3,3,2,7,23,0,0,0,0,0,42,1,1,100
1,32,77,3,3,2,5,58,1,0,0,0,0,41,6,0,100
1,63,49,3,3,5,5,4,0,0,0,0,0,18,13,1,100
1,142,33,3,3,12,8,31,0,0,0,0,0,75,11,1,100
2,61,31,3,3,2,8,16,0,0,0,0,0,18,11,1,100
1,190,48,3,3,5,5,22,0,0,0,0,0,26,0,1,100
2,207,22,3,3,5,8,13,0,0,0,0,0,64,2,1,100
1,12,0,3,3,3,5,3,0,0,0,0,0,152,0,1,100
2,333,179,3,3,2,3,83,0,0,0,0,0,5,0,1,100
2,147,45,3,3,13,4,1,0,0,0,0,0,8,0,1,100
1,81,75,3,3,8,7,9,0,0,0,1,0,73,43,1,100
1,43,22,3,3,5,7,23,0,0,0,0,0,31,2,1,100
2,33,49,3,3,2,8,51,0,0,0,1,0,3,9,1,100
2,151,38,3,3,3,6,75,0,0,0,1,0,89,0,1,100
2,73,79,3,3,2,8,5,0,0,0,0,0,22,153,1,100
1,191,32,3,3,6,4,10,0,0,0,0,0,25,0,1,100
1,177,58,3,3,7,4,5,0,0,0,0,0,23,11,1,100
1,328,144,3,3,3,3,84,0,0,0,0,0,2,1,1,100
2,320,31,3,3,5,5,53,0,0,0,0,0,59,0,1,100
2,130,65,3,3,8,4,82,0,0,1,1,0,95,0,1,100
2,186,107,3,3,2,7,35,0,0,0,1,0,146,0,1,100
1,58,39,3,3,9,5,8,0,0,0,0,0,18,0,1,100
1,56,28,3,3,11,5,16,0,0,0,0,0,14,1,1,100
2,259,27,3,3,8,6,19,0,0,0,0,0,10,0,1,100
1,172,87,3,3,7,3,27,0,0,0,1,0,114,0,1,100
1,106,67,3,3,6,3,1,0,0,0,1,0,41,40,1,100
1,142,37,3,3,10,8,13,0,0,0,0,0,61,5,1,100
2,115,86,3,3,2,1,57,0,0,0,0,0,39,153,1,100
1,49,23,3,3,2,8,20,0,0,0,0,0,30,0,1,100
1,31,13,3,3,2,8,6,0,1,1,0,0,40,1,1,100
2,200,20,3,3,3,8,11,0,0,0,0,0,52,2,1,100
1,135,58,3,3,9,6,45,0,0,0,1,0,80,0,1,100
1,53,142,3,3,11,5,38,0,0,0,0,0,19,0,0,100
2,125,82,3,3,10,4,85,0,0,1,0,0,100,0,1,100
2,287,89,3,3,4,4,37,0,0,0,0,0,30,3,1,100
2,102,38,3,3,1,8,58,0,0,0,0,0,31,0,1,100
1,39,5,3,3,4,3,3,0,0,0,0,0,108,46,1,100
1,82,168,3,3,8,3,63,0,0,0,1,0,39,15,1,100
1,141,40,3,3,3,5,66,0,0,0,0,0,34,99,1,100
0,160,50,3,3,3,6,69,0,0,0,0,0,37,80,1,100
1,153,49,3,3,8,6,21,0,0,0,0,0,77,0,1,100
1,63,88,3,3,7,5,34,0,0,0,0,0,24,87,1,100
1,48,80,3,3,2,4,61,1,0,0,0,0,34,0,0,100
1,124,73,3,3,10,4,78,0,0,1,1,0,94,0,1,100
1,16,6,3,3,1,8,11,0,0,0,0,0,115,0,1,100
1,187,23,3,3,4,6,6,0,0,0,0,0,29,0,1,100
1,79,71,3,3,4,5,35,0,0,0,0,0,29,134,1,100
2,204,62,3,3,13,6,105,0,0,0,1,0,56,0,1,100
1,43,133,3,3,7,3,14,0,0,0,0,0,9,0,1,100
1,33,15,3,3,2,8,11,0,1,1,0,0,40,1,1,100
1,216,119,3,3,8,4,13,0,0,1,0,0,153,10,1,100
1,58,24,3,3,11,5,17,0,0,0,0,0,12,6,1,100
1,50,144,3,3,10,5,34,0,0,0,0,0,18,0,0,100
1,152,36,3,3,4,8,53,0,0,0,1,0,80,0,1,100
1,70,163,3,3,10,7,64,0,0,0,1,0,65,1,1,100
2,193,11,3,3,4,8,4,0,0,0,0,0,29,0,1,100
2,38,42,3,3,6,8,17,0,0,0,0,0,12,4,1,100
2,79,72,3,3,8,8,10,0,0,0,1,0,67,43,1,100
1,69,136,3,3,13,8,56,0,0,0,0,0,28,0,0,100
2,91,91,3,3,3,3,47,0,0,0,0,0,56,156,1,100
2,348,1,3,3,3,7,77,0,0,0,1,0,127,0,1,100
2,291,49,3,3,6,3,32,0,0,0,0,0,8,0,1,100
1,332,169,3,3,2,3,84,0,0,0,0,0,4,0,1,100
1,148,50,3,3,8,7,25,0,0,0,0,0,75,0,1,100
0,271,52,3,3,2,1,13,0,0,0,0,0,14,1,1,100
1,164,73,3,3,7,5,4,0,0,0,0,0,21,17,1,100
1,43,151,3,3,9,4,28,1,0,0,1,0,23,0,1,100
2,151,33,3,3,7,8,5,0,0,0,0,0,49,0,1,100
1,56,157,3,3,10,6,45,1,0,0,1,0,45,0,1,100
2,64,36,3,3,4,5,7,0,0,0,0,0,74,63,1,100
1,94,164,3,3,1,7,77,0,0,0,0,0,10,0,1,100
2,117,75,3,3,2,1,59,0,0,0,0,0,37,145,1,100
1,47,22,3,3,2,8,16,0,0,0,0,0,23,0,1,100
1,208,32,3,3,7,5,13,0,0,0,1,0,19,0,1,100
2,75,65,3,3,1,4,61,1,0,0,0,0,4,0,0,100
2,303,45,3,3,2,4,112,1,0,0,0,0,39,47,1,100
2,58,30,3,3,10,5,24,0,0,0,0,0,11,1,0,100
1,60,51,3,3,7,5,0,0,0,0,0,0,22,0,1,100
0,141,48,3,3,6,5,31,0,0,0,0,0,61,10,1,100
1,153,57,3,3,10,5,16,0,0,0,0,0,7,1,1,100
1,29,158,3,3,3,7,2,0,0,0,0,0,10,90,1,100
1,310,73,3,3,6,3,61,0,0,0,0,0,3,2,1,100
1,265,118,3,3,1,7,36,0,0,0,0,0,22,1,1,100
2,65,4,3,3,7,7,3,0,0,0,0,0,46,49,1,100
1,94,163,3,3,1,7,79,0,0,0,0,0,7,0,1,100
1,40,151,3,3,10,4,17,0,0,0,1,0,16,5,1,100
1,174,75,3,3,3,7,30,0,0,0,1,0,11,0,1,100
2,209,17,3,3,3,8,22,0,0,0,0,0,59,20,0,100
2,127,85,3,3,10,4,85,0,0,1,0,0,102,0,1,100
1,305,65,3,3,6,3,50,0,0,0,0,0,5,1,1,100
2,69,165,3,3,9,8,34,0,0,0,0,0,0,203,1,100
2,36,88,3,3,7,8,22,0,0,0,0,0,82,136,1,100
1,73,9,3,3,7,6,3,0,0,0,0,0,27,43,1,100
2,209,8,3,3,6,8,23,0,0,0,1,0,68,32,0,100
1,342,22,3,3,4,6,78,0,0,0,1,0,97,0,1,100
1,93,163,3,3,1,7,78,0,0,0,0,0,10,1,1,100
2,193,163,3,3,2,8,59,0,0,0,0,0,154,0,1,100
0,158,62,3,3,3,5,46,0,0,0,0,0,51,9,1,100
1,115,53,3,3,4,5,54,0,0,0,0,0,16,92,1,100
2,311,142,2,1,6,3,124,1,1,11,1,0,77,94,0,101
1,319,182,2,1,8,4,22,1,1,14,0,0,0,112,0,101
1,327,164,2,1,9,6,93,1,1,14,0,0,0,166,0,101
1,238,52,2,2,8,5,12,1,1,17,0,0,100,175,0,101
1,69,144,2,1,12,8,16,1,1,9,0,0,151,122,0,101
2,290,56,2,1,5,4,112,1,1,17,0,0,0,231,0,101
1,28,150,2,1,13,4,27,1,1,11,0,0,0,187,0,101
2,74,162,2,1,9,8,50,1,1,9,0,0,144,125,0,101
2,213,111,2,1,2,4,90,1,1,14,0,0,3,124,0,101
1,259,130,2,2,7,4,111,1,1,11,0,0,14,184,0,101
1,330,167,2,1,8,5,43,1,1,12,0,0,0,172,0,101
2,239,96,2,1,3,4,104,1,1,10,0,0,93,0,0,101
1,317,193,2,1,3,6,59,1,1,12,0,0,0,181,0,101
1,202,38,2,2,7,5,19,1,1,16,0,0,108,142,0,101
2,140,112,2,1,2,8,62,1,1,8,0,0,94,159,0,101
1,333,175,2,1,7,4,27,1,1,12,0,0,0,171,0,101
1,317,145,2,1,8,5,102,1,1,12,0,0,44,128,0,101
1,309,194,2,1,2,7,82,1,1,13,0,0,0,185,0,101
1,103,39,2,1,4,4,36,1,1,11,0,0,148,114,0,101
2,127,39,2,1,2,5,72,1,1,9,0,0,101,133,0,101
2,239,115,2,1,3,3,115,1,1,13,1,0,105,9,0,101
2,232,110,2,1,3,4,112,1,1,13,0,0,107,0,0,101
2,335,201,2,1,11,3,128,1,1,10,1,0,0,149,0,101
1,324,149,2,1,10,7,75,1,1,13,0,0,0,175,0,101
2,272,22,2,1,2,1,120,1,1,18,0,0,1,221,0,101
1,209,12,2,1,5,3,6,0,1,10,0,0,34,30,0,101
2,281,195,2,1,3,7,106,1,1,9,0,0,0,9,0,101
1,310,144,2,1,7,6,91,1,1,12,0,0,13,175,0,101
2,94,167,2,1,2,8,53,1,1,17,0,0,36,149,0,101
2,100,177,2,1,2,8,33,1,1,21,0,0,18,98,0,101
2,233,107,2,1,3,4,111,1,1,12,0,0,104,0,0,101
1,320,173,2,1,6,2,0,1,1,11,0,0,0,166,0,101
1,217,155,2,1,10,6,108,1,1,11,0,0,36,214,0,101
2,275,70,2,1,10,1,59,1,1,12,0,0,109,195,0,101
2,244,53,2,1,4,5,42,1,1,10,0,0,59,205,0,101
1,267,127,2,1,8,2,105,1,1,14,0,0,0,202,0,101
2,300,122,2,1,7,6,102,1,1,13,0,0,9,214,0,101
2,220,45,2,1,3,8,35,1,1,9,0,0,42,209,0,101
2,147,116,2,1,3,7,66,1,1,8,0,0,89,156,0,101
1,248,125,2,2,10,4,105,1,1,14,0,0,0,196,0,101
1,148,16,2,1,2,8,42,1,1,11,0,0,84,116,0,101
2,251,137,2,1,8,5,100,1,1,14,0,0,39,210,0,101
2,274,132,2,1,7,2,102,1,1,14,0,0,16,211,0,101
2,56,118,2,1,1,7,44,1,1,13,0,0,146,77,0,101
2,121,45,2,1,8,8,29,1,1,9,1,0,112,193,0,101
2,288,134,2,1,2,4,116,1,1,9,0,0,33,178,0,101
1,105,182,2,1,1,8,41,1,1,11,0,0,18,122,0,101
2,148,117,2,1,3,7,67,1,1,8,0,0,88,156,0,101
1,82,126,2,1,9,8,60,1,1,12,0,0,9,84,0,101
2,267,61,2,1,8,2,52,1,1,11,0,0,95,197,0,101
2,154,86,2,1,8,4,75,1,1,12,1,0,123,142,0,101
1,163,46,2,1,12,7,28,1,1,16,0,0,7,178,0,101
2,297,147,2,1,10,3,126,1,1,12,0,0,0,140,0,101
1,244,84,2,1,3,4,97,1,1,8,0,0,87,0,0,101
2,229,55,2,1,2,6,46,1,1,10,0,0,31,202,0,101
1,300,202,2,2,3,5,114,1,1,16,0,0,0,9,0,101
1,207,19,2,1,4,5,19,0,1,10,0,0,23,56,0,101
2,61,112,2,1,1,7,44,1,1,13,0,0,146,81,0,101
1,287,127,2,1,7,1,104,1,1,14,0,0,0,210,0,101
1,237,52,2,2,7,5,15,1,1,16,0,0,91,180,0,101
1,309,139,2,1,9,4,88,1,1,14,0,0,0,192,0,101
2,313,171,2,1,4,5,126,1,1,15,0,0,46,61,0,101
1,322,162,2,1,10,6,54,1,1,14,0,0,0,150,0,101
1,220,152,2,1,10,6,105,1,1,12,0,0,41,213,0,101
1,265,202,2,1,3,8,114,1,1,12,0,0,0,168,0,101
2,302,120,2,1,8,6,98,1,1,15,0,0,0,226,0,101
1,80,122,2,1,9,8,66,1,1,11,0,0,13,97,0,101
2,159,196,2,1,3,8,63,1,1,9,0,0,60,133,0,101
2,155,197,2,1,3,6,70,1,1,9,0,0,45,147,0,101
1,134,126,2,1,6,8,74,1,1,11,0,0,3,81,0,101
1,266,31,2,1,3,4,30,1,1,10,0,0,113,4,0,101
1,306,193,2,1,7,2,22,1,1,13,0,0,0,64,0,101
1,258,68,2,1,10,3,89,0,1,10,0,0,152,1,0,101
1,52,70,2,1,12,5,4,1,1,10,0,0,153,73,0,101
2,128,69,2,1,3,5,50,1,1,10,0,0,127,138,0,101
1,179,40,2,1,9,8,32,1,1,14,0,0,5,160,0,101
2,261,40,2,1,2,1,114,1,1,17,0,0,2,204,0,101
1,281,186,2,1,7,1,72,1,1,10,0,0,0,15,0,101
2,171,106,2,1,10,4,91,1,1,11,0,0,111,148,0,101
2,299,191,2,1,2,7,110,1,1,9,0,0,5,6,0,101
1,220,42,2,1,2,8,39,1,1,10,0,0,24,178,0,101
1,91,149,2,1,6,8,47,1,1,16,0,0,11,86,0,101
2,289,131,2,1,4,2,111,1,1,11,0,0,18,192,0,101
2,287,134,2,1,3,4,118,1,1,9,0,0,31,171,0,101
2,162,197,2,1,3,8,63,1,1,9,0,0,61,131,0,101
1,320,143,2,1,10,8,79,1,1,14,0,0,0,186,0,101
1,310,181,2,1,7,2,0,1,1,13,0,0,0,111,0,101
1,227,198,2,1,6,7,128,1,1,10,0,0,0,173,0,101
1,203,32,2,1,2,8,45,1,1,10,0,0,0,112,0,101
2,142,195,2,1,2,4,83,1,1,10,0,0,14,175,0,101
2,250,105,2,1,2,1,104,1,1,13,0,0,15,164,0,101
1,235,133,2,2,10,5,103,1,1,14,0,0,23,198,0,101
2,231,73,2,1,2,3,72,1,1,13,0,0,18,180,0,101
2,158,197,2,1,3,7,68,1,1,9,0,0,51,141,0,101
2,137,186,2,1,3,8,61,1,1,11,0,0,53,141,0,101
1,173,75,2,1,3,4,15,1,1,9,1,0,46,0,0,101
2,50,137,2,1,4,8,32,1,1,12,0,0,147,77,0,101
1,99,179,2,1,2,8,30,1,1,19,1,0,13,94,0,101
2,100,176,2,1,2,8,34,1,1,21,0,0,19,100,0,101
1,93,161,2,1,2,7,56,1,1,17,0,0,38,155,0,101
1,177,28,2,1,4,6,29,1,1,13,0,0,98,130,0,101
1,74,80,2,1,3,8,30,1,1,10,0,0,149,177,0,101
2,260,72,2,1,10,4,95,1,1,10,0,0,155,0,0,101
1,322,195,2,1,7,3,0,1,1,13,0,0,0,108,0,101
2,117,183,2,1,3,8,37,1,1,18,0,0,26,99,0,101
1,169,68,2,1,3,3,12,0,1,9,0,0,36,3,0,101
2,202,126,2,1,10,6,95,1,1,13,0,0,85,180,0,101
1,227,47,2,1,2,8,35,1,1,10,0,0,35,210,0,101
2,268,81,2,1,10,2,65,1,1,12,0,0,102,197,0,101
2,297,125,2,1,6,6,105,1,1,12,0,0,14,207,0,101
2,252,137,2,1,8,5,100,1,1,14,0,0,38,210,0,101
2,190,164,2,1,6,7,85,1,1,10,1,0,0,70,0,101
1,314,144,2,1,7,4,110,1,1,11,0,0,57,115,0,101
1,87,140,2,1,7,8,52,1,1,14,0,0,10,85,0,101
1,305,184,2,1,2,8,92,1,1,14,0,0,0,192,0,101
1,209,12,2,1,5,3,5,0,1,10,0,0,35,28,0,101
1,234,134,2,2,10,5,102,1,1,14,0,0,29,200,0,101
2,180,112,2,1,10,4,92,1,1,12,0,0,105,157,0,101
2,288,128,2,1,8,1,110,1,1,14,0,0,0,190,0,101
1,291,189,2,1,7,1,53,1,1,11,0,0,0,34,0,101
1,172,183,2,1,7,4,108,1,1,9,0,0,0,206,0,101
1,228,86,2,1,3,4,84,1,1,8,0,0,76,0,0,101
2,329,193,2,1,13,4,127,1,1,9,0,0,0,147,0,101
1,186,37,2,1,7,8,36,1,1,13,0,0,3,145,0,101
1,167,172,2,1,11,4,33,0,1,10,1,0,7,23,0,101
2,291,127,2,1,7,1,103,1,1,15,0,0,0,213,0,101
1,99,179,2,1,2,8,30,1,1,19,1,0,13,95,0,101
2,303,199,2,1,2,8,114,1,1,12,0,0,0,3,0,101
1,199,33,2,1,3,8,44,1,1,11,0,0,0,117,0,101
2,74,142,2,1,13,7,4,1,1,9,0,0,146,108,0,101
1,326,194,2,1,7,3,0,1,1,13,0,0,0,123,0,101
2,131,76,2,1,3,5,52,1,1,10,0,0,121,141,0,101
1,305,192,2,1,2,8,92,1,1,14,0,0,0,188,0,101
1,327,202,2,1,10,5,117,1,1,10,0,0,0,160,0,101
2,159,24,2,1,11,8,34,1,1,8,0,0,81,181,0,101
2,99,161,2,1,2,8,58,1,1,16,0,0,44,157,0,101
1,306,195,2,1,2,7,92,1,1,13,0,0,0,187,0,101
2,121,46,2,1,2,4,82,1,1,9,0,0,107,139,0,101
1,326,163,2,1,9,6,92,1,1,14,0,0,0,166,0,101
2,268,61,2,1,8,2,52,1,1,11,0,0,96,197,0,101
2,106,52,2,1,2,5,38,1,1,11,1,0,146,145,0,101
1,109,185,2,1,1,6,58,1,1,11,0,0,4,148,0,101
1,69,136,2,1,11,8,39,1,1,9,0,0,158,145,0,101
1,207,87,2,1,2,1,84,0,0,0,1,2,68,0,1,102
2,25,6,2,1,3,8,9,0,0,0,1,2,72,0,1,102
0,103,18,0,0,0,0,0,0,0,0,0,1,166,0,0,102
1,22,12,1,1,2,3,113,0,0,0,0,2,80,0,0,102
2,210,87,2,1,3,1,85,0,0,0,1,2,86,0,0,102
1,72,8,2,1,8,8,4,0,0,0,0,2,5,0,1,102
2,196,42,2,1,8,6,36,0,0,0,0,2,73,0,1,102
2,79,143,2,2,2,6,51,1,0,0,0,2,111,0,0,102
2,271,41,2,1,6,8,97,1,0,0,0,2,89,0,0,102
2,72,5,2,1,5,6,29,0,0,0,0,2,0,0,0,102
2,10,24,2,1,9,8,2,0,0,0,0,2,45,0,1,102
2,241,17,2,1,5,5,0,0,0,0,0,2,120,0,0,102
2,137,33,2,1,8,7,11,0,0,0,0,2,72,0,1,102
2,214,19,2,1,7,8,16,0,0,0,0,2,103,0,0,102
2,67,0,0,0,0,0,0,0,0,0,0,1,170,0,0,102
2,109,30,2,1,9,5,4,0,0,0,0,2,10,0,1,102
1,43,8,1,1,2,3,86,0,0,0,1,2,45,0,0,102
2,57,11,2,1,10,8,2,0,0,0,0,2,9,0,1,102
2,241,18,2,1,5,5,0,0,0,0,0,2,119,0,0,102
1,126,47,2,1,9,4,14,0,0,0,1,2,13,0,1,102
2,211,22,2,1,8,8,18,0,0,0,0,2,98,0,0,102
2,77,31,2,1,2,8,21,1,0,0,0,2,80,0,0,102
2,58,157,2,2,2,8,54,0,0,0,0,2,125,0,0,102
1,275,87,2,1,4,6,50,0,0,0,0,2,58,0,0,102
2,48,27,2,2,2,7,46,0,0,0,1,2,59,0,0,102
1,134,42,2,1,9,8,14,1,0,0,0,2,74,0,0,102
2,142,131,2,1,4,2,42,1,0,0,0,2,114,0,0,102
1,301,18,0,0,2,0,0,0,0,0,0,1,132,0,0,102
1,84,0,0,0,0,0,0,0,0,0,0,1,170,0,0,102
1,25,11,2,2,8,8,7,0,0,0,0,2,34,0,1,102
1,86,21,2,1,7,6,7,0,0,0,1,2,16,0,1,102
2,13,10,2,2,8,7,8,0,0,0,0,2,38,0,0,102
2,75,25,2,1,10,8,13,0,0,0,1,2,86,0,1,102
1,58,25,1,1,2,6,53,0,0,0,0,2,80,0,0,102
2,60,26,2,2,5,8,30,0,0,0,1,2,72,0,1,102
2,76,5,0,0,2,1,2,0,0,0,0,1,150,0,0,102
2,64,26,2,1,6,8,26,0,0,0,1,2,76,0,1,102
2,256,58,2,1,4,3,27,0,0,0,0,2,70,0,0,102
1,283,0,0,0,0,0,0,0,0,0,0,1,170,0,0,102
1,284,0,0,0,0,0,0,0,0,0,0,1,170,0,0,102
1,85,0,0,0,0,0,0,0,0,0,0,1,170,0,0,102
1,91,143,2,1,1,5,34,0,0,0,0,2,159,0,1,102
1,138,56,2,1,9,6,14,0,0,0,0,2,69,0,0,102
1,58,6,1,1,2,4,66,0,0,0,1,2,20,0,0,102
2,155,128,2,1,4,1,40,1,0,0,0,2,115,0,0,102
2,148,18,2,1,4,4,3,0,0,0,0,2,64,0,1,102
2,197,35,2,1,9,7,25,0,0,0,0,2,73,0,1,102
1,137,57,2,1,9,6,14,0,0,0,0,2,70,0,0,102
1,126,61,2,1,11,8,35,1,0,0,0,2,86,0,0,102
2,262,160,2,2,3,7,37,1,0,0,0,2,2,0,1,102
2,199,93,2,1,13,4,93,0,0,0,1,2,151,0,0,102
2,207,16,2,1,8,6,4,0,0,0,0,2,71,0,1,102
2,248,141,3,3,5,8,42,0,0,0,0,2,8,0,1,102
2,240,49,2,1,7,1,10,0,0,0,0,2,84,0,1,102
2,45,98,2,1,11,7,41,0,0,0,0,2,7,0,0,102
2,196,65,2,2,12,8,64,0,0,0,0,2,40,0,0,102
1,129,70,2,1,11,6,17,0,0,0,0,2,58,0,0,102
2,194,50,2,2,11,8,47,0,0,0,0,2,55,0,1,102
2,193,47,2,1,11,8,44,0,0,0,0,2,58,0,1,102
1,238,23,2,1,9,7,7,0,0,0,0,2,73,0,1,102
1,247,91,2,1,6,2,45,0,0,0,1,2,65,0,1,102
2,227,21,0,0,3,0,0,0,0,0,0,1,127,0,0,102
1,59,15,2,1,7,8,7,0,0,0,0,2,20,0,1,102
1,125,47,2,1,10,8,41,0,0,0,0,2,102,0,1,102
2,68,5,2,1,2,5,49,0,0,0,0,2,1,0,0,102
2,226,8,1,0,5,4,3,0,0,0,0,1,121,0,0,102
0,118,68,3,3,1,1,2,0,0,0,0,2,159,0,1,102
1,87,34,2,1,3,8,27,1,0,0,0,2,83,0,0,102
2,187,31,2,1,9,7,24,0,0,0,0,2,71,0,1,102
1,127,66,2,1,11,8,31,1,0,0,0,2,83,0,0,102
2,77,31,2,1,3,8,20,1,0,0,0,2,80,0,0,102
2,181,57,2,1,2,7,35,0,0,0,0,1,8,0,1,102
2,239,78,2,1,10,7,72,0,0,0,1,2,111,0,0,102
1,100,139,2,1,6,8,38,0,0,0,0,2,127,0,0,102
1,100,28,2,1,8,5,6,0,0,0,1,2,15,0,1,102
2,8,27,2,1,9,8,2,0,0,0,0,2,40,0,1,102
2,238,84,2,1,1,3,79,1,0,0,0,2,67,0,0,102
1,101,1,0,0,0,0,0,0,0,0,0,1,169,0,0,102
2,177,118,2,1,7,1,50,0,0,0,1,2,124,0,0,102
1,129,55,2,1,9,4,26,0,0,0,1,2,11,0,1,102
2,49,27,2,2,2,8,44,0,0,0,1,2,62,0,1,102
2,66,0,0,0,2,0,0,0,0,0,0,1,161,0,0,102
2,193,44,2,1,11,8,40,0,0,0,0,2,61,0,1,102
1,72,0,0,0,0,0,0,0,0,0,0,1,170,0,0,102
2,76,8,0,0,3,2,4,0,0,0,0,1,141,0,0,102
1,257,93,2,1,7,3,35,0,0,0,1,2,63,0,1,102
2,51,0,0,0,0,0,0,0,0,0,0,1,170,0,0,102
2,76,28,2,1,5,8,17,0,0,0,0,2,82,0,0,102
1,189,70,2,2,12,8,67,0,0,0,0,2,35,0,1,102
2,131,36,2,1,9,8,13,1,0,0,0,2,74,0,1,102
2,222,103,3,3,9,8,53,0,0,0,0,2,24,0,1,102
2,171,78,2,2,11,6,39,0,0,0,1,2,156,0,0,102
2,43,117,2,1,10,8,44,1,0,0,0,2,30,0,0,102
1,70,8,2,1,4,6,29,0,0,0,1,2,8,0,0,102
2,25,6,2,1,3,8,8,0,0,0,1,2,73,0,1,102
2,225,41,2,1,7,3,8,0,0,0,0,2,77,0,1,102
2,153,67,2,2,9,7,2,0,0,0,0,1,159,0,0,102
2,242,134,2,2,3,8,36,0,0,0,0,1,2,0,1,102
2,231,80,2,1,7,5,75,0,0,0,1,2,99,0,1,102
2,47,38,2,2,3,8,45,0,0,0,0,2,53,0,0,102
2,110,31,2,1,7,4,17,0,0,0,1,2,11,0,0,102
2,73,24,1,0,9,7,12,0,0,0,0,1,88,0,1,102
1,286,24,1,0,3,0,0,0,0,0,0,1,120,0,0,102
2,159,19,2,1,5,4,7,0,0,0,0,2,65,0,1,102
2,59,7,2,1,9,8,3,0,0,0,0,2,8,0,1,102
2,19,14,3,3,7,8,15,0,0,0,0,2,44,0,1,102
2,39,0,1,1,5,0,0,0,0,0,0,1,150,0,0,102
0,105,30,1,1,0,0,0,0,0,0,0,1,165,0,0,102
2,217,0,0,0,0,0,0,0,0,0,0,1,169,0,0,102
2,58,18,2,1,8,8,10,0,0,0,1,2,82,0,1,102
2,28,6,2,1,4,8,6,0,0,0,1,2,75,0,1,102
2,201,89,2,1,13,4,95,0,0,0,0,2,150,0,0,102
1,106,128,2,1,7,8,35,0,0,0,0,2,117,0,0,102
2,160,16,2,1,4,4,2,0,0,0,0,2,64,0,1,102
1,76,31,1,1,2,7,24,0,0,0,0,2,80,0,0,102
1,91,0,0,0,0,0,0,0,0,0,0,1,170,0,0,102
1,98,27,2,1,8,5,6,0,0,0,1,2,15,0,1,102
2,69,21,2,1,10,6,11,0,0,0,1,2,93,0,0,102
2,191,63,2,2,10,8,56,0,0,0,0,1,31,0,1,102
2,241,23,2,1,6,4,0,0,0,0,0,2,111,0,0,102
2,40,11,2,1,5,8,8,0,0,0,1,2,77,0,1,102
2,17,14,2,1,6,8,4,0,0,0,0,2,60,0,1,102
2,240,5,2,1,6,8,2,0,0,0,0,2,125,0,0,102
2,47,14,2,1,6,8,9,0,0,0,1,2,79,0,1,102
2,52,11,2,2,10,4,5,0,0,0,1,2,113,0,0,102
2,158,61,2,2,9,7,2,0,0,0,0,1,160,0,0,102
1,81,9,0,0,0,0,0,0,0,0,0,1,168,0,0,102
1,112,42,2,1,8,8,40,1,0,0,0,2,93,0,0,102
2,8,25,2,1,9,8,2,0,0,0,0,2,40,0,1,102
1,264,90,2,1,8,3,22,0,0,0,0,2,62,0,1,102
1,273,10,1,0,6,5,3,0,0,0,0,1,108,0,0,102
2,270,136,2,2,3,8,47,1,0,0,0,2,18,0,0,102
2,217,39,2,1,8,4,13,0,0,0,0,2,76,0,1,102
2,183,58,2,1,2,8,36,0,0,0,0,1,8,0,1,102
2,322,13,2,1,5,8,51,1,0,0,0,2,147,0,1,102
2,240,59,2,1,8,3,30,0,0,0,0,2,93,0,1,102
1,80,27,2,1,10,8,16,1,0,0,0,2,87,0,1,102
2,179,28,2,1,8,6,19,0,0,0,0,2,69,0,1,102
2,214,39,2,1,8,4,15,0,0,0,0,2,76,0,1,102
2,43,8,2,1,9,8,4,0,0,0,0,2,19,0,1,102
2,129,34,2,1,7,4,5,0,0,0,1,2,25,0,1,102
2,222,0,0,0,1,1,0,0,0,0,0,1,164,0,0,102
2,75,25,2,1,9,8,14,0,0,0,0,2,85,0,0,102
1,87,21,0,0,0,0,0,0,0,0,0,1,166,0,0,102
2,73,25,2,1,9,8,14,0,0,0,1,2,84,0,1,102
2,194,16,2,1,7,6,4,0,0,0,0,2,69,0,1,102
1,110,41,2,1,7,8,39,1,0,0,0,2,92,0,0,102
1,69,11,2,1,7,8,7,0,0,0,0,2,14,0,1,102
2,55,27,2,2,4,8,37,0,0,0,1,2,67,0,1,102
1,132,64,2,1,9,5,36,0,0,0,1,2,10,0,1,102
1,321,9,0,0,1,0,0,0,0,0,0,1,150,0,0,102
2,22,10,2,2,9,8,6,0,0,0,0,2,32,0,1,102
1,279,83,2,1,2,7,62,0,0,0,0,2,56,0,0,102
2,186,59,2,1,4,8,43,0,0,0,0,1,16,0,1,102
2,217,93,2,1,8,5,60,0,0,0,1,2,112,0,1,102
1,125,54,2,1,10,8,39,1,0,0,0,2,90,0,0,102
2,178,4,3,3,9,1,1,1,1,1,0,0,73,170,0,103
1,71,31,3,3,10,8,2,1,0,0,1,0,141,27,0,103
1,76,38,3,3,8,8,3,1,0,0,1,0,133,22,0,103
2,210,84,3,3,6,5,55,1,0,0,1,0,77,208,0,103
2,59,76,3,3,13,8,57,1,1,3,0,0,159,53,0,103
2,16,69,3,3,9,6,38,1,1,2,1,0,10,124,0,103
1,111,23,3,3,4,6,8,1,1,2,0,0,55,96,0,103
1,112,77,3,3,4,5,56,1,0,1,1,0,131,0,0,103
1,49,103,3,3,11,8,48,1,1,1,1,0,159,95,0,103
2,120,79,3,3,5,5,92,1,1,1,0,0,115,0,0,103
2,287,14,3,3,5,5,45,1,0,3,0,0,54,83,0,103
1,160,141,3,3,12,4,79,1,0,1,1,0,18,0,0,103
1,115,50,3,3,1,7,39,1,1,3,0,0,86,108,0,103
1,103,71,3,3,2,6,32,1,0,0,1,0,115,0,0,103
2,123,84,3,3,6,4,93,1,1,1,0,0,145,0,0,103
2,115,65,3,3,3,7,82,1,1,1,0,0,44,2,0,103
1,37,128,3,3,5,8,32,1,1,3,1,0,159,107,0,103
1,68,166,3,3,13,4,18,1,0,3,0,0,0,96,0,103
1,45,127,3,3,1,8,28,1,1,3,1,0,150,114,0,103
2,53,92,3,3,13,8,52,1,1,1,0,0,159,80,0,103
1,128,72,3,3,12,4,63,1,1,1,0,0,134,0,0,103
1,73,22,3,3,12,8,22,1,1,1,1,0,159,81,0,103
1,111,181,3,3,5,8,5,1,0,0,0,0,0,220,0,103
2,127,21,3,3,3,6,7,1,1,3,0,0,58,100,0,103
2,138,55,3,3,3,8,37,1,1,2,0,0,105,126,0,103
2,57,52,3,3,13,8,22,1,1,1,1,0,159,62,0,103
1,116,70,3,3,8,5,36,1,0,0,0,0,130,0,0,103
1,129,72,3,3,13,4,54,1,0,0,0,0,148,0,0,103
2,293,9,3,3,9,6,26,1,0,7,0,0,82,165,0,103
2,204,47,3,3,1,5,31,1,1,1,0,0,36,195,0,103
2,56,84,3,3,13,8,55,1,1,2,0,0,159,67,0,103
1,9,96,3,3,13,7,38,1,1,2,0,0,6,141,0,103
2,234,18,3,3,1,7,13,1,1,2,0,0,39,151,0,103
2,185,12,3,3,8,1,7,1,1,1,1,0,68,186,0,103
2,259,11,3,3,2,8,8,1,1,8,0,0,80,70,0,103
2,58,80,3,3,13,8,56,1,1,2,0,0,159,59,0,103
1,141,162,3,3,4,7,12,1,0,0,0,0,9,231,0,103
1,64,144,3,3,11,4,21,1,1,3,0,0,2,92,0,103
1,57,99,3,3,7,4,26,1,1,3,0,0,7,86,0,103
2,113,51,3,3,1,8,26,1,1,4,1,0,27,211,0,103
1,88,24,3,3,9,8,30,1,1,2,0,0,140,109,0,103
1,89,33,3,3,5,3,12,1,0,2,0,0,35,62,0,103
2,276,9,3,3,7,8,7,1,1,9,0,0,90,186,0,103
1,98,170,3,3,6,8,9,1,0,0,0,0,1,212,0,103
1,69,51,3,3,11,8,41,1,1,1,1,0,159,102,0,103
1,68,166,3,3,13,4,19,1,0,3,0,0,1,95,0,103
2,136,43,3,3,5,3,35,1,1,7,0,0,23,18,0,103
2,179,70,3,3,2,3,45,1,1,1,1,0,35,232,0,103
2,163,126,3,3,11,4,89,1,0,0,0,0,25,0,0,103
2,224,3,3,3,9,3,2,1,1,4,0,0,84,185,0,103
1,116,70,3,3,8,5,36,1,0,0,0,0,129,0,0,103
1,67,143,3,3,6,5,1,1,0,8,1,0,23,0,0,103
1,50,38,3,3,2,3,31,1,1,3,0,0,16,77,1,103
2,243,49,3,3,5,8,34,1,0,1,0,0,78,157,0,103
1,99,46,3,3,14,5,31,1,1,1,0,0,155,18,0,103
1,40,133,3,3,13,5,28,1,1,3,0,0,3,117,0,103
2,130,22,3,3,4,6,7,1,1,4,0,0,52,90,0,103
1,108,45,3,3,4,8,42,1,1,2,1,0,117,115,0,103
1,60,115,3,3,9,4,24,1,1,3,0,0,5,88,0,103
2,305,14,3,3,9,4,59,1,0,2,0,0,48,115,0,103
2,191,56,3,3,10,8,10,1,1,1,0,0,128,149,0,103
2,121,54,3,3,1,8,44,1,1,3,1,0,94,124,0,103
2,272,13,3,3,3,6,25,1,0,5,0,0,68,75,0,103
2,191,115,3,3,11,5,48,1,0,4,1,0,52,0,0,103
2,124,34,3,3,5,1,17,1,1,8,1,0,13,37,1,103
1,93,57,3,3,2,6,7,1,0,0,0,0,82,16,0,103
2,74,49,3,3,12,7,67,1,1,5,0,0,158,0,0,103
2,159,9,3,3,6,4,3,1,1,1,0,0,70,150,0,103
1,46,141,3,3,13,5,26,1,1,3,0,0,2,112,0,103
1,109,46,3,3,4,8,42,1,1,2,1,0,117,115,0,103
2,236,83,3,3,13,8,43,1,0,0,0,0,138,165,0,103
1,118,190,3,3,6,8,3,1,0,0,0,0,4,206,0,103
2,308,18,3,3,9,4,73,1,0,0,0,0,36,95,0,103
1,130,72,3,3,13,4,60,1,1,1,0,0,144,0,0,103
2,115,34,3,3,5,1,19,1,1,7,1,0,13,42,1,103
2,276,16,3,3,5,5,46,1,0,1,0,0,36,118,0,103
1,79,43,3,3,7,8,3,1,0,0,1,0,127,18,0,103
1,131,74,3,3,13,4,61,1,1,1,0,0,152,0,0,103
2,286,6,3,3,9,7,5,1,1,10,0,0,102,195,0,103
2,185,17,3,3,8,1,10,1,1,1,1,0,65,190,0,103
1,106,67,3,3,2,8,61,1,0,0,0,0,64,0,0,103
2,201,42,3,3,12,6,1,1,1,1,0,0,118,162,0,103
2,123,55,3,3,1,8,45,1,1,2,0,0,99,119,0,103
2,248,14,3,3,2,8,11,1,1,4,0,0,55,160,0,103
2,242,26,3,3,5,8,6,1,1,5,0,0,97,96,0,103
1,102,27,3,3,4,4,10,1,1,2,0,0,46,83,0,103
2,245,4,3,3,9,5,3,1,1,6,0,0,91,189,0,103
2,62,91,3,3,10,8,50,1,1,1,1,0,148,97,0,103
1,106,44,3,3,4,8,42,1,1,2,1,0,121,114,0,103
2,232,22,3,3,2,8,11,1,1,2,0,0,52,149,0,103
2,122,58,3,3,4,6,68,1,1,3,0,0,37,7,0,103
2,220,75,3,3,7,8,6,1,1,9,1,0,84,13,0,103
1,119,62,3,3,14,4,47,1,1,1,0,0,153,7,0,103
1,3,89,3,3,13,7,40,1,1,2,0,0,7,146,0,103
2,251,13,3,3,3,8,10,1,1,5,0,0,59,163,0,103
1,186,86,3,3,7,8,6,1,0,7,1,0,88,0,0,103
2,285,7,3,3,8,8,6,1,1,10,0,0,101,189,0,103
1,95,42,3,3,5,4,33,1,1,2,0,0,37,46,0,103
1,50,145,3,3,13,5,24,1,1,3,0,0,2,109,0,103
2,69,37,3,3,3,3,28,1,1,4,1,0,14,66,1,103
1,70,21,3,3,12,8,17,1,1,1,1,0,159,72,0,103
2,173,136,3,3,12,4,86,1,0,0,1,0,22,0,0,103
2,213,48,3,3,10,8,4,1,1,1,0,0,115,154,0,103
2,150,11,3,3,5,5,3,1,1,1,0,0,69,141,0,103
1,130,149,3,3,11,4,55,1,0,4,1,0,13,0,0,103
2,136,26,3,3,5,4,9,1,1,6,0,0,38,66,0,103
1,126,71,3,3,10,5,66,1,1,1,0,0,122,0,0,103
2,151,63,3,3,2,5,37,1,1,2,1,0,29,226,0,103
1,76,40,3,3,6,3,16,1,1,2,0,0,30,75,0,103
1,110,67,3,3,2,8,79,1,0,0,0,0,53,0,0,103
1,117,152,3,3,10,4,46,1,0,5,1,0,10,0,0,103
1,93,31,3,3,5,3,12,1,1,2,0,0,38,70,0,103
2,34,52,3,3,5,5,35,1,1,2,1,0,13,98,0,103
2,103,70,3,3,9,5,82,1,1,3,0,0,157,0,0,103
1,99,48,3,3,4,5,46,1,1,2,0,0,39,36,0,103
2,242,82,3,3,12,6,55,1,0,0,1,0,127,173,0,103
1,9,97,3,3,13,7,38,1,1,2,0,0,6,141,0,103
2,247,31,3,3,10,8,4,1,1,6,0,0,118,176,0,103
2,139,33,3,3,4,5,16,1,1,3,1,0,41,203,0,103
1,92,33,3,3,6,2,13,1,1,3,0,0,32,61,1,103
2,222,30,3,3,1,7,20,1,1,2,0,0,38,168,0,103
1,53,70,3,3,5,4,29,1,1,3,0,0,11,82,0,103
1,94,62,3,3,1,7,6,1,0,0,0,0,92,6,0,103
2,242,16,3,3,1,7,18,1,0,2,0,0,39,144,0,103
2,131,48,3,3,5,4,47,1,1,5,0,0,28,14,0,103
1,72,22,3,3,12,8,21,1,1,1,1,0,159,79,0,103
1,70,167,3,3,13,4,18,1,0,3,0,0,0,101,0,103
2,159,66,3,3,2,5,40,1,1,2,1,0,30,229,0,103
2,65,42,3,3,1,4,36,1,1,3,1,0,35,87,0,103
1,69,166,3,3,13,4,19,1,0,3,0,0,2,95,0,103
2,285,7,3,3,9,8,5,1,1,10,0,0,103,195,0,103
2,257,93,3,3,12,8,63,1,0,0,0,0,137,173,0,103
2,178,56,3,3,9,8,16,1,1,1,0,0,123,143,0,103
2,16,104,3,3,13,8,37,1,0,1,1,0,11,136,0,103
2,31,76,3,3,9,8,37,1,1,2,1,0,12,168,0,103
2,230,58,3,3,6,8,7,1,1,9,1,0,83,28,0,103
2,116,72,3,3,3,7,89,1,0,0,0,0,45,0,0,103
1,75,98,3,3,1,8,35,1,1,3,1,0,129,116,0,103
2,308,16,3,3,8,4,72,1,0,0,0,0,34,95,0,103
2,189,8,3,3,10,1,1,1,1,1,0,0,81,176,0,103
1,62,111,3,3,1,8,32,1,1,3,1,0,138,115,0,103
1,63,18,3,3,13,8,1,1,0,0,1,0,157,37,0,103
1,115,22,3,3,3,6,7,1,1,2,0,0,59,102,0,103
1,84,35,3,3,6,3,14,1,1,2,0,0,32,68,0,103
2,252,97,3,3,13,8,64,1,0,0,0,0,139,171,0,103
2,264,10,3,3,3,8,8,1,1,8,0,0,84,94,0,103
2,187,121,3,3,11,5,58,1,0,3,1,0,45,0,0,103
2,77,51,3,3,12,7,69,1,1,5,0,0,158,0,0,103
2,184,124,3,3,11,5,64,1,0,2,1,0,40,0,0,103
1,87,53,3,3,7,3,14,1,0,2,0,0,32,68,0,103
1,159,119,3,3,3,5,29,1,0,0,0,0,21,232,0,103
2,236,16,3,3,1,8,12,1,1,3,0,0,40,147,0,103
1,107,53,3,3,14,5,38,1,1,1,0,0,154,13,0,103
2,255,12,3,3,1,8,9,1,1,7,0,0,74,80,0,103
1,32,139,3,3,2,8,25,1,1,3,1,0,159,113,0,103
2,191,115,3,3,11,5,49,1,0,4,1,0,52,0,0,103
2,56,57,3,3,13,8,25,1,1,1,1,0,159,65,0,103
1,83,48,3,3,5,8,4,1,0,0,1,0,120,14,0,103
1,127,45,3,3,4,3,10,1,0,6,1,0,44,16,0,103
2,245,86,3,3,12,7,58,1,0,0,1,0,130,172,0,103
2,204,100,3,3,9,7,20,1,0,8,1,0,74,0,0,103
1,35,132,3,3,4,8,29,1,1,3,1,0,159,110,0,103
2,183,36,3,3,6,2,23,1,1,1,1,0,54,205,0,103
2,25,78,3,3,10,8,38,1,1,2,1,0,11,164,0,103
1,36,128,3,3,2,8,26,1,1,3,1,0,159,113,0,103
1,17,101,3,3,11,8,36,1,0,1,0,0,6,160,0,103
1,95,66,3,3,1,8,8,1,0,0,0,0,97,0,0,103
2,208,55,3,3,12,8,2,1,1,1,0,0,131,155,0,103
2,167,131,3,3,12,4,89,1,0,0,0,0,23,0,0,103
