age,workclass,fnlwgt,education,educational-num,marital-status,occupation,relationship,race,gender,capital-gain,capital-loss,hours-per-week,native-country,income
14,3,682,11,8.0,4,13,3,2,1,0.0,0,32,25,0
8,3,355,11,8.0,4,6,4,2,1,0.0,0,32,25,0
9,0,277,9,12.0,2,0,0,4,1,0.0,18,32,25,0
13,2,63,9,12.0,2,9,0,4,1,0.0,0,32,25,0
22,6,318,15,9.0,2,10,0,4,1,0.0,0,32,25,0
27,6,426,11,8.0,0,1,4,4,0,0.0,0,30,25,0
51,3,119,2,7.0,6,11,1,4,0,0.0,0,23,25,0
18,4,427,9,12.0,2,11,0,4,1,0.0,0,41,25,0
47,3,706,11,8.0,2,11,5,4,0,0.0,0,15,25,0
55,2,785,11,8.0,2,3,0,4,1,9.0,0,7,25,0
11,4,344,11,8.0,2,2,0,4,1,0.0,0,41,25,0
48,0,791,5,3.0,2,0,0,4,1,9.0,0,21,25,0
12,3,975,11,8.0,3,12,3,2,1,0.0,0,32,25,0
21,6,812,11,8.0,0,7,1,4,1,0.0,0,32,25,0
10,3,917,11,8.0,4,6,3,4,1,0.0,0,36,25,0
6,4,847,11,8.0,4,1,1,4,0,0.0,0,32,25,0
10,5,54,11,8.0,4,2,1,4,1,0.0,0,23,25,0
25,5,286,15,9.0,2,2,0,4,1,0.0,0,32,7,0
3,3,855,15,9.0,4,11,3,1,0,0.0,0,14,25,0
16,3,810,9,12.0,4,3,1,4,0,0.0,0,32,25,0
51,0,14,11,8.0,6,0,1,4,0,0.0,0,9,25,0
14,3,275,6,4.0,4,4,1,4,1,0.0,0,32,23,0
12,3,579,7,11.0,0,5,1,4,0,0.0,0,32,25,0
6,3,784,11,8.0,4,6,3,4,0,0.0,0,32,25,0
6,3,38,11,8.0,2,5,0,4,1,0.0,0,32,25,0
27,2,609,15,9.0,0,9,4,4,0,0.0,0,19,25,0
31,6,12,9,12.0,0,3,4,4,1,0.0,0,32,25,0
51,3,900,15,9.0,2,1,0,4,1,0.0,0,32,25,0
20,3,740,11,8.0,2,13,0,4,1,0.0,0,41,25,0
14,3,638,11,8.0,0,11,4,3,0,0.0,0,32,17,0
14,3,624,2,7.0,4,11,3,4,1,0.0,0,24,25,0
8,3,669,1,6.0,2,6,0,4,1,0.0,0,32,25,0
29,5,133,11,8.0,6,7,2,4,0,0.0,0,32,25,0
41,3,110,11,8.0,2,3,0,4,1,0.0,0,36,25,0
33,3,319,0,5.0,0,1,4,4,0,0.0,0,32,25,0
10,3,447,9,12.0,2,3,0,4,1,0.0,0,32,25,0
15,3,444,11,8.0,4,1,2,4,0,0.0,0,27,25,0
36,1,531,11,8.0,0,12,4,4,1,0.0,0,32,25,0
13,3,429,11,8.0,2,7,2,4,0,0.0,0,32,25,0
14,3,147,0,5.0,0,6,1,4,1,0.0,0,32,25,0
53,3,536,1,6.0,2,13,0,4,1,0.0,0,32,25,0
15,3,932,9,12.0,4,9,1,2,0,0.0,0,32,25,0
5,2,276,15,9.0,4,3,3,4,0,0.0,0,19,25,0
40,3,432,8,10.0,0,3,4,4,0,0.0,0,41,25,0
9,3,894,11,8.0,2,11,0,4,1,13.0,0,32,25,0
19,3,475,15,9.0,2,6,0,4,1,0.0,0,32,25,0
40,3,309,3,1.0,3,7,1,4,1,0.0,0,27,0,0
22,3,502,11,8.0,4,1,1,4,0,0.0,0,32,25,0
14,3,382,0,5.0,0,7,1,4,1,0.0,0,32,25,0
26,3,904,15,9.0,0,5,1,2,1,0.0,0,32,25,0
17,3,134,11,8.0,2,13,0,2,1,0.0,0,32,25,0
23,3,0,15,9.0,4,2,2,0,1,0.0,0,23,25,0
26,3,871,11,8.0,0,2,1,4,1,0.0,0,32,25,0
2,3,80,11,8.0,4,11,3,4,0,0.0,0,27,25,0
26,3,450,11,8.0,5,6,1,4,0,0.0,0,35,25,0
18,5,245,15,9.0,2,2,0,0,1,0.0,0,49,25,0
1,0,559,15,9.0,4,0,3,4,1,0.0,0,32,25,0
24,3,4,11,8.0,0,13,4,4,1,32.0,0,32,25,0
5,3,33,9,12.0,4,9,1,4,0,0.0,0,11,9,0
24,5,253,15,9.0,4,11,3,4,1,0.0,0,32,25,0
29,4,165,9,12.0,2,11,0,4,1,0.0,0,42,25,0
4,3,598,11,8.0,4,4,3,4,1,0.0,0,36,25,0
30,0,497,0,5.0,2,0,5,4,0,0.0,0,14,4,0
47,3,645,11,8.0,6,1,1,4,0,0.0,0,32,25,0
34,3,381,11,8.0,2,2,0,4,1,0.0,0,41,25,0
14,5,908,10,15.0,4,9,3,4,0,0.0,0,39,25,0
14,1,437,8,10.0,4,3,1,4,0,0.0,0,32,25,0
45,3,491,2,7.0,2,3,0,4,1,0.0,0,23,25,0
22,5,325,15,9.0,4,2,1,4,1,0.0,0,19,25,0
25,3,925,11,8.0,2,13,0,4,1,0.0,0,23,25,0
21,3,659,11,8.0,0,5,1,4,1,0.0,0,32,25,0
10,3,259,15,9.0,4,1,4,4,0,0.0,0,41,25,0
34,5,440,7,11.0,2,3,0,4,1,0.0,0,32,25,0
16,3,803,8,10.0,0,11,1,4,1,0.0,0,19,25,0
41,3,265,12,13.0,0,1,1,4,0,0.0,16,36,25,0
13,3,143,11,8.0,2,6,0,4,1,0.0,0,32,25,0
6,3,867,15,9.0,4,5,3,4,1,0.0,0,19,25,0
45,5,833,12,13.0,3,11,1,4,0,0.0,0,14,25,0
17,3,39,15,9.0,0,6,1,4,0,0.0,0,32,25,0
6,3,778,15,9.0,4,5,1,2,1,0.0,0,19,25,0
11,3,896,9,12.0,4,3,1,2,1,7.0,0,41,25,0
3,2,809,11,8.0,4,1,3,4,1,0.0,0,32,25,0
21,3,508,9,12.0,4,11,1,4,0,0.0,0,33,25,0
9,0,368,1,6.0,4,0,1,4,0,0.0,0,27,9,0
13,3,235,11,8.0,4,3,1,4,1,0.0,0,41,25,0
8,3,877,8,10.0,4,7,3,4,0,0.0,0,11,25,0
2,3,834,15,9.0,4,2,3,4,1,1.0,0,32,25,0
14,5,610,9,12.0,4,12,1,4,0,0.0,0,32,25,0
20,3,461,1,6.0,5,11,4,2,0,0.0,0,32,25,0
22,3,419,11,8.0,2,11,0,1,1,0.0,0,20,0,0
41,3,668,6,4.0,4,5,3,4,1,0.0,0,32,7,0
3,3,313,15,9.0,4,7,3,4,0,0.0,0,14,25,0
54,0,206,15,9.0,2,0,0,4,1,19.0,0,14,25,0
7,2,379,9,12.0,4,9,1,4,0,0.0,0,49,25,0
12,6,723,11,8.0,4,1,4,4,0,0.0,0,32,25,0
25,2,500,9,12.0,0,9,4,4,0,0.0,0,29,25,0
31,3,795,11,8.0,2,2,0,4,1,0.0,0,36,25,0
20,3,654,8,10.0,2,9,0,4,1,0.0,0,32,16,0
23,5,431,12,13.0,2,11,0,4,1,15.0,0,41,25,0
3,0,28,15,9.0,4,0,1,0,0,0.0,0,22,25,0
25,3,496,11,8.0,2,13,0,4,1,0.0,0,32,25,0
44,2,608,9,12.0,2,9,5,4,0,0.0,0,23,25,0
37,6,408,12,13.0,3,9,1,1,0,0.0,0,32,2,0
26,3,584,15,9.0,2,9,5,3,0,0.0,0,4,23,0
3,0,708,15,9.0,4,0,3,4,0,0.0,0,32,25,0
35,3,222,11,8.0,0,2,4,4,0,0.0,0,32,25,0
7,3,829,15,9.0,4,1,1,2,1,0.0,0,14,25,0
21,2,489,9,12.0,2,9,0,4,1,0.0,0,30,25,0
10,5,692,9,12.0,4,11,2,1,1,0.0,0,41,0,0
39,6,483,7,11.0,4,1,1,4,0,0.0,0,36,25,0
39,3,727,5,3.0,2,2,0,4,1,0.0,0,20,25,0
33,3,564,13,0.0,4,7,1,2,0,0.0,0,32,10,0
1,0,396,2,7.0,4,0,3,2,0,0.0,0,11,25,0
6,3,898,11,8.0,4,11,1,4,1,0.0,0,32,25,0
45,3,486,11,8.0,2,2,0,4,1,0.0,0,32,25,0
40,6,699,9,12.0,2,3,0,3,1,0.0,3,29,25,0
17,5,720,1,6.0,2,11,5,4,0,0.0,0,23,25,0
9,3,605,11,8.0,2,1,5,4,0,0.0,0,32,25,0
26,3,797,11,8.0,0,6,1,4,1,0.0,0,36,25,0
47,3,145,15,9.0,6,12,4,4,0,0.0,0,32,25,0
5,3,946,15,9.0,4,13,3,4,1,0.0,0,32,25,0
48,0,573,11,8.0,2,0,0,4,1,0.0,0,7,25,0
6,3,131,15,9.0,4,2,3,4,1,0.0,0,23,25,0
15,3,812,15,9.0,4,2,1,4,0,0.0,0,32,25,0
10,3,337,11,8.0,2,4,0,4,1,0.0,0,32,25,0
22,3,314,11,8.0,4,9,1,4,1,0.0,0,41,25,0
8,3,438,9,12.0,4,9,1,4,1,0.0,8,32,25,0
3,0,926,15,9.0,4,0,3,4,1,0.0,0,24,25,0
6,3,945,15,9.0,4,5,2,4,0,0.0,0,13,25,0
5,0,626,11,8.0,4,0,3,4,1,0.0,0,32,25,0
32,5,597,11,8.0,2,2,0,4,1,0.0,0,41,17,0
17,6,732,11,8.0,0,13,4,4,0,0.0,0,32,25,0
15,3,98,11,8.0,0,1,3,1,0,0.0,0,32,25,0
44,2,227,11,8.0,2,7,0,4,1,0.0,0,32,25,0
13,3,551,9,12.0,4,6,1,4,0,0.0,0,32,25,0
21,1,721,11,8.0,2,2,0,4,1,0.0,0,32,25,0
35,3,293,5,3.0,2,5,0,4,1,0.0,0,32,6,0
34,3,84,11,8.0,2,2,0,0,1,0.0,0,32,25,0
39,3,363,6,4.0,0,11,4,4,0,0.0,0,32,25,0
39,5,858,8,10.0,2,9,0,4,1,0.0,0,32,25,0
3,3,544,15,9.0,4,7,3,4,0,0.0,0,29,25,0
12,3,509,11,8.0,2,6,0,4,1,0.0,0,32,25,0
36,1,679,11,8.0,0,2,1,2,1,0.0,0,32,25,0
46,5,334,9,12.0,2,4,0,4,1,0.0,0,14,25,0
6,3,710,11,8.0,4,7,1,2,0,14.0,0,44,25,0
10,3,841,15,9.0,4,1,3,4,0,0.0,0,32,25,0
6,3,799,15,9.0,4,11,1,4,0,0.0,0,32,25,0
17,3,94,11,8.0,4,2,1,4,1,0.0,0,27,25,0
5,3,425,1,6.0,4,2,2,4,1,0.0,0,32,25,0
10,2,230,11,8.0,2,6,0,4,1,0.0,0,32,25,0
17,3,954,11,8.0,2,7,0,2,1,0.0,0,23,25,0
20,3,121,11,8.0,2,2,0,4,1,0.0,0,32,25,0
8,3,941,11,8.0,4,2,2,2,1,0.0,0,32,25,0
9,3,404,11,8.0,0,2,1,4,1,0.0,0,32,25,0
14,3,592,9,12.0,4,2,1,1,1,0.0,0,32,26,0
18,3,349,11,8.0,2,13,0,4,1,0.0,0,49,25,0
13,3,225,9,12.0,4,1,2,4,1,0.0,0,32,25,0
7,3,374,15,9.0,4,11,3,4,0,0.0,0,32,25,0
33,6,860,12,13.0,0,9,4,4,0,0.0,0,32,25,0
12,3,417,11,8.0,2,13,0,4,1,0.0,0,32,25,0
29,3,159,9,12.0,4,11,1,4,0,0.0,0,27,25,0
38,2,681,15,9.0,0,3,1,0,0,0.0,0,32,25,0
39,3,922,11,8.0,2,1,0,4,1,0.0,0,39,25,0
11,3,54,15,9.0,2,11,0,4,1,0.0,0,32,25,0
52,3,226,11,8.0,2,7,0,4,1,0.0,0,14,25,0
1,3,739,11,8.0,4,11,3,4,0,0.0,0,32,25,0
16,3,767,4,2.0,2,6,0,4,1,0.0,0,32,17,0
46,0,713,11,8.0,0,0,1,4,0,0.0,20,32,25,0
7,3,515,15,9.0,4,1,3,4,0,17.0,0,42,5,0
10,3,667,15,9.0,6,1,4,4,0,0.0,0,32,25,0
16,0,607,11,8.0,0,0,4,4,0,0.0,0,24,25,0
11,3,937,4,2.0,4,2,2,4,1,0.0,0,32,17,0
2,1,660,15,9.0,4,1,3,4,0,0.0,0,7,25,0
22,2,494,12,13.0,0,9,1,4,0,0.0,0,32,25,0
1,3,709,11,8.0,4,6,3,4,1,0.0,0,32,25,0
16,3,320,11,8.0,4,7,3,2,1,0.0,0,28,25,0
23,3,224,11,8.0,0,2,2,4,0,0.0,0,32,26,0
22,3,178,11,8.0,0,11,1,4,0,0.0,0,32,25,0
34,3,899,15,9.0,0,9,4,4,0,0.0,0,32,25,0
0,1,170,1,6.0,4,1,1,2,0,0.0,5,32,25,0
42,5,856,9,12.0,2,3,0,4,1,0.0,0,27,25,0
46,0,881,11,8.0,2,0,0,4,1,0.0,0,14,25,0
52,5,188,5,3.0,2,11,0,4,1,0.0,0,44,25,0
30,3,311,9,12.0,0,11,1,4,1,0.0,0,36,25,0
43,2,162,15,9.0,2,7,0,1,1,0.0,0,49,20,0
38,3,771,8,10.0,2,1,0,4,1,0.0,0,32,25,0
4,3,31,15,9.0,4,7,3,4,0,0.0,0,19,25,0
6,3,485,1,6.0,2,6,0,4,1,0.0,0,32,23,0
16,2,454,11,8.0,0,13,4,4,0,0.0,0,34,25,0
6,2,838,9,12.0,4,9,1,4,1,0.0,0,32,25,0
42,3,728,11,8.0,0,7,4,2,0,0.0,0,27,15,0
22,4,268,15,9.0,2,9,0,4,1,0.0,0,19,25,0
17,3,735,11,8.0,5,2,4,4,1,0.0,0,57,25,0
37,1,36,15,9.0,2,2,0,4,1,0.0,0,32,25,0
42,3,91,12,13.0,2,12,0,4,1,0.0,0,32,12,0
6,3,701,15,9.0,4,5,3,2,1,0.0,0,16,25,0
23,3,684,9,12.0,2,9,0,4,1,0.0,0,36,25,0
49,3,364,5,3.0,6,7,1,2,0,0.0,0,7,25,0
12,3,861,11,8.0,3,2,1,4,1,0.0,0,32,25,0
42,3,273,11,8.0,0,7,1,4,0,0.0,0,32,25,0
4,3,793,15,9.0,4,1,1,2,0,0.0,0,14,25,0
18,3,191,11,8.0,0,3,4,4,0,0.0,0,14,25,0
2,3,543,11,8.0,4,11,4,2,0,0.0,0,14,25,0
5,6,30,15,9.0,4,13,3,4,1,0.0,0,19,25,0
19,3,678,15,9.0,2,2,0,4,1,0.0,0,32,25,0
17,3,332,15,9.0,4,1,1,1,0,0.0,0,27,16,0
7,3,23,15,9.0,4,4,3,4,1,0.0,0,41,25,0
8,2,761,15,9.0,4,1,4,2,0,0.0,0,32,25,0
11,1,929,9,12.0,4,9,1,4,1,0.0,0,41,25,0
10,5,639,11,8.0,4,2,1,4,1,0.0,21,41,25,0
32,3,601,1,6.0,2,13,0,4,1,0.0,12,52,25,0
13,3,11,11,8.0,2,1,5,4,0,0.0,0,32,25,0
3,6,878,15,9.0,2,7,0,4,1,0.0,0,32,25,0
35,3,116,11,8.0,3,1,1,4,0,0.0,0,41,25,0
32,3,109,11,8.0,3,2,4,2,1,0.0,0,32,25,0
16,3,490,8,10.0,2,2,0,2,1,0.0,0,32,25,0
15,3,744,15,9.0,0,3,1,4,1,0.0,0,41,23,0
13,0,388,1,6.0,4,0,4,4,1,0.0,0,32,25,0
16,6,857,12,13.0,4,9,1,4,1,0.0,0,41,25,0
4,0,303,11,8.0,4,0,2,4,1,0.0,0,49,25,0
32,3,95,1,6.0,2,2,0,4,1,0.0,0,32,25,0
15,2,745,9,12.0,4,9,1,4,1,0.0,0,41,25,0
22,3,854,15,9.0,0,3,4,4,0,0.0,0,11,25,0
36,3,412,3,1.0,2,13,0,4,1,0.0,0,41,25,0
5,0,342,11,8.0,4,0,4,4,1,0.0,0,32,25,0
19,3,519,15,9.0,2,2,0,4,1,0.0,0,42,5,0
47,2,596,4,2.0,0,7,1,4,0,0.0,0,36,0,0
44,3,214,1,6.0,2,13,0,4,1,0.0,0,21,25,0
10,3,218,11,8.0,5,6,1,4,1,0.0,0,34,25,0
43,3,499,11,8.0,2,9,0,4,1,0.0,0,19,25,0
41,3,526,1,6.0,2,6,0,4,1,0.0,0,32,25,0
10,3,184,1,6.0,2,2,0,4,1,0.0,0,32,25,0
22,3,647,9,12.0,2,12,0,4,1,0.0,0,41,25,0
42,5,595,11,8.0,0,9,1,4,1,0.0,0,14,8,0
22,3,103,15,9.0,2,3,0,4,1,0.0,0,32,25,0
2,3,48,15,9.0,4,7,3,4,0,0.0,0,11,25,0
3,3,70,11,8.0,4,1,3,2,1,0.0,0,14,25,0
40,0,849,15,9.0,2,0,0,4,1,0.0,0,41,25,0
13,3,8,7,11.0,4,1,4,0,0,0.0,0,32,25,0
19,3,600,9,12.0,2,3,0,4,1,0.0,0,41,25,0
28,3,340,15,9.0,0,1,4,4,0,0.0,0,39,25,0
13,3,86,11,8.0,4,1,4,4,1,0.0,17,33,25,0
38,3,547,5,3.0,2,2,0,4,1,0.0,0,49,25,0
23,6,360,12,13.0,0,3,4,4,0,4.0,0,32,25,0
2,3,64,15,9.0,4,7,1,4,0,0.0,0,55,25,0
6,0,651,8,10.0,4,0,3,2,0,0.0,0,11,25,0
29,3,866,11,8.0,2,2,0,2,1,0.0,0,32,25,0
18,3,532,12,13.0,2,9,0,4,1,0.0,0,30,0,0
36,3,322,8,10.0,0,9,4,4,0,0.0,0,32,25,0
24,4,820,9,12.0,6,3,1,2,0,0.0,0,36,25,0
16,3,384,9,12.0,4,11,3,4,1,17.0,0,34,25,0
18,3,89,11,8.0,2,11,0,4,1,0.0,0,35,25,0
41,3,211,11,8.0,2,4,0,4,1,0.0,0,36,25,0
6,2,653,7,11.0,4,10,3,2,0,0.0,0,27,25,0
24,3,680,15,9.0,5,7,1,2,1,0.0,0,32,25,0
29,3,351,11,8.0,0,3,1,4,0,0.0,0,49,25,0
40,3,409,2,7.0,2,2,0,4,1,0.0,0,32,25,0
26,3,199,15,9.0,2,9,0,4,1,0.0,0,32,25,0
23,3,176,9,12.0,2,9,0,4,1,0.0,0,41,25,0
0,3,590,1,6.0,4,5,3,4,0,0.0,0,12,25,0
26,3,403,11,8.0,4,6,3,4,1,0.0,0,32,25,0
48,7,458,11,8.0,2,13,0,4,1,12.0,0,14,25,0
36,2,6,8,10.0,0,3,1,0,1,0.0,0,39,25,0
20,5,244,11,8.0,2,4,0,4,1,0.0,0,60,25,0
14,3,151,9,12.0,2,2,0,4,1,0.0,0,37,25,0
7,3,776,5,3.0,2,4,0,4,1,6.0,0,41,25,0
17,2,96,11,8.0,4,1,3,4,0,0.0,0,32,25,0
14,3,632,11,8.0,4,7,4,2,0,0.0,0,26,25,0
7,3,961,11,8.0,2,7,0,4,1,0.0,0,32,25,0
37,1,87,11,8.0,4,1,4,2,1,0.0,0,32,25,0
26,3,657,11,8.0,2,6,0,4,1,0.0,0,32,21,0
50,0,742,8,10.0,6,0,1,4,0,0.0,0,0,25,0
13,3,356,11,8.0,2,11,0,4,1,0.0,0,33,25,0
12,3,72,11,8.0,3,10,1,4,1,0.0,0,32,25,0
4,3,128,11,8.0,4,7,1,4,0,0.0,0,50,25,0
14,5,369,8,10.0,2,11,0,4,1,0.0,0,39,25,0
30,6,724,11,8.0,2,10,0,4,1,0.0,0,32,25,0
10,3,774,11,8.0,3,11,4,4,0,0.0,0,19,25,0
3,3,886,11,8.0,2,7,5,4,0,0.0,0,32,19,0
31,1,968,11,8.0,3,1,4,4,0,3.0,0,32,25,0
18,3,132,11,8.0,4,2,4,4,1,0.0,0,27,25,0
22,3,266,10,15.0,4,9,1,4,1,0.0,0,36,25,0
27,3,768,11,8.0,0,1,1,4,0,0.0,0,32,25,0
33,3,60,11,8.0,0,2,4,4,0,0.0,0,32,25,0
47,3,430,11,8.0,6,7,2,4,1,0.0,0,22,25,0
4,3,301,15,9.0,4,3,3,4,1,0.0,0,19,25,0
8,3,456,15,9.0,4,1,3,4,0,0.0,0,32,25,0
1,3,297,15,9.0,4,11,3,4,0,0.0,0,14,25,0
17,3,868,11,8.0,4,7,1,4,0,0.0,0,22,25,0
28,3,115,9,12.0,3,9,4,4,0,0.0,0,30,25,0
1,3,736,1,6.0,4,7,3,4,0,0.0,7,14,25,0
29,3,167,9,12.0,5,3,4,4,0,0.0,0,32,25,0
1,1,823,15,9.0,4,11,3,4,0,0.0,0,24,25,0
6,3,383,11,8.0,4,5,3,2,1,0.0,0,32,25,0
9,5,182,11,8.0,4,2,3,4,1,0.0,0,41,25,0
13,3,122,11,8.0,2,11,2,1,0,0.0,0,32,0,0
0,3,323,1,6.0,4,7,3,2,1,0.0,0,14,25,0
25,0,82,15,9.0,1,0,5,4,0,0.0,0,10,25,0
30,3,512,15,9.0,0,10,4,4,0,0.0,0,17,25,0
8,3,278,15,9.0,5,1,2,3,0,0.0,0,32,6,0
21,3,924,5,3.0,2,4,0,4,1,0.0,0,32,25,0
40,3,124,11,8.0,4,1,3,4,0,0.0,0,32,25,0
7,2,234,9,12.0,4,9,3,4,0,0.0,0,32,25,0
39,2,466,2,7.0,0,13,1,4,1,0.0,0,32,25,0
16,4,68,9,12.0,4,9,1,4,1,0.0,0,36,25,0
37,3,76,11,8.0,2,2,0,4,1,0.0,0,32,25,0
12,3,282,11,8.0,2,2,0,4,1,0.0,0,32,25,0
20,3,520,8,10.0,4,2,1,4,1,0.0,0,36,25,0
26,5,370,7,11.0,0,3,4,4,0,0.0,0,49,25,0
29,3,46,15,9.0,0,7,4,4,0,0.0,0,7,0,0
33,5,172,1,6.0,0,2,4,4,1,0.0,0,32,0,0
9,3,139,15,9.0,0,9,1,4,0,0.0,0,32,25,0
17,3,938,9,12.0,4,11,1,4,1,0.0,0,32,25,0
2,3,631,15,9.0,4,1,3,4,0,0.0,0,12,25,0
12,0,186,9,12.0,3,0,1,4,0,0.0,0,2,11,0
11,3,585,15,9.0,6,2,3,4,1,0.0,0,49,25,0
40,5,304,1,6.0,2,11,0,4,1,0.0,0,11,25,0
13,3,889,14,14.0,4,9,1,4,1,0.0,4,57,25,0
14,3,754,4,2.0,4,13,1,4,1,0.0,0,23,7,0
12,3,197,11,8.0,2,5,0,4,1,0.0,0,33,25,0
29,3,775,15,9.0,4,6,1,4,0,10.0,0,32,25,0
39,2,389,15,9.0,0,10,1,2,1,0.0,0,39,25,0
20,3,47,8,10.0,0,11,4,4,0,0.0,0,32,25,0
25,3,541,9,12.0,2,9,0,4,1,0.0,0,32,25,0
11,5,507,11,8.0,4,3,3,4,1,0.0,0,32,25,0
11,3,433,9,12.0,6,7,3,4,1,0.0,14,41,25,0
25,5,4,9,12.0,0,2,1,4,1,0.0,0,51,25,0
44,3,185,11,8.0,2,2,0,4,1,0.0,0,29,25,0
7,3,863,11,8.0,4,13,1,4,0,0.0,0,41,25,0
13,3,915,11,8.0,2,1,0,4,1,0.0,0,41,25,0
6,3,284,15,9.0,4,1,3,4,1,0.0,0,11,25,0
4,3,818,11,8.0,4,3,3,4,0,0.0,0,32,25,0
22,5,798,8,10.0,2,4,0,4,1,0.0,0,49,25,0
6,1,55,9,12.0,4,9,1,4,0,0.0,0,11,25,0
8,3,944,15,9.0,4,2,1,4,1,0.0,0,32,25,0
26,3,967,11,8.0,2,5,0,2,1,0.0,0,32,25,0
17,3,893,11,8.0,2,13,0,4,1,26.0,0,32,25,0
6,3,902,11,8.0,4,4,3,4,1,0.0,0,32,25,0
23,3,281,15,9.0,0,6,1,2,1,0.0,0,32,25,0
35,3,525,11,8.0,2,2,0,4,1,0.0,0,32,0,0
12,2,538,15,9.0,2,9,0,4,1,0.0,0,32,25,0
43,3,345,0,5.0,2,5,0,2,1,0.0,0,32,25,0
44,3,757,5,3.0,0,7,4,4,0,0.0,0,32,25,0
16,3,413,11,8.0,4,13,1,4,1,0.0,0,49,25,0
11,5,845,15,9.0,4,6,1,2,1,0.0,0,32,25,0
4,3,544,15,9.0,4,11,3,4,0,0.0,0,44,25,0
15,3,561,1,6.0,2,3,0,4,1,0.0,0,44,25,0
8,3,685,15,9.0,3,9,4,2,1,0.0,0,32,25,0
6,3,366,11,8.0,0,2,1,4,1,24.0,0,41,13,0
37,5,85,11,8.0,2,2,0,4,1,0.0,0,27,25,0
26,5,219,11,8.0,2,3,5,4,0,0.0,0,32,25,0
13,2,712,9,12.0,4,9,3,4,0,0.0,0,11,25,0
19,3,472,11,8.0,2,2,0,4,1,0.0,0,27,25,0
14,3,225,11,8.0,4,11,3,4,1,0.0,0,32,25,0
41,5,69,11,8.0,2,4,0,4,1,0.0,0,41,25,0
6,0,602,15,9.0,4,0,3,4,1,0.0,0,32,25,0
18,1,523,9,12.0,4,9,3,4,0,0.0,0,32,25,0
30,2,79,15,9.0,2,10,0,4,1,0.0,0,35,25,0
5,3,572,11,8.0,4,4,3,4,1,0.0,0,32,25,0
11,3,390,9,12.0,4,1,1,4,0,0.0,0,32,25,0
29,1,800,7,11.0,0,1,4,4,0,0.0,0,32,25,0
19,3,362,5,3.0,2,4,0,4,1,0.0,0,44,25,0
57,2,441,5,3.0,6,7,1,4,0,0.0,0,27,25,0
39,3,463,4,2.0,2,6,0,2,1,0.0,0,32,25,0
16,3,326,9,12.0,4,5,1,4,1,0.0,0,23,25,0
11,3,703,11,8.0,4,11,3,4,0,0.0,0,49,25,0
2,3,310,1,6.0,4,2,2,4,1,0.0,0,19,25,0
31,2,577,11,8.0,0,7,1,4,0,0.0,0,27,25,0
16,3,966,11,8.0,2,13,0,2,1,0.0,0,32,25,0
17,3,510,11,8.0,0,1,1,4,0,0.0,0,32,25,0
27,2,698,15,9.0,2,5,0,2,1,0.0,0,32,25,0
28,3,683,0,5.0,2,1,0,2,1,0.0,0,32,25,0
5,0,746,1,6.0,5,0,4,2,0,0.0,0,32,25,0
49,0,108,6,4.0,2,0,0,4,1,0.0,0,32,25,0
56,0,117,15,9.0,2,0,0,4,1,0.0,0,7,25,0
13,3,524,11,8.0,4,5,1,4,1,0.0,0,16,25,0
29,3,683,11,8.0,2,2,0,2,1,0.0,0,27,25,0
23,3,743,4,2.0,2,2,0,4,1,0.0,0,32,25,0
15,2,391,11,8.0,2,2,0,4,1,0.0,0,32,25,0
6,3,328,15,9.0,4,1,1,4,1,0.0,0,14,25,0
28,3,702,15,9.0,3,1,1,4,0,0.0,0,32,25,0
5,0,22,15,9.0,4,0,3,4,1,0.0,0,41,25,0
17,3,424,11,8.0,2,2,0,4,1,0.0,0,32,25,0
31,4,655,11,8.0,2,3,0,4,1,0.0,0,57,25,0
12,3,581,11,8.0,4,6,1,4,0,0.0,0,32,25,0
1,3,644,15,9.0,4,7,3,4,0,0.0,0,32,25,0
46,3,256,11,8.0,2,1,0,2,1,0.0,0,32,25,0
10,3,495,4,2.0,4,8,2,4,0,8.0,0,32,7,0
11,6,511,9,12.0,4,9,1,4,0,0.0,10,52,25,0
9,6,267,7,11.0,4,1,4,2,0,0.0,0,32,25,0
7,3,949,9,12.0,4,9,3,4,1,0.0,0,14,25,0
18,3,317,11,8.0,4,6,4,2,0,0.0,0,32,25,0
19,3,970,0,5.0,0,3,4,4,0,0.0,0,32,25,0
9,3,504,9,12.0,4,3,1,4,0,0.0,0,36,25,0
3,0,443,15,9.0,4,0,3,4,0,0.0,0,14,25,0
13,3,24,11,8.0,5,4,4,4,0,0.0,0,10,25,0
27,0,779,8,10.0,2,0,0,1,1,0.0,19,32,21,0
51,5,960,11,8.0,2,4,0,4,1,0.0,0,14,25,0
19,3,268,1,6.0,2,3,0,4,1,0.0,3,32,25,0
38,3,83,9,12.0,6,4,3,1,1,0.0,0,32,25,0
15,3,766,8,10.0,0,1,1,4,1,0.0,0,32,25,0
9,3,107,15,9.0,0,1,1,4,0,0.0,0,32,25,0
9,3,831,11,8.0,4,6,1,4,1,0.0,0,32,25,0
37,6,760,8,10.0,2,10,0,4,1,0.0,0,32,25,0
40,3,903,9,12.0,0,3,1,4,0,0.0,0,36,25,0
19,3,972,11,8.0,2,2,0,4,1,0.0,0,19,25,0
13,3,586,15,9.0,0,11,1,4,1,0.0,0,47,25,0
34,3,897,11,8.0,0,1,4,4,0,0.0,22,32,25,0
36,6,239,11,8.0,2,10,0,4,1,0.0,0,32,25,0
18,3,711,9,12.0,2,11,0,4,1,0.0,0,33,25,0
1,3,255,1,6.0,4,11,3,4,0,0.0,0,40,25,0
10,3,177,11,8.0,4,11,3,1,1,0.0,0,32,25,0
30,5,92,15,9.0,3,3,1,4,0,0.0,0,49,25,0
13,3,422,9,12.0,4,3,1,4,1,0.0,0,33,25,0
58,5,18,11,8.0,2,4,0,4,1,20.0,0,32,25,0
15,3,190,11,8.0,2,2,0,4,1,11.0,0,32,25,0
11,3,571,11,8.0,2,2,0,4,1,0.0,0,32,25,0
25,3,410,11,8.0,0,6,1,4,1,0.0,0,44,25,0
32,5,832,5,3.0,2,4,0,4,1,0.0,0,41,25,0
30,3,1,11,8.0,0,7,1,4,0,0.0,0,32,25,0
52,5,358,11,8.0,2,4,0,4,1,0.0,0,32,25,0
9,3,813,11,8.0,4,7,1,4,1,0.0,0,49,25,0
30,3,446,1,6.0,0,7,4,4,0,0.0,0,11,25,0
12,3,874,9,12.0,4,11,1,4,0,0.0,0,49,25,0
20,3,244,4,2.0,2,2,0,4,1,0.0,25,49,25,0
19,3,636,13,0.0,0,7,1,3,1,0.0,0,53,17,0
6,3,285,11,8.0,4,7,1,4,0,0.0,0,27,25,0
20,3,783,11,8.0,2,13,0,4,1,0.0,0,32,25,0
45,4,3,11,8.0,6,11,1,4,0,0.0,0,11,25,0
5,1,661,11,8.0,4,1,2,4,1,0.0,0,32,25,0
23,3,142,11,8.0,2,5,0,4,1,0.0,0,32,25,0
26,3,714,11,8.0,0,6,3,4,0,0.0,0,32,4,0
1,0,229,1,6.0,4,0,3,4,1,0.0,0,9,25,0
45,3,146,0,5.0,0,9,4,4,0,0.0,0,32,25,0
33,4,192,14,14.0,2,9,0,1,1,0.0,0,32,11,0
27,3,513,12,13.0,0,11,1,4,1,0.0,0,18,12,0
3,3,780,15,9.0,4,11,3,4,0,0.0,0,4,25,0
1,0,434,15,9.0,4,0,3,4,0,0.0,0,12,25,0
49,5,575,14,14.0,4,9,1,4,1,0.0,0,14,0,0
44,0,112,11,8.0,2,0,0,4,1,0.0,0,29,25,0
10,3,921,7,11.0,4,7,1,4,1,0.0,0,23,25,0
25,3,44,15,9.0,0,2,1,4,1,17.0,0,32,25,0
6,3,353,11,8.0,5,5,2,4,0,0.0,0,32,25,0
21,3,875,5,3.0,2,4,0,4,1,22.0,0,58,22,0
3,3,467,11,8.0,4,5,3,4,1,0.0,0,32,25,0
21,3,462,11,8.0,2,2,0,4,1,0.0,0,36,25,0
12,5,135,1,6.0,2,7,5,4,0,0.0,0,3,25,0
10,3,407,11,8.0,2,7,0,4,1,0.0,0,32,25,0
14,3,641,11,8.0,2,7,0,3,1,0.0,0,32,25,0
16,2,249,9,12.0,0,10,4,4,0,0.0,0,49,9,0
9,3,329,7,11.0,2,9,5,4,0,0.0,0,55,25,0
35,3,622,9,12.0,3,3,1,4,0,0.0,0,33,25,0
34,3,88,11,8.0,3,7,4,4,0,0.0,0,32,25,0
45,0,554,11,8.0,2,0,0,4,1,0.0,0,32,25,0
17,3,498,11,8.0,4,5,1,4,1,0.0,0,32,25,0
4,3,895,15,9.0,4,9,1,4,0,0.0,0,32,25,0
29,2,402,12,13.0,6,3,4,2,0,0.0,0,27,25,0
35,2,842,9,12.0,2,9,0,2,1,0.0,0,32,25,0
1,3,591,1,6.0,4,11,3,2,0,0.0,0,6,25,0
31,3,627,11,8.0,4,12,4,2,0,0.0,0,25,15,0
21,3,933,8,10.0,0,12,1,4,0,0.0,0,28,25,0
30,3,308,11,8.0,5,1,4,4,0,0.0,0,32,25,0
16,3,550,5,3.0,2,6,0,4,1,0.0,0,32,25,0
23,6,428,15,9.0,0,1,1,2,0,0.0,0,27,25,0
4,6,71,15,9.0,4,7,3,4,0,0.0,0,8,25,0
22,3,150,11,8.0,0,5,3,4,1,0.0,0,32,25,0
36,3,738,15,9.0,5,1,3,4,1,0.0,0,32,4,0
16,3,840,11,8.0,0,2,1,4,1,0.0,21,58,25,0
10,3,237,11,8.0,4,6,4,2,0,0.0,0,27,25,0
20,3,280,9,12.0,3,3,1,4,0,0.0,0,32,25,0
11,3,695,15,9.0,2,1,0,4,1,0.0,0,32,25,0
6,3,958,11,8.0,4,5,3,4,1,0.0,0,41,25,0
7,3,725,9,12.0,4,9,1,4,1,0.0,0,31,25,0
12,3,189,11,8.0,0,11,1,4,0,0.0,0,26,25,0
4,3,373,0,5.0,2,4,0,4,1,0.0,0,23,25,0
14,3,198,8,10.0,0,2,4,4,1,0.0,0,32,25,0
37,2,295,0,5.0,2,10,0,4,1,0.0,0,36,25,0
9,3,726,11,8.0,2,6,0,4,1,0.0,0,49,25,0
28,3,677,11,8.0,6,2,1,4,0,0.0,0,32,25,0
33,6,141,12,13.0,6,9,4,4,0,0.0,0,49,25,0
41,0,469,9,12.0,0,0,1,4,1,0.0,0,19,25,0
22,3,891,11,8.0,2,11,5,4,0,0.0,0,28,25,0
7,3,935,15,9.0,4,1,1,4,0,0.0,0,32,25,0
48,4,690,9,12.0,4,3,1,4,1,0.0,0,32,25,0
25,3,811,11,8.0,0,7,1,4,0,0.0,0,32,25,0
23,2,217,12,13.0,2,9,0,4,1,0.0,0,32,25,0
15,3,704,15,9.0,2,6,0,4,1,0.0,0,41,25,0
39,3,471,0,5.0,2,5,0,4,1,0.0,0,32,25,0
4,3,652,0,5.0,4,1,1,4,0,0.0,0,31,25,0
12,3,125,15,9.0,4,12,1,4,0,0.0,0,32,25,0
26,3,737,11,8.0,5,1,1,2,0,0.0,0,24,25,0
10,3,570,11,8.0,4,2,3,2,1,0.0,0,32,25,0
33,3,171,11,8.0,2,1,0,4,1,0.0,0,24,25,0
1,3,209,1,6.0,4,5,3,4,1,0.0,0,3,25,0
13,3,464,10,15.0,4,9,1,4,0,0.0,0,11,25,0
4,3,918,11,8.0,4,1,3,4,0,0.0,0,27,25,0
23,3,260,8,10.0,4,9,1,4,1,0.0,0,33,25,0
28,3,505,11,8.0,0,11,3,4,0,0.0,0,32,25,0
5,3,696,15,9.0,4,1,4,2,0,0.0,0,29,25,0
45,0,546,15,9.0,2,0,0,4,1,0.0,0,11,25,0
2,0,542,15,9.0,4,0,3,4,0,0.0,0,19,25,0
34,3,394,15,9.0,0,3,1,4,0,0.0,0,28,25,0
11,3,814,11,8.0,2,11,0,4,1,0.0,6,49,25,0
13,3,386,11,8.0,2,6,0,4,1,0.0,0,36,25,0
43,4,873,15,9.0,2,2,0,4,1,0.0,0,14,25,0
30,3,686,4,2.0,5,11,4,4,0,0.0,0,32,17,0
1,3,953,1,6.0,4,1,3,4,0,0.0,0,11,25,0
29,3,290,1,6.0,0,6,4,0,1,0.0,0,34,9,0
9,1,73,9,12.0,4,12,1,3,1,0.0,0,49,25,0
2,3,931,15,9.0,4,11,3,4,1,0.0,0,32,25,0
16,1,398,7,11.0,4,1,4,2,0,0.0,0,32,25,0
18,2,283,11,8.0,2,13,0,4,1,0.0,0,32,25,0
35,3,481,9,12.0,0,1,1,4,0,0.0,0,32,25,0
17,2,593,15,9.0,0,10,4,2,0,0.0,0,32,25,0
25,3,264,11,8.0,2,6,0,4,1,0.0,0,32,25,0
19,3,460,1,6.0,0,7,1,4,0,0.0,0,32,25,0
30,1,164,9,12.0,3,3,1,4,0,0.0,0,32,25,0
28,3,487,11,8.0,4,5,2,4,1,0.0,0,32,25,0
47,3,821,11,8.0,5,6,4,2,0,0.0,0,32,25,0
29,5,753,9,12.0,4,9,1,2,1,0.0,0,17,25,0
32,3,756,11,8.0,2,2,2,4,1,0.0,0,32,18,0
45,7,401,15,9.0,2,1,5,4,0,0.0,0,12,25,0
8,3,633,5,3.0,2,5,0,4,1,0.0,0,32,17,0
52,0,148,11,8.0,2,0,0,4,1,0.0,0,3,25,0
21,3,956,11,8.0,0,7,1,4,0,0.0,0,55,25,0
1,3,913,11,8.0,4,7,1,4,1,0.0,0,23,25,0
7,3,342,9,12.0,4,3,1,4,1,0.0,0,32,25,0
2,3,750,11,8.0,4,1,3,4,0,0.0,0,14,25,0
20,5,613,11,8.0,2,11,0,4,1,0.0,0,36,25,0
3,3,274,15,9.0,4,1,3,4,0,0.0,0,14,25,0
11,3,663,11,8.0,2,6,0,4,1,0.0,0,32,25,0
20,3,574,11,8.0,2,2,3,4,1,16.0,0,32,25,0
1,0,887,1,6.0,4,0,4,2,0,0.0,0,41,25,0
18,3,7,1,6.0,4,7,4,0,1,0.0,0,32,25,0
25,5,521,7,11.0,2,11,0,4,1,0.0,0,32,0,0
20,2,527,11,8.0,5,10,1,4,1,0.0,16,27,25,0
1,3,705,11,8.0,4,11,1,4,1,0.0,0,32,25,0
34,3,830,11,8.0,6,13,4,4,1,0.0,0,32,25,0
15,3,844,15,9.0,2,11,0,4,1,0.0,0,41,25,0
14,3,248,9,12.0,4,3,1,4,0,0.0,0,32,25,0
26,3,749,11,8.0,2,13,0,4,1,0.0,0,41,25,0
28,4,635,7,11.0,0,3,1,4,0,0.0,4,32,25,0
1,3,882,1,6.0,4,7,2,2,0,0.0,0,18,25,0
4,2,650,1,6.0,4,7,3,2,1,0.0,0,19,25,0
23,3,612,1,6.0,2,5,0,4,1,0.0,0,32,25,0
12,3,492,15,9.0,4,3,1,4,1,0.0,0,36,25,0
25,3,216,11,8.0,2,6,5,4,0,0.0,0,32,25,0
5,3,58,15,9.0,2,3,5,4,0,0.0,0,32,25,0
5,1,790,15,9.0,4,1,1,4,0,0.0,0,32,25,0
10,3,589,9,12.0,0,1,1,4,0,0.0,0,27,25,0
8,3,43,9,12.0,4,9,1,4,0,0.0,0,41,25,0
4,3,687,15,9.0,4,1,3,4,0,0.0,0,14,25,0
46,3,835,11,8.0,0,10,1,4,1,0.0,0,32,25,0
29,3,537,15,9.0,4,3,4,4,0,0.0,0,36,25,0
18,3,552,5,3.0,2,2,0,4,1,0.0,0,32,25,0
17,3,965,11,8.0,2,11,0,4,1,0.0,0,49,25,0
33,3,580,2,7.0,0,5,4,4,1,0.0,0,32,25,0
20,0,852,11,8.0,0,0,1,4,0,0.0,0,23,25,0
17,3,453,15,9.0,0,1,4,4,0,0.0,0,23,25,0
18,3,911,6,4.0,0,2,1,4,1,0.0,0,36,25,0
33,3,556,11,8.0,0,5,1,4,1,0.0,16,30,25,0
14,3,688,11,8.0,4,6,1,4,0,0.0,0,32,25,0
5,3,315,8,10.0,4,7,3,4,1,0.0,0,23,25,0
54,2,697,11,8.0,6,3,2,4,0,0.0,0,25,25,0
14,3,493,9,12.0,2,9,0,4,1,0.0,0,32,25,0
24,3,769,6,4.0,2,6,0,4,1,0.0,0,32,17,0
7,3,722,11,8.0,2,4,0,4,1,0.0,0,44,25,0
50,0,262,15,9.0,2,0,0,4,1,0.0,0,6,25,0
16,3,534,8,10.0,2,11,0,4,1,0.0,0,32,25,0
9,3,302,1,6.0,4,3,1,2,1,0.0,0,41,25,0
8,3,715,9,12.0,4,11,1,4,1,0.0,0,32,25,0
10,6,763,15,9.0,2,13,0,4,1,18.0,0,32,25,0
5,3,111,11,8.0,2,11,0,2,1,0.0,0,32,25,0
8,3,252,9,12.0,4,9,1,4,0,0.0,0,32,25,0
24,3,105,9,12.0,0,9,3,4,0,0.0,0,32,25,0
10,3,805,11,8.0,2,1,0,4,1,21.0,0,36,25,0
30,6,354,11,8.0,0,1,4,4,1,0.0,0,30,25,0
6,3,289,8,10.0,4,1,4,4,0,0.0,0,32,25,0
60,2,130,3,1.0,6,4,1,1,1,2.0,0,14,20,0
17,3,907,11,8.0,2,12,0,4,1,0.0,0,32,25,0
32,3,354,11,8.0,5,5,1,4,1,0.0,0,32,25,0
4,0,762,15,9.0,2,0,0,4,1,0.0,0,32,25,0
25,3,646,4,2.0,5,1,2,4,1,0.0,0,32,7,0
14,3,175,11,8.0,2,6,5,4,0,0.0,0,44,25,0
29,3,528,11,8.0,0,13,1,4,1,0.0,0,32,25,0
4,3,37,11,8.0,4,10,1,2,1,0.0,0,8,25,0
2,3,939,11,8.0,4,7,3,4,1,0.0,0,14,25,0
56,0,529,9,12.0,2,0,0,4,1,0.0,0,32,25,0
49,0,331,8,10.0,2,0,0,4,1,0.0,0,36,25,0
12,3,279,1,6.0,5,7,3,2,0,0.0,0,32,25,0
5,0,49,15,9.0,4,0,3,4,1,0.0,0,32,25,0
8,3,815,11,8.0,4,7,1,4,1,0.0,0,51,25,0
44,3,554,0,5.0,6,4,4,4,1,0.0,0,14,25,0
24,6,478,8,10.0,2,12,0,4,1,0.0,0,32,25,0
20,3,582,15,9.0,6,7,1,4,0,10.0,0,32,0,0
21,3,104,7,11.0,2,2,0,4,1,0.0,0,36,25,0
3,3,473,11,8.0,4,2,3,4,1,0.0,0,32,25,0
45,3,971,11,8.0,2,11,0,4,1,0.0,0,35,25,0
6,3,947,9,12.0,4,11,1,4,1,0.0,0,19,25,0
25,5,160,8,10.0,2,3,0,4,1,0.0,0,41,25,0
24,6,210,12,13.0,2,3,5,2,0,0.0,0,32,25,0
30,0,846,8,10.0,0,0,1,4,0,0.0,0,32,25,0
4,1,445,2,7.0,4,1,3,2,1,0.0,0,19,25,0
16,3,242,11,8.0,2,3,0,4,1,0.0,0,32,25,0
13,3,183,15,9.0,2,2,1,4,1,0.0,0,32,17,0
38,3,228,6,4.0,2,13,5,4,0,0.0,0,39,25,0
13,3,824,9,12.0,4,1,1,4,0,0.0,0,32,25,0
6,3,901,15,9.0,4,7,1,4,0,0.0,0,18,25,0
23,3,628,11,8.0,2,3,5,4,0,0.0,0,32,25,0
1,3,560,2,7.0,4,7,3,4,0,0.0,0,19,25,0
3,3,251,11,8.0,2,5,0,4,1,0.0,0,41,25,0
1,3,950,11,8.0,4,7,1,4,1,0.0,0,14,25,0
13,3,928,15,9.0,2,2,0,4,1,0.0,0,32,25,0
39,5,74,9,12.0,0,4,1,4,1,0.0,0,23,25,0
7,3,100,8,10.0,4,12,4,2,0,0.0,0,32,25,0
11,3,689,15,9.0,4,7,1,4,1,0.0,0,32,25,0
1,3,675,15,9.0,4,11,3,4,0,0.0,0,19,25,0
18,3,51,11,8.0,4,7,3,4,1,0.0,0,23,25,0
13,0,603,1,6.0,4,0,3,2,0,0.0,0,32,25,0
21,3,611,9,12.0,2,4,0,4,1,0.0,0,49,25,0
15,3,372,9,12.0,2,9,2,4,1,0.0,0,32,25,0
7,3,321,15,9.0,4,5,3,4,1,0.0,0,41,25,0
5,4,53,15,9.0,2,2,0,4,1,0.0,0,32,25,0
35,3,395,11,8.0,4,7,4,4,1,0.0,0,32,25,0
8,3,207,11,8.0,2,6,0,4,1,0.0,0,32,25,0
0,3,442,0,5.0,4,7,3,4,1,0.0,0,19,25,0
9,3,399,15,9.0,2,3,0,4,1,0.0,0,49,25,0
14,3,549,11,8.0,2,13,0,4,1,0.0,0,41,25,0
5,5,759,15,9.0,4,7,3,4,1,0.0,0,27,25,0
25,5,27,11,8.0,2,2,0,4,1,0.0,0,36,25,0
19,0,187,11,8.0,2,0,0,4,1,0.0,0,11,25,0
1,0,890,1,6.0,4,0,3,4,1,0.0,0,12,25,0
24,3,316,11,8.0,3,1,4,4,0,0.0,0,32,25,0
34,3,52,11,8.0,2,3,5,4,0,0.0,0,49,25,0
21,3,621,11,8.0,2,2,0,4,1,0.0,0,41,25,0
31,3,533,15,9.0,2,9,0,4,1,0.0,0,32,25,0
1,0,604,15,9.0,4,0,3,4,0,0.0,0,32,25,0
9,3,826,15,9.0,4,11,1,4,1,0.0,0,36,25,0
20,3,106,11,8.0,2,5,0,4,1,0.0,0,32,25,0
22,3,548,9,12.0,0,11,4,4,1,0.0,0,49,25,0
39,5,213,9,12.0,2,9,0,4,1,0.0,0,36,25,0
21,2,347,11,8.0,4,13,1,4,1,0.0,0,32,25,0
26,3,853,11,8.0,0,7,4,1,1,28.0,0,32,20,0
23,3,501,9,12.0,4,9,1,4,1,0.0,0,23,25,0
5,3,565,11,8.0,4,7,3,2,0,0.0,0,32,25,0
1,3,786,11,8.0,2,5,0,4,1,0.0,0,32,4,0
3,3,101,15,9.0,4,11,1,4,0,0.0,0,41,25,0
24,3,539,11,8.0,0,2,4,4,0,0.0,0,32,25,0
19,3,943,4,2.0,2,2,0,4,1,0.0,0,32,17,0
1,3,418,11,8.0,4,11,3,4,0,0.0,0,16,25,0
55,3,272,4,2.0,2,7,0,2,1,0.0,0,28,25,0
4,3,149,11,8.0,4,2,1,4,1,0.0,0,32,25,0
22,3,465,6,4.0,2,2,0,4,1,0.0,0,32,25,0
7,3,215,11,8.0,0,7,4,4,0,0.0,0,27,25,0
13,2,870,11,8.0,2,3,0,4,1,0.0,0,32,25,0
48,2,731,1,6.0,2,13,0,4,1,0.0,0,27,25,0
4,0,864,15,9.0,4,0,1,4,0,0.0,0,34,25,0
4,3,414,9,12.0,4,1,1,4,1,0.0,0,32,3,0
3,3,693,15,9.0,3,11,3,2,0,0.0,0,13,25,0
0,3,205,0,5.0,4,11,3,4,0,0.0,0,9,25,0
14,3,248,15,9.0,4,11,3,4,0,0.0,0,32,25,0
30,3,851,11,8.0,2,11,0,4,1,0.0,0,32,25,0
5,3,869,11,8.0,4,12,1,4,0,0.0,0,32,25,0
8,4,392,11,8.0,4,6,1,4,1,0.0,0,51,25,0
17,0,920,11,8.0,0,0,1,4,1,0.0,0,32,25,0
11,6,839,9,12.0,2,9,0,4,1,0.0,0,14,25,0
24,3,16,8,10.0,0,9,4,4,0,0.0,0,32,25,0
2,0,114,15,9.0,4,0,3,1,0,0.0,0,32,25,0
5,3,716,15,9.0,4,1,3,2,0,0.0,0,19,25,0
13,4,906,11,8.0,2,5,0,4,1,0.0,0,49,25,0
36,3,836,11,8.0,0,6,4,2,1,0.0,0,24,25,0
46,3,665,9,12.0,6,1,1,4,0,0.0,0,19,25,0
11,3,666,9,12.0,4,1,1,4,0,0.0,0,32,25,0
16,3,193,11,8.0,0,10,1,4,1,0.0,0,52,25,0
15,3,15,11,8.0,2,13,0,4,1,0.0,0,32,25,0
15,2,629,11,8.0,4,1,1,2,0,0.0,0,29,25,0
13,5,781,15,9.0,4,11,2,1,1,0.0,21,32,24,0
20,3,676,9,12.0,2,3,2,4,1,18.0,0,38,25,0
31,3,241,9,12.0,0,11,4,4,0,0.0,0,35,25,0
2,3,123,11,8.0,4,7,3,4,1,0.0,0,32,25,0
41,3,694,3,1.0,5,4,1,2,1,0.0,0,41,25,0
44,3,137,11,8.0,6,1,1,4,0,0.0,0,32,25,0
12,3,439,11,8.0,0,11,4,4,0,0.0,0,19,25,0
45,3,599,12,13.0,2,3,0,4,1,0.0,0,44,25,0
12,6,154,12,13.0,2,1,0,4,1,0.0,0,28,25,0
5,3,801,1,6.0,2,6,2,4,1,0.0,0,33,25,0
5,3,859,11,8.0,4,5,1,4,1,0.0,0,23,25,0
30,3,200,5,3.0,5,7,1,4,0,0.0,0,30,25,0
15,3,56,9,12.0,4,3,1,4,1,0.0,0,41,25,0
6,3,540,7,11.0,4,1,3,4,0,0.0,14,14,25,0
5,3,662,15,9.0,4,11,3,2,0,0.0,0,32,25,0
4,3,707,11,8.0,4,4,3,4,1,0.0,0,51,25,0
7,3,324,0,5.0,4,6,1,4,1,0.0,0,36,25,0
7,3,973,11,8.0,4,3,3,2,0,0.0,0,32,25,0
28,3,594,9,12.0,2,3,0,4,1,0.0,0,39,0,0
40,1,558,15,9.0,0,1,3,4,1,0.0,0,32,25,0
10,3,254,9,12.0,0,3,4,4,1,0.0,0,33,25,0
32,3,734,5,3.0,4,7,2,4,1,0.0,0,27,25,0
26,0,67,11,8.0,0,0,1,0,1,0.0,0,36,25,0
26,4,748,9,12.0,2,9,0,4,1,0.0,0,49,25,0
3,3,598,6,4.0,4,13,4,4,1,0.0,0,27,25,0
33,4,789,12,13.0,5,3,4,1,1,0.0,0,36,2,0
13,2,423,15,9.0,4,1,3,4,0,0.0,0,7,25,0
9,0,50,9,12.0,4,0,1,4,0,0.0,0,32,25,0
59,0,118,7,11.0,6,0,1,4,0,0.0,0,2,25,0
32,6,269,11,8.0,2,2,0,4,1,0.0,0,32,22,0
8,3,568,11,8.0,4,6,3,4,1,0.0,0,32,25,0
17,1,468,8,10.0,0,1,3,2,0,5.0,0,32,25,0
34,3,974,11,8.0,0,2,1,4,1,0.0,0,41,25,0
0,3,545,6,4.0,4,11,1,4,0,0.0,0,23,25,0
7,3,664,8,10.0,4,6,3,4,1,0.0,0,32,25,0
14,3,930,9,12.0,4,1,1,4,1,0.0,0,41,25,0
16,3,909,11,8.0,2,5,0,4,1,0.0,0,27,11,0
4,3,157,15,9.0,4,11,1,4,0,0.0,0,36,25,0
1,3,367,1,6.0,4,7,3,2,1,0.0,0,14,25,0
7,3,298,11,8.0,4,1,3,4,0,0.0,0,23,25,0
29,5,962,11,8.0,2,9,0,4,1,0.0,0,49,25,0
15,3,393,11,8.0,0,11,1,4,1,0.0,0,41,25,0
28,2,777,11,8.0,4,1,1,4,0,0.0,0,32,25,0
22,3,140,9,12.0,2,11,0,4,1,0.0,0,32,25,0
27,3,120,9,12.0,2,3,0,4,1,0.0,0,41,25,0
5,3,300,15,9.0,4,1,4,2,0,0.0,0,23,25,0
46,1,672,15,9.0,0,3,4,4,0,0.0,0,32,25,0
3,3,5,11,8.0,2,1,5,4,0,0.0,0,14,25,0
17,3,948,2,7.0,2,13,0,2,1,0.0,0,44,25,0
2,3,330,11,8.0,4,6,3,4,0,0.0,0,26,25,0
13,3,291,15,9.0,4,1,3,4,1,0.0,0,36,25,0
49,3,862,15,9.0,2,11,0,4,1,0.0,0,18,25,0
34,3,934,11,8.0,0,3,1,4,0,0.0,0,32,25,0
5,3,169,11,8.0,4,5,3,4,0,0.0,0,32,25,0
4,0,616,15,9.0,4,0,4,4,0,0.0,0,27,25,0
9,3,451,9,12.0,4,1,1,4,0,0.0,0,32,25,0
14,5,796,8,10.0,2,3,0,4,1,16.0,0,41,25,0
8,3,782,9,12.0,4,9,1,4,1,0.0,0,36,25,0
15,3,270,11,8.0,4,2,1,4,1,0.0,0,32,25,0
8,2,606,15,9.0,4,1,3,4,0,0.0,0,32,25,0
42,3,448,0,5.0,2,9,0,4,1,0.0,0,32,25,0
5,3,717,11,8.0,2,6,0,4,1,0.0,0,32,25,0
17,3,231,15,9.0,2,5,0,4,1,0.0,0,32,25,0
19,5,892,10,15.0,4,9,1,4,1,0.0,0,23,0,1
25,3,168,11,8.0,2,13,0,4,1,0.0,0,49,25,1
28,6,553,14,14.0,0,9,4,2,1,38.0,0,28,25,1
30,3,837,9,12.0,2,3,5,4,0,0.0,0,32,25,1
15,6,212,14,14.0,2,9,0,4,1,0.0,0,55,25,1
45,3,415,11,8.0,2,6,0,4,1,0.0,0,32,25,1
29,3,674,11,8.0,2,13,0,4,1,36.0,0,35,25,1
17,3,372,9,12.0,2,9,0,4,1,0.0,0,32,25,1
11,2,163,15,9.0,2,10,0,4,1,0.0,0,32,25,1
13,3,514,12,13.0,2,9,0,1,1,0.0,0,32,25,1
8,3,648,11,8.0,2,12,2,4,0,0.0,0,39,25,1
40,3,923,9,12.0,2,9,0,4,1,0.0,0,44,25,1
18,3,567,9,12.0,2,9,0,1,1,0.0,0,32,20,1
30,3,238,11,8.0,0,2,1,4,1,0.0,0,32,25,1
31,3,517,15,9.0,2,2,0,4,1,0.0,0,32,25,1
27,3,457,11,8.0,2,1,0,2,1,0.0,0,42,25,1
42,3,203,0,5.0,2,13,0,4,1,0.0,1,32,25,1
17,5,307,14,14.0,2,9,0,4,1,0.0,0,44,25,1
17,3,10,9,12.0,2,4,0,4,1,0.0,0,41,25,1
25,3,476,8,10.0,2,3,0,4,1,36.0,0,44,25,1
53,5,41,9,12.0,2,9,0,4,1,37.0,0,27,25,1
20,1,729,11,8.0,0,3,1,4,1,0.0,0,32,25,1
16,3,794,9,12.0,2,9,0,4,1,0.0,0,36,25,1
28,3,179,8,10.0,0,3,1,4,1,0.0,0,32,25,1
32,3,751,11,8.0,2,11,0,4,1,0.0,0,32,25,1
26,2,25,12,13.0,2,3,0,4,1,0.0,0,32,25,1
19,3,879,15,9.0,2,2,0,4,1,0.0,11,32,25,1
31,3,578,1,6.0,2,13,0,4,1,0.0,0,32,25,1
46,3,233,11,8.0,2,6,0,4,1,0.0,0,32,25,1
28,3,29,9,12.0,2,9,0,4,1,0.0,0,41,25,1
14,3,240,15,9.0,4,3,1,4,0,0.0,0,32,25,1
54,3,350,9,12.0,0,11,1,4,0,0.0,13,30,25,1
23,3,338,11,8.0,2,3,0,4,1,0.0,1,32,25,1
31,1,955,12,13.0,2,9,0,4,1,0.0,0,32,25,1
14,3,884,11,8.0,2,3,0,1,1,0.0,0,36,25,1
27,4,819,1,6.0,2,11,0,4,1,0.0,0,49,22,1
24,3,232,12,13.0,2,9,0,4,1,0.0,0,44,25,1
21,3,202,15,9.0,2,2,0,4,1,15.0,0,32,25,1
30,3,411,9,12.0,2,11,0,4,1,0.0,0,36,25,1
24,3,421,9,12.0,2,4,0,4,1,0.0,0,36,25,1
32,5,196,11,8.0,0,11,1,4,1,0.0,0,41,25,1
42,3,670,11,8.0,2,13,0,2,1,0.0,0,32,25,1
33,3,480,11,8.0,2,11,0,4,1,33.0,0,45,25,1
48,6,872,15,9.0,2,6,0,2,1,0.0,0,32,25,1
39,2,668,9,12.0,2,12,0,4,1,0.0,0,32,25,1
26,3,963,14,14.0,2,9,0,4,1,40.0,0,49,25,1
33,3,180,9,12.0,2,3,5,4,0,0.0,24,14,25,1
13,4,619,15,9.0,2,3,0,4,1,0.0,0,28,25,1
46,5,787,15,9.0,2,3,0,4,1,0.0,0,32,25,1
33,0,343,11,8.0,2,0,0,4,1,0.0,0,32,25,1
16,3,482,12,13.0,2,9,5,4,0,27.0,0,7,25,1
24,3,555,12,13.0,0,3,4,2,0,0.0,0,49,25,1
17,3,848,15,9.0,4,6,1,4,1,0.0,0,32,8,1
19,3,19,15,9.0,2,2,0,4,1,30.0,0,32,25,1
26,3,26,15,9.0,3,2,4,4,1,0.0,27,32,25,1
27,3,257,11,8.0,2,3,5,4,0,15.0,0,32,25,1
23,3,747,15,9.0,2,11,0,4,1,36.0,0,41,25,1
13,3,952,11,8.0,4,5,3,2,0,40.0,0,32,25,1
14,3,333,11,8.0,2,2,0,4,1,0.0,0,39,25,1
13,2,518,15,9.0,2,10,0,4,1,36.0,0,32,25,1
39,2,614,11,8.0,2,2,0,4,1,0.0,0,32,25,1
18,3,161,14,14.0,4,9,1,1,1,0.0,0,32,11,1
23,2,583,9,12.0,0,12,1,4,0,34.0,0,32,8,1
22,5,312,11,8.0,2,11,0,4,1,0.0,0,41,25,1
19,3,352,11,8.0,2,2,0,4,1,0.0,0,44,25,1
41,1,640,9,12.0,2,3,0,4,1,0.0,0,32,25,1
40,3,506,9,12.0,2,9,0,4,1,30.0,0,32,25,1
32,4,673,14,14.0,2,9,0,4,1,0.0,0,49,25,1
13,3,719,9,12.0,2,11,0,4,1,0.0,0,32,25,1
34,3,883,11,8.0,2,2,0,4,1,0.0,12,32,25,1
29,3,910,15,9.0,2,10,0,2,1,0.0,0,32,25,1
49,0,569,1,6.0,2,0,0,4,1,0.0,23,1,25,1
33,3,17,11,8.0,2,9,5,4,0,0.0,0,32,25,1
46,5,34,9,12.0,2,9,0,1,1,0.0,15,24,2,1
14,3,62,9,12.0,4,3,1,4,0,0.0,2,49,25,1
15,3,691,11,8.0,2,2,0,4,1,0.0,0,32,25,1
10,4,671,2,7.0,2,1,0,4,1,0.0,0,32,25,1
21,3,136,9,12.0,0,11,1,4,1,0.0,0,39,25,1
36,3,155,11,8.0,2,9,0,4,1,0.0,0,33,25,1
23,1,503,11,8.0,2,1,0,4,1,30.0,0,41,25,1
22,3,615,15,9.0,2,11,0,4,1,27.0,0,49,25,1
26,3,865,7,11.0,4,9,1,4,0,0.0,0,24,0,1
31,3,181,9,12.0,2,3,0,4,1,30.0,0,49,25,1
49,5,951,10,15.0,2,11,0,4,1,0.0,23,19,25,1
50,5,802,9,12.0,2,9,0,4,1,0.0,0,14,25,1
14,2,550,11,8.0,0,10,1,4,1,0.0,0,38,25,1
25,4,817,14,14.0,2,9,0,4,1,36.0,0,51,25,1
19,3,376,9,12.0,2,11,0,4,1,0.0,12,32,25,1
21,3,45,9,12.0,2,3,0,4,1,36.0,0,51,25,1
37,3,927,0,5.0,5,13,4,2,1,0.0,0,36,25,1
21,3,246,9,12.0,2,6,0,4,1,0.0,0,41,25,1
27,3,969,9,12.0,2,3,0,2,1,0.0,0,32,25,1
50,3,575,12,13.0,2,9,0,4,1,37.0,0,49,25,1
28,5,113,14,14.0,2,9,0,4,1,30.0,0,49,25,1
52,5,733,14,14.0,2,9,0,4,1,40.0,0,32,25,1
32,5,57,10,15.0,4,9,1,4,1,40.0,0,52,25,1
35,4,292,11,8.0,2,3,0,4,1,0.0,0,32,25,1
25,5,126,15,9.0,2,3,0,4,1,0.0,0,44,25,1
10,3,81,9,12.0,2,3,5,2,0,0.0,0,36,25,1
10,3,916,9,12.0,2,9,5,4,0,0.0,0,59,25,1
28,4,247,11,8.0,2,2,0,4,1,0.0,0,41,25,1
17,5,13,11,8.0,0,3,1,4,1,0.0,0,49,25,1
6,3,201,1,6.0,4,2,3,1,1,35.0,0,32,26,1
34,3,299,15,9.0,2,1,0,4,1,30.0,0,32,25,1
33,4,828,10,15.0,2,9,0,4,1,36.0,0,49,25,1
20,3,127,15,9.0,2,12,0,4,1,0.0,0,32,25,1
36,3,940,11,8.0,2,5,0,4,1,0.0,0,42,25,1
33,4,341,11,8.0,2,3,0,4,1,0.0,0,49,25,1
13,3,435,14,14.0,2,9,0,4,1,0.0,0,49,25,1
17,5,959,9,12.0,2,3,0,4,1,36.0,0,27,25,1
27,2,336,11,8.0,2,7,5,2,0,0.0,0,30,15,1
31,3,377,15,9.0,0,9,1,4,1,0.0,0,32,25,1
15,3,642,12,13.0,2,3,0,4,1,0.0,0,44,25,1
25,3,788,1,6.0,2,2,0,4,1,0.0,0,27,25,1
24,3,258,9,12.0,5,9,1,2,0,40.0,0,49,25,1
31,3,623,9,12.0,2,9,0,4,1,0.0,0,32,25,1
42,2,75,9,12.0,2,9,0,4,1,0.0,0,41,25,1
30,3,387,9,12.0,2,3,0,4,1,0.0,0,36,1,1
15,6,90,11,8.0,2,3,0,4,1,0.0,0,49,25,1
27,3,649,15,9.0,2,11,5,4,0,23.0,0,32,25,1
14,5,772,11,8.0,2,7,5,4,0,0.0,24,32,25,1
17,6,618,12,13.0,2,9,0,4,1,0.0,0,41,25,1
33,3,617,12,13.0,2,3,0,4,1,36.0,0,51,25,1
32,3,643,8,10.0,2,3,0,4,1,33.0,0,49,25,1
13,5,479,15,9.0,3,2,3,4,1,0.0,0,49,25,1
48,3,522,11,8.0,2,6,0,4,1,29.0,0,32,25,1
27,6,26,12,13.0,2,9,0,4,1,33.0,0,41,25,1
35,3,420,11,8.0,2,11,0,4,1,0.0,12,49,25,1
13,3,153,11,8.0,2,6,0,1,1,0.0,0,32,26,1
45,3,130,15,9.0,2,11,0,1,1,0.0,0,32,25,1
27,1,741,15,9.0,0,3,4,4,1,0.0,0,49,25,1
14,3,287,7,11.0,2,2,1,1,1,0.0,0,41,25,1
19,3,166,15,9.0,2,6,0,4,1,0.0,11,32,25,1
23,3,576,7,11.0,2,9,0,4,1,33.0,0,32,25,1
18,3,305,12,13.0,2,9,2,4,1,30.0,0,32,25,1
14,3,385,12,13.0,2,11,0,4,1,0.0,0,56,25,1
21,3,263,9,12.0,2,3,0,4,1,0.0,0,32,0,1
20,5,416,11,8.0,2,11,0,4,1,0.0,12,36,25,1
46,0,755,14,14.0,2,0,0,4,1,0.0,0,23,25,1
15,3,138,12,13.0,2,11,0,4,1,0.0,0,49,25,1
16,3,397,15,9.0,2,6,0,4,1,0.0,0,43,25,1
29,3,764,14,14.0,5,9,1,4,1,0.0,0,41,25,1
33,1,42,15,9.0,2,1,0,4,1,0.0,0,32,25,1
24,4,93,9,12.0,2,3,0,4,1,0.0,0,60,25,1
17,3,792,15,9.0,2,3,5,4,0,0.0,0,36,25,1
10,5,223,15,9.0,4,3,1,4,1,0.0,0,49,25,1
41,4,700,15,9.0,6,11,1,4,0,0.0,0,14,25,1
36,3,637,15,9.0,2,13,0,3,1,0.0,0,49,25,1
28,3,261,12,13.0,2,3,0,4,1,0.0,15,49,25,1
24,5,78,11,8.0,2,13,0,4,1,30.0,0,41,25,1
24,1,905,11,8.0,2,12,0,4,1,0.0,0,32,25,1
32,1,195,8,10.0,2,2,0,1,1,0.0,0,32,25,1
27,3,535,11,8.0,2,11,0,4,1,0.0,0,32,25,1
13,2,400,9,12.0,2,10,0,4,1,0.0,0,36,25,1
49,3,271,15,9.0,2,3,0,4,1,0.0,0,32,25,1
25,3,587,14,14.0,2,12,0,4,1,0.0,0,51,25,1
20,2,936,9,12.0,2,1,0,4,1,0.0,0,32,25,1
24,4,99,7,11.0,2,9,0,4,1,36.0,0,41,25,1
20,3,718,9,12.0,0,3,4,4,0,31.0,0,36,25,1
25,2,359,12,13.0,2,10,0,4,1,33.0,0,27,25,1
44,3,129,11,8.0,5,13,4,1,1,0.0,0,36,25,1
30,3,594,15,9.0,2,9,0,4,1,0.0,0,32,25,1
38,3,194,11,8.0,2,5,0,4,1,15.0,0,32,25,1
14,3,335,9,12.0,2,2,0,4,1,0.0,0,32,25,1
17,3,474,9,12.0,2,3,0,4,1,15.0,0,44,25,1
32,5,378,4,2.0,2,7,0,4,1,0.0,0,32,25,1
34,3,306,11,8.0,2,1,5,4,0,33.0,0,32,25,1
49,4,773,11,8.0,2,11,0,4,1,0.0,9,7,25,1
41,3,102,0,5.0,2,13,0,4,1,0.0,0,32,25,1
22,3,807,12,13.0,0,7,1,4,0,0.0,0,41,25,1
23,4,658,15,9.0,2,3,0,4,1,30.0,0,51,25,1
34,3,97,12,13.0,2,9,5,4,0,0.0,0,32,25,1
34,3,294,2,7.0,6,6,1,4,1,0.0,2,32,25,1
53,4,634,9,12.0,2,3,0,4,1,0.0,23,41,25,1
22,2,449,12,13.0,0,9,4,4,0,0.0,0,23,25,1
34,2,59,12,13.0,2,9,0,4,1,0.0,0,43,25,1
27,3,888,9,12.0,2,6,0,4,1,0.0,15,32,25,1
30,2,40,12,13.0,2,9,0,4,1,0.0,0,49,25,1
43,4,156,11,8.0,2,1,5,4,0,0.0,0,6,25,1
39,3,477,11,8.0,2,1,5,4,0,36.0,0,18,25,1
27,5,752,11,8.0,2,9,5,4,0,0.0,0,32,14,1
38,4,361,15,9.0,2,3,0,4,1,0.0,15,36,25,1
33,3,470,8,10.0,2,9,0,4,1,0.0,0,32,25,1
17,3,221,2,7.0,2,2,0,4,1,0.0,0,48,25,1
21,3,620,9,12.0,2,3,0,4,1,0.0,0,44,25,1
27,3,199,12,13.0,2,9,0,4,1,0.0,0,35,25,1
24,5,371,14,14.0,2,3,0,4,1,36.0,0,32,25,1
25,5,20,9,12.0,2,4,0,4,1,0.0,0,49,25,1
12,3,957,9,12.0,2,9,0,4,1,0.0,0,32,25,1
40,6,21,12,13.0,2,9,0,4,1,0.0,0,41,25,1
19,3,174,11,8.0,2,2,0,4,1,0.0,0,32,25,1
25,3,566,11,8.0,2,6,0,4,1,0.0,0,32,25,1
47,2,65,10,15.0,2,10,0,4,1,0.0,0,36,25,1
28,4,912,9,12.0,2,3,0,2,1,0.0,0,36,25,1
29,3,346,11,8.0,2,1,5,4,0,0.0,0,32,25,1
15,3,806,15,9.0,2,13,0,4,1,27.0,0,41,25,1
11,3,484,9,12.0,2,3,0,4,1,27.0,0,41,25,1
30,1,61,9,12.0,3,3,1,4,1,0.0,0,49,25,1
19,3,850,9,12.0,2,11,0,4,1,0.0,0,41,25,1
24,3,557,9,12.0,2,3,0,4,1,0.0,0,32,25,1
17,3,964,15,9.0,4,9,1,4,1,0.0,0,41,25,1
33,3,804,9,12.0,0,3,4,4,0,0.0,0,32,25,1
30,3,455,15,9.0,2,3,0,4,1,0.0,0,29,6,1
28,3,375,12,13.0,2,3,0,2,1,0.0,0,32,25,1
22,6,770,10,15.0,4,9,1,4,1,0.0,26,41,25,1
10,3,348,11,8.0,4,7,1,4,0,0.0,0,41,25,1
28,3,876,15,9.0,2,2,0,4,1,0.0,0,32,25,1
38,3,765,15,9.0,2,9,0,4,1,0.0,0,32,25,1
18,3,530,11,8.0,2,2,0,4,1,0.0,0,32,25,1
28,1,378,15,9.0,2,9,0,4,1,0.0,0,32,25,1
30,3,250,9,12.0,2,2,0,4,1,36.0,0,41,25,1
28,3,35,9,12.0,2,12,0,2,1,0.0,0,32,25,1
13,3,630,11,8.0,2,13,0,4,1,0.0,0,54,25,1
36,3,488,15,9.0,2,11,0,4,1,0.0,0,36,25,1
24,3,822,15,9.0,2,1,0,4,1,0.0,0,36,25,1
45,1,32,15,9.0,2,9,0,4,1,0.0,0,32,25,1
31,3,436,9,12.0,2,11,0,4,1,0.0,0,19,25,1
29,3,380,9,12.0,2,13,0,4,1,0.0,0,32,25,1
33,3,808,11,8.0,2,13,0,4,1,0.0,0,32,25,1
42,0,516,11,8.0,2,0,5,4,0,0.0,0,32,25,1
23,3,168,12,13.0,2,11,0,4,1,15.0,0,34,25,1
22,3,357,15,9.0,2,2,0,4,1,0.0,0,44,25,1
61,4,730,0,5.0,2,4,0,4,1,37.0,0,41,25,1
41,3,825,9,12.0,2,9,0,4,1,0.0,0,32,25,1
22,3,66,11,8.0,2,6,0,4,1,0.0,0,32,25,1
39,3,625,15,9.0,2,3,0,4,1,0.0,0,32,25,1
31,3,243,8,10.0,2,7,0,1,1,0.0,0,45,20,1
32,3,914,9,12.0,2,3,0,4,1,0.0,0,34,25,1
21,3,204,12,13.0,2,9,0,4,1,30.0,0,41,25,1
14,0,9,9,12.0,2,0,5,4,0,0.0,0,19,25,1
53,3,152,9,12.0,2,11,0,4,1,0.0,0,52,25,1
24,3,827,9,12.0,2,2,0,4,1,40.0,0,32,25,1
56,3,339,5,3.0,2,11,0,4,1,0.0,0,27,25,1
33,2,288,9,12.0,4,9,3,4,0,0.0,0,32,25,1
41,3,158,12,13.0,2,3,0,4,1,0.0,0,37,25,1
29,5,816,9,12.0,0,7,4,1,0,0.0,0,49,24,1
17,3,405,11,8.0,2,6,0,4,1,0.0,0,35,25,1
30,5,919,9,12.0,2,11,0,4,1,36.0,0,41,25,1
21,5,656,11,8.0,2,9,0,4,1,0.0,0,41,25,1
28,3,406,9,12.0,0,1,4,4,0,25.0,0,27,25,1
8,5,296,7,11.0,2,1,5,4,0,0.0,0,27,25,1
35,3,2,8,10.0,2,3,0,4,1,0.0,15,36,25,1
11,3,327,9,12.0,2,3,0,4,1,0.0,12,46,25,1
28,4,562,9,12.0,2,3,0,4,1,0.0,0,36,25,1
13,5,942,11,8.0,2,9,0,4,1,0.0,15,11,25,1
36,3,459,14,14.0,2,9,0,4,1,0.0,0,32,25,1
44,3,227,15,9.0,2,1,0,4,1,0.0,0,32,25,1
20,3,452,9,12.0,2,11,0,4,1,40.0,0,49,25,1
11,3,885,11,8.0,2,3,0,4,1,0.0,0,41,25,1
18,3,365,11,8.0,2,6,0,4,1,0.0,0,36,25,1
27,3,588,9,12.0,2,3,0,4,1,36.0,0,49,25,1
21,3,173,5,3.0,2,6,5,4,0,0.0,0,41,1,1
29,6,77,9,12.0,2,9,0,4,1,0.0,0,7,25,1
22,3,880,9,12.0,5,9,4,4,0,0.0,0,41,25,1
24,3,843,9,12.0,2,2,0,4,1,33.0,0,44,25,1
14,3,220,11,8.0,2,13,0,4,1,0.0,0,32,25,1
31,6,236,9,12.0,2,3,0,4,1,27.0,0,32,25,1
26,0,208,9,12.0,2,0,5,4,0,0.0,0,5,25,1
15,3,563,14,14.0,2,11,0,4,1,36.0,0,49,25,1
21,5,758,9,12.0,0,9,1,4,1,39.0,0,27,25,1
48,0,144,11,8.0,2,0,0,1,1,0.0,0,39,25,1
23,3,576,15,9.256509787558391,2,6,0,4,1,0.0,0,32,25,1
23,3,169,9,10.287917928600216,2,1,1,4,0,0.0,0,35,25,1
47,3,496,11,8.112175984614357,2,1,0,4,0,0.0,10,36,25,1
27,5,-81,12,12.77340256630916,2,3,0,4,1,43.600807189941406,0,57,25,1
33,5,50,0,12.35863243859495,2,11,0,4,1,35.78484344482422,0,51,25,1
37,2,48,10,13.856433391919063,3,4,0,4,1,35.61569595336914,0,43,25,1
19,3,-57,10,9.124924632946597,2,11,0,4,1,39.84760665893555,0,40,25,1
21,3,150,10,8.09098511442375,2,2,0,4,1,0.0,0,32,25,1
23,3,530,12,9.15070368875406,2,9,0,4,0,0.0,15,35,25,1
15,3,846,9,12.431824369010014,0,6,1,4,0,0.0,15,32,25,1
32,5,71,9,10.452057680083264,2,6,0,4,0,0.0,14,33,25,1
59,4,19,9,12.23590092336056,2,3,0,4,1,34.4780387878418,0,48,25,1
19,3,908,15,11.436280339671477,2,6,0,4,0,0.0,0,32,25,1
18,3,164,9,12.145645564690128,0,6,1,4,0,33.684173583984375,0,32,25,1
35,4,64,0,8.079356096337671,2,2,0,4,1,0.0,0,32,25,1
24,4,-66,12,9.104100159320383,2,2,0,4,1,40.97183609008789,0,54,25,1
11,3,534,15,9.150582851090965,2,6,3,4,0,0.0,0,32,25,1
21,3,507,9,12.491437266951625,2,3,0,4,0,23.417011260986328,11,35,25,1
28,5,8,10,10.991972529663142,2,2,0,4,1,39.0328369140625,0,49,25,1
10,0,409,8,9.196927220547094,2,6,0,4,0,0.0,14,33,25,1
21,3,96,11,8.04538455380406,2,2,0,4,1,0.0,0,35,25,1
19,3,318,15,9.163408128454163,2,6,0,4,1,0.0,0,32,25,1
19,3,350,15,9.257701806044563,2,6,0,4,1,0.0,0,32,25,1
14,2,871,8,12.08892908272752,2,8,0,4,0,0.0,10,27,25,1
54,3,177,11,8.064025061715064,2,2,3,4,1,0.0,0,34,25,1
31,3,291,15,9.291915984427218,2,3,0,4,1,32.16645050048828,0,51,25,1
57,4,-45,11,8.045290241382501,2,7,0,2,1,0.0,0,58,25,1
47,0,635,8,7.014352160927451,2,2,0,4,0,0.0,8,36,15,1
10,3,909,15,9.13279908050608,2,6,0,4,0,0.0,0,32,25,1
28,5,110,15,9.306262886580836,2,6,0,1,1,0.0,0,32,25,1
31,3,198,10,9.1645756335226,2,2,0,4,1,0.0,0,36,25,1
28,0,496,11,8.127267054906609,2,6,3,1,0,0.0,0,32,24,1
25,1,277,11,8.103980176898444,2,6,0,4,1,0.0,0,32,25,1
9,3,602,15,9.043632304903849,2,10,3,4,1,0.0,9,32,25,1
8,3,402,11,11.362251409736423,2,3,0,4,1,0.0,0,36,25,1
33,3,927,9,9.263194985299272,2,3,0,4,0,0.0,0,35,25,1
32,5,28,12,9.178064708852045,2,6,0,2,1,0.0,0,32,25,1
21,5,326,4,9.208992756489645,2,6,0,4,1,0.0,0,32,25,1
51,0,251,12,6.791513430124867,2,9,0,4,1,0.0,0,32,25,1
27,0,533,10,8.12728013819529,2,6,0,4,1,0.0,11,32,25,1
21,3,321,9,12.320193959658146,4,1,1,4,1,0.0,0,51,25,1
33,5,857,9,13.978074581011615,2,13,0,4,0,0.0,15,32,25,1
6,3,845,15,9.243395013871554,2,6,0,4,1,0.0,0,32,25,1
23,3,264,14,9.185392634126316,2,11,0,4,1,0.0,0,32,25,1
23,3,388,10,8.123553299080381,2,4,0,4,1,0.0,0,35,25,1
15,3,480,9,12.236908375959809,5,7,1,4,0,35.942100524902344,0,34,25,1
28,3,842,11,8.139972253107645,3,8,0,4,0,0.0,0,32,25,1
22,3,619,12,6.675639083872158,3,7,2,2,0,0.0,7,27,25,1
32,5,218,11,8.12257419263608,2,6,0,1,1,0.0,0,32,25,1
16,3,184,9,12.23589949741857,2,6,1,4,0,0.0,0,32,25,1
33,3,871,9,12.47263315689305,2,6,5,4,0,0.0,0,32,25,1
10,3,540,8,10.332281568675835,1,10,1,4,0,0.0,0,36,25,1
24,3,108,1,8.126067634543631,2,2,0,4,1,0.0,0,32,25,1
10,0,409,8,9.196927220547094,2,6,0,4,0,0.0,14,33,25,1
17,5,494,9,13.71279184194942,2,1,0,4,1,33.37285614013672,0,48,25,1
36,4,104,12,9.158193386719107,2,6,0,4,1,0.0,0,32,25,1
31,0,392,3,13.992550052927983,2,3,0,2,1,23.00297164916992,0,54,21,1
21,3,150,10,8.09098511442375,2,2,0,4,1,0.0,0,32,25,1
22,4,172,14,9.153028782459808,2,9,0,4,1,0.0,0,48,25,1
36,5,178,10,9.052930878902943,2,6,0,4,1,37.57368850708008,0,49,25,1
22,5,36,15,9.253755256852996,2,6,0,4,1,0.0,0,32,25,1
29,3,669,15,9.122016342026772,2,6,0,4,0,0.0,15,32,25,1
30,3,463,14,8.09663126052304,2,13,0,3,0,24.300518035888672,0,30,25,1
17,3,224,9,9.094028198891415,2,3,0,4,1,38.87925338745117,0,35,25,1
38,4,409,12,8.085286138335983,2,8,0,1,1,0.0,5,33,25,1
37,3,626,15,9.11190560438554,2,6,0,4,1,0.0,0,32,25,1
24,5,-66,9,6.172676968063685,2,3,0,2,1,35.434322357177734,0,54,25,1
21,3,797,9,13.507708485358537,2,6,0,4,1,0.0,0,56,25,1
35,3,10,4,13.479579796807275,2,6,0,3,1,25.632917404174805,0,33,25,1
46,6,485,11,8.06032210246835,2,4,0,4,0,0.0,0,42,20,1
28,6,797,15,12.251479569033954,2,6,0,4,0,0.0,0,32,25,1
18,3,459,9,12.391116413254634,2,1,4,4,0,0.0,0,26,25,1
13,3,437,15,9.19129917782911,2,6,0,4,1,0.0,21,53,25,1
15,0,550,9,12.275004973012546,2,6,0,4,1,0.0,0,32,25,1
53,6,323,9,11.940695738262026,2,3,1,4,0,23.16798973083496,0,26,25,1
53,0,271,11,8.12218504441856,2,6,0,1,1,0.0,0,33,25,1
25,3,107,11,8.046673885151169,2,2,0,4,1,0.0,0,35,25,1
4,3,276,14,9.165504350929586,2,9,0,4,1,39.09106063842773,0,50,25,1
12,3,309,10,9.222222227585426,2,2,0,4,1,0.0,0,35,25,1
39,5,66,11,8.08435675985407,4,9,0,4,1,41.54955673217773,0,50,25,1
46,4,363,11,8.128317769107177,2,10,0,4,1,0.0,0,41,25,1
51,2,58,12,6.467256312505425,2,7,1,2,1,0.0,22,31,25,1
21,3,507,9,12.491437266951625,2,3,0,4,0,23.417011260986328,11,35,25,1
29,3,669,15,9.122016342026772,2,6,0,4,0,0.0,15,32,25,1
8,3,373,15,9.12961163015042,2,6,0,4,1,0.0,0,32,25,1
9,0,796,8,8.144782406360552,2,6,5,4,0,0.0,21,32,25,1
46,3,653,9,13.931791739051793,2,0,2,2,0,0.0,14,27,25,1
21,3,-23,10,9.163004569373172,2,3,0,4,1,0.0,0,35,25,1
6,3,189,14,11.213262322413213,2,8,0,4,0,36.7030143737793,0,32,25,1
25,5,207,10,8.051598434374425,0,4,0,4,1,41.499393463134766,0,38,25,1
18,1,23,11,8.064591675125378,2,2,0,4,1,0.0,0,35,25,1
21,3,720,9,12.266532681329403,2,1,1,4,0,0.0,0,32,25,1
18,3,48,10,9.120237009024326,2,2,0,4,1,36.602813720703125,0,35,25,1
28,5,550,5,12.84786990872508,2,2,0,4,1,39.53232955932617,0,55,25,1
8,0,632,15,9.177720838753268,2,6,5,4,0,0.0,12,33,25,1
49,0,766,8,8.034344009813182,2,7,2,1,0,0.0,23,29,25,1
59,4,52,12,6.45858414712583,2,7,0,2,1,0.0,0,27,17,1
32,5,102,9,11.780836828090086,2,3,0,4,1,37.68691253662109,0,62,25,1
4,3,539,10,8.112398387782639,2,6,0,4,1,0.0,0,32,25,1
51,5,28,9,12.0513505574425,2,3,0,2,0,0.0,0,27,25,1
27,5,-81,12,12.77340256630916,2,3,0,4,1,43.600807189941406,0,57,25,1
39,3,827,12,10.20722209917072,2,9,0,4,0,36.38262939453125,0,36,25,1
17,3,223,11,8.167842715440552,0,1,0,4,0,0.0,0,32,25,1
19,4,56,12,13.48663514367269,2,9,1,2,1,0.0,0,54,25,1
14,3,-58,14,9.01603993744269,2,6,0,4,1,35.67131042480469,0,35,25,1
12,3,486,15,9.158646369292816,2,6,5,4,0,0.0,0,32,25,1
52,2,451,11,8.133408136593644,2,6,3,1,0,0.0,0,32,25,1
31,5,254,9,12.125376749968371,2,3,0,4,1,27.04873275756836,0,47,25,1
27,5,201,10,8.167890551612903,2,9,0,4,1,0.0,0,48,25,1
28,6,139,10,12.351278970497306,2,13,0,4,0,0.0,0,32,25,1
16,3,296,15,9.277343527097845,2,11,0,4,1,0.0,0,32,25,1
46,4,643,9,9.253609683644106,2,6,0,4,1,0.0,0,32,25,1
10,3,718,14,10.06458019481592,3,4,0,4,0,28.269821166992188,0,43,25,1
22,3,502,15,9.13507877282357,2,6,0,4,1,0.0,0,32,25,1
44,0,787,12,8.121687599183419,2,8,0,4,0,0.0,25,26,25,1
30,5,123,9,12.221499155140696,2,6,0,4,1,0.0,0,49,25,1
44,4,-125,11,13.444338294685354,2,7,0,4,1,41.86300277709961,0,48,25,1
9,3,-6,15,9.203758800677642,2,2,0,4,1,36.13947296142578,0,32,25,1
23,3,429,10,8.022595667229673,2,2,0,4,1,36.81303787231445,0,36,25,1
13,3,633,15,9.18297973637283,2,6,0,4,1,0.0,0,32,25,1
17,3,625,8,10.25969889792724,2,1,4,2,0,0.0,0,32,25,1
22,3,114,15,9.191240916812976,2,4,0,4,1,36.50202178955078,0,35,25,1
41,3,568,15,9.064997180393975,2,6,0,4,1,0.0,15,32,25,1
34,1,530,11,8.11220418948402,2,6,0,4,1,0.0,0,32,25,1
21,3,-78,3,10.18119180665198,2,13,0,4,1,38.974422454833984,0,51,25,1
32,5,28,12,9.178064708852045,2,6,0,2,1,0.0,0,32,25,1
28,3,822,11,8.07143431791213,2,7,0,4,1,0.0,0,41,25,1
14,3,110,9,12.37495695026854,2,6,0,4,0,34.68352127075195,0,36,25,1
14,2,871,8,12.08892908272752,2,8,0,4,0,0.0,10,27,25,1
33,0,467,9,12.37709127401094,0,8,4,4,0,0.0,22,32,25,1
26,3,106,15,9.24457095980616,2,6,0,4,1,20.54181671142578,0,41,25,1
48,3,144,12,14.369226072911845,0,7,1,4,1,37.77122116088867,0,56,25,1
25,5,449,15,9.189613955724592,2,11,0,4,1,0.0,0,32,25,1
15,0,227,8,12.245880288213057,2,6,1,4,0,0.0,0,32,25,1
30,3,509,15,9.304176786798305,2,6,0,4,1,0.0,0,32,25,1
15,4,412,12,8.11686347088895,2,3,0,4,1,0.0,7,31,25,1
16,3,334,10,9.1537827009521,2,11,0,4,1,0.0,0,39,25,1
11,3,335,10,8.207497182510089,2,6,0,4,1,0.0,0,32,25,1
11,3,741,10,10.1532615004381,0,11,0,4,1,39.07066345214844,0,35,25,1
13,2,89,11,8.095443267336252,2,7,0,4,0,34.457889556884766,0,32,25,1
38,5,0,10,8.090097489085615,2,2,0,4,1,36.41455841064453,0,52,25,1
24,3,319,11,8.125519792531442,2,4,0,4,1,0.0,0,35,25,1
30,3,176,9,12.160236229247966,3,9,0,4,1,39.07166290283203,0,49,25,1
56,4,13,12,13.693865498493688,2,8,0,3,1,0.0,15,34,25,1
17,3,625,8,10.25969889792724,2,1,4,2,0,0.0,0,32,25,1
32,0,747,9,12.450254554465156,1,0,0,4,0,0.0,25,21,25,1
29,3,340,10,9.163252289755777,2,9,0,4,1,35.841888427734375,0,32,25,1
26,0,114,11,8.109463285092607,2,6,3,4,1,0.0,21,32,25,1
35,5,621,8,8.10355558150394,2,1,1,4,0,0.0,0,32,25,1
15,3,590,9,12.347616659769736,2,1,0,4,0,20.254188537597656,0,47,25,1
37,4,731,12,13.15792141506578,2,3,0,4,1,0.0,17,32,25,1
36,4,391,11,8.14135197316364,2,2,0,4,1,0.0,0,32,25,1
24,3,312,15,9.166779334245108,2,6,5,4,0,0.0,0,32,25,1
22,3,488,10,8.150312127751688,2,6,0,4,1,0.0,0,36,25,1
36,3,251,11,8.143784675020385,2,4,3,4,0,0.0,0,32,25,1
14,3,106,15,9.211751777355056,2,6,0,4,1,0.0,0,32,25,1
18,3,334,14,8.157262156694188,2,2,0,4,1,0.0,0,35,25,1
53,4,119,12,13.516263322096185,2,9,0,4,0,25.906253814697266,15,32,25,1
40,3,541,12,9.025812079534864,2,6,2,3,0,0.0,16,29,25,1
25,4,27,10,14.118377465842975,2,9,0,4,1,0.0,17,34,25,1
21,3,507,9,12.491437266951625,2,3,0,4,0,23.417011260986328,11,35,25,1
7,3,735,9,12.204012369626335,2,6,0,4,1,0.0,0,36,25,1
24,2,364,15,9.164979636859703,2,2,0,4,1,36.17809677124024,0,32,25,1
44,3,23,12,8.118437108978373,2,6,5,4,1,0.0,0,32,25,1
18,3,466,9,9.166527615557476,2,6,0,4,1,0.0,0,32,25,1
17,3,223,11,8.167842715440552,0,1,0,4,0,0.0,0,32,25,1
32,3,490,10,7.357012317911088,1,4,0,4,1,35.40378952026367,0,35,25,1
26,3,381,11,8.140986278046864,2,10,0,4,1,0.0,0,32,25,1
8,3,620,15,9.308820881554515,2,6,5,4,0,0.0,0,32,25,1
57,3,56,12,13.553972582942778,2,7,0,4,0,36.62679672241211,0,31,25,1
22,3,488,10,8.150312127751688,2,6,0,4,1,0.0,0,36,25,1
16,3,897,9,11.934878964410252,2,1,4,2,0,0.0,0,35,25,1
26,5,215,9,12.180430534403351,0,1,1,4,0,34.0117073059082,0,23,25,1
28,3,192,15,9.18937231213098,0,6,0,4,1,0.0,22,36,25,1
46,3,238,15,9.146039380344646,2,6,0,1,1,0.0,0,32,25,1
41,3,158,10,8.051251357783851,2,6,0,4,1,0.0,0,32,25,1
13,3,912,8,10.354929745171816,6,1,3,2,0,0.0,0,32,25,1
41,3,568,15,9.064997180393975,2,6,0,4,1,0.0,15,32,25,1
12,3,239,15,12.434978651026793,2,6,1,4,0,0.0,0,30,25,1
33,5,80,12,13.705643043991603,2,9,0,4,0,27.836973190307617,0,35,25,1
12,5,76,9,12.285919034642664,2,6,0,4,1,18.436603546142575,0,32,25,1
40,5,-40,10,13.144322442036236,2,9,0,4,1,42.227294921875,0,52,25,1
24,5,-49,15,9.159197913258746,2,3,0,4,1,39.08818054199219,0,53,25,1
17,3,154,10,9.228156188236987,0,11,0,4,0,0.0,0,35,25,1
16,3,78,10,9.174584422318745,2,11,0,4,1,0.0,0,41,25,1
15,3,859,9,12.401718898365454,2,1,0,4,0,0.0,0,32,25,1
40,0,827,11,8.160773089697512,2,6,0,1,1,0.0,22,32,25,1
10,3,159,11,8.144483388880548,2,0,3,4,1,0.0,0,36,25,1
28,5,851,10,10.217472128014212,2,10,0,4,1,0.0,22,32,25,1
47,5,213,9,12.153770008479054,2,8,0,4,0,0.0,18,44,25,1
45,1,-71,12,13.512746329647957,2,3,1,4,0,40.24748992919922,0,32,25,1
17,5,494,9,13.71279184194942,2,1,0,4,1,33.37285614013672,0,48,25,1
36,3,251,11,8.143784675020385,2,4,3,4,0,0.0,0,32,25,1
56,4,13,12,13.693865498493688,2,8,0,3,1,0.0,15,34,25,1
28,6,139,10,12.351278970497306,2,13,0,4,0,0.0,0,32,25,1
25,3,148,10,8.117856794422025,2,11,0,4,1,0.0,0,35,25,1
49,0,832,12,12.964512667865316,2,7,0,1,1,0.0,8,48,25,1
20,3,13,9,12.15436562608617,2,3,0,4,1,37.9018669128418,0,50,25,1
19,3,685,15,9.255984359505469,2,6,3,4,0,0.0,0,33,25,1
12,3,786,15,8.142191749590099,2,6,0,4,0,0.0,20,32,25,1
20,5,449,10,9.169159959965146,2,6,0,4,1,0.0,0,50,25,1
28,3,822,11,8.07143431791213,2,7,0,4,1,0.0,0,41,25,1
62,2,913,8,13.929001143810222,3,6,3,4,0,0.0,28,21,25,1
0,3,519,13,9.022574071246767,2,6,0,4,1,0.0,0,32,25,1
38,3,-42,9,11.957455024974346,2,9,0,4,1,38.08213424682617,0,49,25,1
28,3,341,11,8.036717996112438,4,4,0,4,1,28.6240234375,0,35,25,1
25,5,-58,10,8.030288384596235,2,2,0,4,1,34.02206039428711,0,32,25,1
33,5,857,9,13.978074581011615,2,13,0,4,0,0.0,15,32,25,1
34,5,753,12,13.438491734390563,2,8,0,4,0,27.076358795166016,0,32,25,1
14,3,106,15,9.211751777355056,2,6,0,4,1,0.0,0,32,25,1
14,3,22,9,11.464500659531048,2,6,1,4,0,23.31652069091797,0,49,25,1
28,3,341,11,8.036717996112438,4,4,0,4,1,28.6240234375,0,35,25,1
32,0,747,9,12.450254554465156,1,0,0,4,0,0.0,25,21,25,1
26,0,23,8,12.151226799969324,2,9,0,4,1,0.0,0,32,25,1
8,0,632,15,9.177720838753268,2,6,5,4,0,0.0,12,33,25,1
28,6,797,15,12.251479569033954,2,6,0,4,0,0.0,0,32,25,1
37,2,488,11,8.136325327790114,4,7,0,1,0,0.0,15,32,25,1
19,3,908,15,11.436280339671477,2,6,0,4,0,0.0,0,32,25,1
21,3,169,11,8.099496844706408,2,0,1,4,1,34.47101593017578,0,32,25,1
10,3,411,15,9.21255465921766,2,6,0,4,1,35.87552261352539,0,39,25,1
56,0,900,12,14.016156653347574,0,0,1,4,0,0.0,0,19,25,1
16,1,315,1,6.306570137330483,2,7,3,2,0,19.17140388488769,0,32,25,1
56,4,13,12,13.693865498493688,2,8,0,3,1,0.0,15,34,25,1
15,3,480,9,12.236908375959809,5,7,1,4,0,35.942100524902344,0,34,25,1
12,3,897,15,9.187794726936447,2,6,4,1,1,0.0,0,32,16,1
30,2,367,11,8.100566202911832,2,6,0,4,1,0.0,0,32,25,1
43,3,516,9,13.124461480470544,2,9,0,4,1,29.11054229736328,0,51,25,1
31,2,159,10,7.9982643288361155,2,6,5,1,1,0.0,19,32,25,1
35,4,-41,11,8.12243963986581,2,4,0,4,1,39.2358283996582,0,35,25,1
47,1,886,9,12.222296125590503,2,1,0,4,1,0.0,8,28,18,1
13,3,70,15,9.286379379137337,2,6,0,4,1,0.0,0,32,25,1
19,3,560,9,12.303358895192543,2,6,0,4,1,0.0,0,32,25,1
15,3,627,0,12.13747260609336,2,3,0,4,1,35.50938415527344,0,53,25,1
32,3,638,6,12.548602560057208,2,6,0,4,1,20.04082298278809,0,50,25,1
39,3,827,12,10.20722209917072,2,9,0,4,0,36.38262939453125,0,36,25,1
17,5,595,10,9.161915237514568,2,3,0,4,1,38.49613952636719,0,48,25,1
24,3,15,11,8.098877949098672,2,2,0,4,1,0.0,0,36,25,1
22,5,347,15,9.12922570645054,2,6,0,4,0,34.7424201965332,0,32,25,1
19,3,183,15,9.144184182677533,2,6,0,4,0,0.0,0,32,25,1
12,3,897,15,9.187794726936447,2,6,4,1,1,0.0,0,32,16,1
36,4,104,12,9.158193386719107,2,6,0,4,1,0.0,0,32,25,1
17,4,215,10,13.669377521286966,2,3,0,4,1,39.4676513671875,0,58,25,1
25,4,27,10,14.118377465842975,2,9,0,4,1,0.0,17,34,25,1
28,5,8,10,10.991972529663142,2,2,0,4,1,39.0328369140625,0,49,25,1
21,3,200,9,12.242017149127204,4,12,0,4,1,0.0,0,32,25,1
18,5,165,12,13.91202204913114,2,9,1,4,0,0.0,26,30,25,1
50,3,570,8,10.345487976429157,2,1,1,4,0,0.0,0,32,25,1
7,3,448,15,9.29064944197787,2,6,0,4,1,0.0,0,32,25,1
48,3,144,12,14.369226072911845,0,7,1,4,1,37.77122116088867,0,56,25,1
35,4,391,10,8.098179540982352,2,9,0,4,1,37.0098991394043,0,47,25,1
31,3,730,9,9.316580322312404,2,8,1,4,0,0.0,25,32,25,1
20,0,152,14,9.001732284027636,2,6,4,4,0,0.0,0,32,25,1
44,3,540,1,9.136415507738985,2,6,0,4,0,0.0,0,32,25,1
46,4,-48,11,8.028138863643793,2,2,0,4,1,38.529579162597656,0,49,25,1
12,3,355,11,8.09847219516859,2,11,0,4,1,0.0,0,36,25,1
10,3,159,11,8.144483388880548,2,0,3,4,1,0.0,0,36,25,1
31,3,286,10,8.167523722696036,2,1,0,4,0,0.0,0,35,25,1
38,5,55,12,14.251836697912635,2,6,0,4,1,0.0,15,24,25,1
34,3,400,11,8.08693301481551,0,7,0,4,0,0.0,0,36,25,1
47,0,635,8,7.014352160927451,2,2,0,4,0,0.0,8,36,15,1
39,3,842,8,6.956705306441704,1,1,0,4,0,0.0,0,40,25,1
20,0,152,14,9.001732284027636,2,6,4,4,0,0.0,0,32,25,1
18,3,466,9,9.166527615557476,2,6,0,4,1,0.0,0,32,25,1
13,0,61,15,9.195084398586022,2,6,5,4,1,0.0,14,32,25,1
39,5,66,11,8.08435675985407,4,9,0,4,1,41.54955673217773,0,50,25,1
62,2,913,8,13.929001143810222,3,6,3,4,0,0.0,28,21,25,1
20,0,152,14,9.001732284027636,2,6,4,4,0,0.0,0,32,25,1
8,3,373,15,9.12961163015042,2,6,0,4,1,0.0,0,32,25,1
22,3,510,15,9.132275286681004,2,6,0,4,1,0.0,14,32,25,1
48,1,598,11,8.023647424462629,2,6,0,1,1,0.0,7,32,0,1
46,3,653,9,13.931791739051793,2,0,2,2,0,0.0,14,27,25,1
42,3,532,8,10.28109222235704,2,9,0,4,0,0.0,17,32,25,1
24,4,8,12,8.070925636590703,2,2,0,4,1,0.0,0,32,25,1
12,3,897,15,9.187794726936447,2,6,4,1,1,0.0,0,32,16,1
30,2,367,11,8.100566202911832,2,6,0,4,1,0.0,0,32,25,1
19,3,411,11,8.095181174795146,2,4,0,4,1,0.0,0,35,25,1
13,3,68,10,8.102409086674392,2,2,0,4,1,0.0,0,32,25,1
9,3,114,11,8.094463536664936,2,4,0,4,1,0.0,0,35,25,1
10,3,718,14,10.06458019481592,3,4,0,4,0,28.269821166992188,0,43,25,1
25,4,27,10,14.118377465842975,2,9,0,4,1,0.0,17,34,25,1
28,5,550,5,12.84786990872508,2,2,0,4,1,39.53232955932617,0,55,25,1
50,3,570,8,10.345487976429157,2,1,1,4,0,0.0,0,32,25,1
32,3,638,6,12.548602560057208,2,6,0,4,1,20.04082298278809,0,50,25,1
39,4,80,8,9.119978697893282,2,6,5,4,0,0.0,23,33,25,1
23,3,764,15,9.144693934836136,2,6,0,4,1,0.0,0,32,25,1
33,3,516,11,8.065033978184212,3,6,0,4,1,0.0,23,32,25,1
12,3,128,8,9.079627748009733,0,1,3,4,0,0.0,0,32,25,1
56,4,152,12,8.141847660371672,1,13,0,4,0,0.0,26,30,25,1
15,3,800,15,9.205658836479724,2,6,0,4,1,0.0,6,32,25,1
28,3,27,14,14.226837658163884,2,3,0,4,1,34.53186798095703,0,38,25,1
21,3,603,9,12.36800982646687,2,6,1,4,1,0.0,0,35,25,1
16,3,897,9,11.934878964410252,2,1,4,2,0,0.0,0,35,25,1
58,3,204,9,10.310973264690034,1,1,1,4,0,0.0,0,32,25,1
16,1,376,8,9.982831869913124,2,1,3,2,0,0.0,0,32,25,1
24,5,619,11,13.705587081650371,2,2,0,4,1,42.633636474609375,0,54,25,1
30,4,68,15,9.222049237427768,2,6,0,4,1,0.0,0,32,25,1
42,3,152,15,9.226184516136474,2,6,2,4,1,0.0,0,32,25,1
20,0,846,8,8.05186754628463,2,13,0,2,1,0.0,0,32,0,1
31,5,65,10,8.119771706338637,2,9,0,4,1,22.16158103942871,0,47,25,1
21,3,321,9,12.320193959658146,4,1,1,4,1,0.0,0,51,25,1
36,3,578,15,9.184525747650667,2,6,0,4,1,0.0,0,32,25,1
17,3,780,10,8.128826195642066,2,2,0,4,1,0.0,0,32,25,1
22,3,436,9,12.456644938066535,2,13,1,4,0,33.60908126831055,0,35,25,1
26,0,114,11,8.109463285092607,2,6,3,4,1,0.0,21,32,25,1
19,5,698,15,9.113303464182396,2,6,0,1,1,0.0,2,32,25,1
9,5,77,12,9.144195114551202,2,6,0,1,1,0.0,0,32,25,1
38,0,81,1,8.064319518516053,2,6,0,4,1,0.0,0,32,25,1
32,0,381,15,7.668057943044805,2,6,0,4,1,0.0,0,32,25,1
14,3,450,11,8.144997739202427,6,6,3,4,0,0.0,0,32,25,1
15,0,793,10,8.096889926185222,2,6,0,4,1,0.0,19,32,25,1
37,3,415,15,9.190076188345254,2,6,0,4,1,21.779830932617188,0,32,25,1
44,4,-125,11,13.444338294685354,2,7,0,4,1,41.86300277709961,0,48,25,1
46,4,363,11,8.128317769107177,2,10,0,4,1,0.0,0,41,25,1
19,3,411,11,8.095181174795146,2,4,0,4,1,0.0,0,35,25,1
21,3,797,9,13.507708485358537,2,6,0,4,1,0.0,0,56,25,1
21,3,321,9,12.320193959658146,4,1,1,4,1,0.0,0,51,25,1
19,3,63,15,9.14239138712819,2,6,0,4,1,0.0,0,32,25,1
25,3,-121,11,13.031956307712806,2,2,0,4,1,41.444522857666016,0,50,25,1
16,3,78,10,9.174584422318745,2,11,0,4,1,0.0,0,41,25,1
30,3,360,4,13.75476070949494,2,1,3,4,0,36.69993209838867,0,36,25,1
24,3,799,10,8.155765413181678,2,6,0,4,1,0.0,23,33,25,1
24,4,395,14,9.137312365636058,2,6,0,4,1,0.0,0,32,25,1
43,0,79,15,8.089643898983184,2,1,3,4,0,0.0,0,32,25,1
21,5,850,9,12.35329249892423,4,6,4,4,0,0.0,0,35,25,1
21,3,169,11,8.099496844706408,2,0,1,4,1,34.47101593017578,0,32,25,1
13,4,-44,10,13.637965437931204,2,2,0,4,1,39.6356201171875,0,50,25,1
16,3,296,15,9.277343527097845,2,11,0,4,1,0.0,0,32,25,1
21,3,507,9,12.491437266951625,2,3,0,4,0,23.417011260986328,11,35,25,1
50,3,179,11,8.064915699904002,2,0,0,4,1,0.0,0,32,25,1
31,4,90,11,8.154432994246305,2,2,0,1,1,35.5653076171875,0,32,25,1
16,1,315,1,6.306570137330483,2,7,3,2,0,19.17140388488769,0,32,25,1
16,3,545,15,9.261842828350176,2,11,5,4,0,0.0,0,32,25,1
34,0,570,9,12.233352060253294,2,7,0,2,0,0.0,0,49,25,1
34,3,397,9,11.993184672034715,4,3,0,4,1,36.7518310546875,0,47,25,1
17,5,15,10,8.01391360418485,2,4,0,4,1,36.46226119995117,0,43,25,1
49,5,463,9,12.465541668757767,2,6,0,4,0,0.0,10,32,25,1
44,4,-125,11,13.444338294685354,2,7,0,4,1,41.86300277709961,0,48,25,1
17,3,780,10,8.128826195642066,2,2,0,4,1,0.0,0,32,25,1
21,3,797,9,13.507708485358537,2,6,0,4,1,0.0,0,56,25,1
42,3,74,8,12.217064475560132,2,6,0,4,1,0.0,0,32,1,1
38,0,-38,12,12.887819558719633,2,10,0,4,1,0.0,0,59,25,1
18,3,206,15,12.61442089528543,2,6,0,4,0,0.0,14,32,25,1
8,3,373,15,9.12961163015042,2,6,0,4,1,0.0,0,32,25,1
16,0,488,11,8.081689864582039,2,9,0,4,0,35.10953140258789,0,32,25,1
19,4,-96,12,13.954664992102993,2,3,0,4,1,37.451602935791016,0,54,25,1
34,2,538,15,11.433071650566934,2,6,0,4,0,0.0,0,32,25,1
32,5,849,9,12.335294521402483,2,9,0,4,1,35.49397277832031,0,47,25,1
5,3,-43,15,9.339731206546414,2,6,0,4,1,0.0,0,32,25,1
34,3,63,11,8.111061688433441,2,6,3,4,0,0.0,0,32,25,1
20,5,449,10,9.169159959965146,2,6,0,4,1,0.0,0,50,25,1
35,3,425,11,8.130324760878317,2,10,0,4,1,0.0,10,39,25,1
35,4,391,10,8.098179540982352,2,9,0,4,1,37.0098991394043,0,47,25,1
40,3,541,12,9.025812079534864,2,6,2,3,0,0.0,16,29,25,1
7,3,109,11,8.121075971361655,2,6,3,4,1,0.0,0,32,25,1
51,5,28,9,12.0513505574425,2,3,0,2,0,0.0,0,27,25,1
33,3,621,7,8.137858110858303,6,13,5,4,0,0.0,0,35,25,1
10,0,409,8,9.196927220547094,2,6,0,4,0,0.0,14,33,25,1
8,3,66,10,9.209221722917707,2,11,0,4,1,0.0,0,36,25,1
45,0,858,9,12.220457397983065,2,6,0,4,0,0.0,15,32,2,1
12,3,858,15,8.10480601650132,0,6,5,4,1,0.0,0,32,25,1
21,3,-4,14,9.20499419760012,2,3,0,4,1,35.340553283691406,0,32,25,1
26,5,747,11,8.022452165082285,2,7,2,4,0,0.0,21,32,25,1
25,5,776,12,8.045802722208164,2,10,0,4,1,0.0,24,36,25,1
47,1,886,9,12.222296125590503,2,1,0,4,1,0.0,8,28,18,1
27,0,553,10,9.14651232271092,2,13,0,4,1,0.0,23,42,25,1
13,0,61,15,9.195084398586022,2,6,5,4,1,0.0,14,32,25,1
22,3,165,11,8.088106325928095,5,9,3,4,1,0.0,0,35,25,1
44,0,873,8,8.007307209029841,2,8,0,4,0,0.0,26,32,25,1
24,1,536,9,12.209491986051264,2,1,1,2,0,17.333797454833984,0,23,25,1
29,3,409,11,8.147311506703627,2,6,0,4,0,0.0,0,32,25,1
34,2,538,15,11.433071650566934,2,6,0,4,0,0.0,0,32,25,1
24,5,839,12,13.891151766499584,2,4,0,4,1,0.0,16,28,25,1
3,3,81,15,9.27992843129902,2,6,0,4,1,0.0,0,32,25,1
38,5,55,12,14.251836697912635,2,6,0,4,1,0.0,15,24,25,1
16,1,315,1,6.306570137330483,2,7,3,2,0,19.17140388488769,0,32,25,1
40,3,541,12,9.025812079534864,2,6,2,3,0,0.0,16,29,25,1
35,3,45,9,7.704018593378551,2,9,0,4,1,0.0,0,48,25,1
47,3,496,11,8.112175984614357,2,1,0,4,0,0.0,10,36,25,1
27,3,180,15,9.229943509916351,2,6,0,4,1,0.0,0,32,25,1
2,3,442,15,9.341663308120175,2,6,0,4,1,0.0,0,35,25,1
15,3,479,15,9.215030800002278,2,6,0,4,1,0.0,0,32,25,1
16,3,296,15,9.277343527097845,2,11,0,4,1,0.0,0,32,25,1
15,6,78,11,8.110091728825823,2,13,0,4,0,0.0,0,32,25,1
25,5,207,10,8.051598434374425,0,4,0,4,1,41.499393463134766,0,38,25,1
42,5,121,8,8.175371339130274,2,6,0,4,0,0.0,21,33,25,1
27,5,201,10,8.167890551612903,2,9,0,4,1,0.0,0,48,25,1
45,3,198,15,9.164067785318773,2,6,3,1,1,0.0,0,32,25,1
31,3,198,10,9.1645756335226,2,2,0,4,1,0.0,0,36,25,1
34,3,465,8,10.18600952599654,0,8,1,4,0,26.56768798828125,0,35,25,1
24,0,524,9,12.263112354596096,2,1,1,4,0,0.0,0,26,25,1
26,5,215,9,12.180430534403351,0,1,1,4,0,34.0117073059082,0,23,25,1
28,5,110,15,9.306262886580836,2,6,0,1,1,0.0,0,32,25,1
51,5,28,9,12.0513505574425,2,3,0,2,0,0.0,0,27,25,1
20,3,10,14,14.391661315337418,2,4,0,4,1,37.62917709350586,0,36,25,1
20,3,192,9,12.032040078174582,2,3,1,4,0,0.0,0,36,25,1
2,3,442,15,9.341663308120175,2,6,0,4,1,0.0,0,35,25,1
16,3,334,10,9.1537827009521,2,11,0,4,1,0.0,0,39,25,1
29,3,340,10,9.163252289755777,2,9,0,4,1,35.841888427734375,0,32,25,1
16,3,637,10,8.103663107792283,2,11,0,4,1,0.0,0,32,25,1
21,3,603,9,12.36800982646687,2,6,1,4,1,0.0,0,35,25,1
21,3,169,11,8.099496844706408,2,0,1,4,1,34.47101593017578,0,32,25,1
36,4,391,11,8.14135197316364,2,2,0,4,1,0.0,0,32,25,1
29,3,-75,4,8.123407395569881,2,2,0,4,1,38.81950759887695,0,47,25,1
28,0,496,11,8.127267054906609,2,6,3,1,0,0.0,0,32,24,1
33,0,812,10,9.195474455454397,2,0,0,4,1,0.0,15,40,25,1
22,3,348,9,12.111900286977177,2,1,4,2,0,34.8699951171875,0,24,25,1
17,3,175,15,9.166891350251076,2,6,0,4,1,0.0,0,32,25,1
9,3,602,15,9.043632304903849,2,10,3,4,1,0.0,9,32,25,1
43,4,101,11,8.141354495550358,5,7,1,4,0,0.0,29,22,25,1
32,3,231,15,9.089626525177014,2,6,5,4,0,0.0,0,32,25,1
31,3,420,9,13.631165291376725,2,9,0,4,0,38.1276969909668,0,57,25,1
48,5,352,12,13.425706445528538,2,8,0,2,0,0.0,15,26,25,1
25,1,608,7,7.09540348425755,0,7,3,4,0,0.0,0,23,25,1
22,3,619,12,6.675639083872158,3,7,2,2,0,0.0,7,27,25,1
30,3,457,10,9.151187610592874,2,6,5,4,1,0.0,0,32,25,1
25,3,107,11,8.046673885151169,2,2,0,4,1,0.0,0,35,25,1
31,2,159,10,7.9982643288361155,2,6,5,1,1,0.0,19,32,25,1
12,3,395,11,9.093165866040938,2,6,0,4,0,0.0,0,32,25,1
34,4,118,11,8.08549603148529,2,6,5,4,1,0.0,0,32,0,1
28,5,110,15,9.306262886580836,2,6,0,1,1,0.0,0,32,25,1
37,2,488,11,8.136325327790114,4,7,0,1,0,0.0,15,32,25,1
22,3,436,9,12.456644938066535,2,13,1,4,0,33.60908126831055,0,35,25,1
16,5,-148,9,11.99729995700026,2,3,0,4,1,43.2578125,0,52,25,1
46,4,643,9,9.253609683644106,2,6,0,4,1,0.0,0,32,25,1
24,3,682,15,9.062006412533217,2,3,0,4,1,0.0,0,32,25,1
5,3,-43,15,9.339731206546414,2,6,0,4,1,0.0,0,32,25,1
50,4,503,8,10.341336273565968,5,1,1,4,0,0.0,28,26,25,1
51,5,28,9,12.0513505574425,2,3,0,2,0,0.0,0,27,25,1
7,3,109,11,8.121075971361655,2,6,3,4,1,0.0,0,32,25,1
22,3,609,15,9.175213092319376,2,6,0,4,1,0.0,0,32,25,1
24,2,364,15,9.164979636859703,2,2,0,4,1,36.17809677124024,0,32,25,1
10,3,909,15,9.13279908050608,2,6,0,4,0,0.0,0,32,25,1
34,3,424,9,12.344043216369238,2,1,2,4,0,0.0,0,28,25,1
15,5,49,11,8.115836795798163,2,2,0,4,1,0.0,0,32,25,1
6,5,133,14,8.07719437907218,2,2,0,4,1,0.0,0,35,25,1
33,3,524,15,9.298054969275542,2,6,0,4,1,0.0,0,32,25,1
48,1,598,11,8.023647424462629,2,6,0,1,1,0.0,7,32,0,1
56,0,189,12,13.226941447873774,2,7,1,2,0,0.0,14,29,25,1
18,1,23,11,8.064591675125378,2,2,0,4,1,0.0,0,35,25,1
